Workbook

Sheet CCF
B2: Kondisi Terkini Fisiologis*
B3: Waktu | C3: CCF
C4: Urinasi | D4: Defekasi | E4: Kotor | F4: Energi | G4: Lapar | H4: Haus | I4: Lelah | J4: Kantuk
C5: UR | D5: DF | E5: DR | F5: EN | G5: HG | H5: TH | I5: EX | J5: SL
B6: 0.31944444 | C6: 6 | D6: 3 | E6: 2 | F6: 9 | G6: 4 | H6: 2 | I6: 1 | J6: 0.75
B8: *Rekap data setiap ada perubahan pada KAL.F
B9: CCF dan Standar Fisiologis masuk dalam perhitungan di pilih

Sheet CCE
B2: Kondisi Terkini Emosi*
B3: Waktu | C3: CCE**
B4: 0.33333333 | C4: =[1]Kal.E!L7 -> 1.0617
B6: *Rekap data setiap ada perubahan pada KAL.E
B7: **Total efek di KAL.E, terjadi perubahan di Total Efek setiap aktivitas berubah atau terinterupsi
B8: CCE dan Standar Emosi masuk dalam perhitungan di pilih

Sheet Data Agen
A1: OPERASI
B2: Rekap Data Agen Terkini
B4: Waktu | C4: Fisik | D4: CCE | E4: CCB | M4: Aktivitas | N4: Posisi Ruang | O4: Posisi Titik
E5: UR | F5: DF | G5: DR | H5: EN | I5: HG | J5: TH | K5: EX | L5: SL
E6: =CCF!C6 -> 6 | F6: =CCF!D6 -> 3 | G6: =CCF!E6 -> 2 | H6: =CCF!F6 -> 9 | I6: =CCF!G6 -> 4 | J6: =CCF!H6 -> 2 | K6: =CCF!I6 -> 1 | L6: =CCF!J6 -> 0.75 | N6: RMK01 | O6: KU02
B7: waktu terakhir | C7: Copy Kal.F | D7: copy Kal.E | E7: copy Kal.B | M7: aktivitas terakhir | N7: ruang apa | O7: duduk/tidur/berdiri dimana

Sheet Pilih_Tergabung
B1: KETERANGAN | F1: JENIS AKTIVITAS | H1: STATUS | L1: PRIORITAS
C2: Aktivitas prasyarat: hanya bisa dilakukan jika didahului aktivitas tertentu (PR;KODE AKTIVITAS PENDAHULU) | F2: 0 | G2: outdoor | H2: SL | I2: Selesai | J2: Aktivitas selesai, sisa pengulangan > 0, R: bisa terkalkulasi pada proses pilih selanjutnya | L2: 0 | M2: Tidak mengubah status R ke I, aktivitas tertunda bisa terkalkulasi di proses pilih selanjutnya
C3: Data yang bisa berubah: dari CCF & CCE; tingkat kotor diri sendiri; berubah karena waktu dibatalkan; status R/I; batas waktu insidental; status SL/ BM/ BS; sisa pengulangan; Pengali emosi; Urutan pengali emosi | F3: I | G3: indoor | H3: BM | I3: Belum mulai | J3: Aktivitas belum mulai, sisa pengulangan > 0, R/I: bisa terkalkulasi pada proses pilih selanjutnya (jika I, hanya terkalkulasi ketika waktu terkini > batas waktu I) | sisa pengulangan = 0, R/I: tidak bisa terkalkulasi pada proses pilih selanjutnya (jika I, hanya terkalkulasi pada hari/ minggu berikutnya sesuai dengan nilai prioritas 3/4) | L3: 1 | M3: Mengubah R ke I, aktivitas tidak terkalkulasi dalam proses pilih hingga 6 jam berikutnya
C4: Input data eksternal agen (tingkat fisiologis agen lain, urgensi lingkungan) dari Data Dasar Agen Dummy 25 Aug | F4: PR | G4: prerequisite | H4: BS | I4: Belum selesai | J4: Aktivitas sedang berjalan/ tertunda, sisa pengulangan > 0, status R ke I (prioritas 1-4): bisa terkalkulasi pada proses pilih selanjutnya (jika I, hanya terkalkulasi ketika waktu terkini > batas waktu I) | L4: 2 | M4: Mengubah R ke I, aktivitas tidak terkalkulasi dalam proses pilih hingga 12 jam berikutnya
C5: Total Nilai = Total Jadwal + Total EF.F + Urgensi waktu terpilih | F5: PA | G5: planned | L5: 3 | M5: Mengubah R ke I, aktivitas tidak terkalkulasi dalam proses pilih hingga 24 jam berikutnya (hari berikutnya di jadwal yang sama)
C6: Kalkulasi urgensi waktu; kalkulasi selisih nilai fisiologis; kalkulasi per karakteristik aktivitas | F6: UA | G6: unplanned | L6: 4 | M6: Mengubah R ke I, aktivitas tidak terkalkulasi dalam proses pilih hingga minggu berikutnya di jadwal yang sama
C7: Data konstan dari Data Dasar Survei Agen 25 Aug | F7: A | G7: auto (durasi = durasi alat listrik digunakan, durasi aktivitas agen = 5 menit)
B9: No | C9: Jenis | D9: Kode | E9: Aktivitas | F9: Informasi | N9: TOTAL NILAI | O9: Waktu | T9: Fisiologis | AS9: Karakter Aktivitas
T10: Total EF.F | U10: Selisih | AC10: CCF | AK10: Standar Fisiologis | AS10: TOTAL JADWAL | AT10: Keinginan | BB10: Keuntungan | BE10: Aturan | BJ10: Kebutuhan
F11: Status (SL/ BM/ BS) | G11: Kode Pengulangan Waktu (aktivitas berjalan) | H11: Status Aktivitas | I11: Status Aktivitas | J11: Pengulangan (kalau batal dalam H/M) | L11: Prioritas (kalau batal dalam H/M) | O11: Urgensi waktu terpilih | P11: 0.31944444 | Q11: Batas Mulai (Sequence by survey) | R11: Rentang Waktu Insidental | U11: Urinasi | V11: Defekasi | W11: Kotor | X11: Energi | Y11: Lapar | Z11: Haus | AA11: Lelah | AB11: Kantuk | AC11: Urinasi | AD11: Defekasi | AE11: Kotor | AF11: Energi | AG11: Lapar | AH11: Haus | AI11: Lelah | AJ11: Kantuk | AK11: Urinasi | AL11: Defekasi | AM11: Kotor | AN11: Energi | AO11: Lapar | AP11: Haus | AQ11: Lelah | AR11: Kantuk | AT11: Total | AU11: SN | AV11: Emosi | BB11: Total | BC11: SN | BD11: Nilai Matriks | BE11: Total | BF11: Pengaruh agen otoritas | BG11: Obligate time (belum diperhitungkan) | BH11: Otoritas | BI11: Kepatuhan | BJ11: Total | BK11: SN Urgensi | BL11: Diri sendiri | BM11: Ayah | BO11: Nenek | BQ11: Anak 1 | BS11: Anak 2 | BV11: Urgensi Lingkungan
H12: DI/MI | I12: R/I | J12: Jumlah | K12: Sisa | P12: Selisih batas waktu | R12: Waktu dibatalkan | S12: Batas Waktu Insidental | U12: UR | V12: DF | W12: DR | X12: EN | Y12: HG | Z12: TH | AA12: EX | AB12: SL | AC12: UR | AD12: DF | AE12: DR | AF12: EN | AG12: HG | AH12: TH | AI12: EX | AJ12: SL | AK12: UR | AL12: DF | AM12: DR | AN12: EN | AO12: HG | AP12: TH | AQ12: EX | AR12: SL | AV12: Pengali Emosi | AW12: Urutan Pengali Emosi | AX12: YA/ TIDAK | AY12: TOTAL EF.E | AZ12: CCE | BA12: Standar Emosi | BL12: Kotor | BM12: Lapar | BN12: Haus | BO12: Lapar | BP12: Haus | BQ12: Lapar | BR12: Haus | BS12: Lapar | BT12: Haus | BU12: Kotor
B13: 1 | C13: PA-I | D13: A1 | E13: Membereskan kasur & karpet tidur di pagi hari | G13: H | H13: DI | I13: =IF(R13>0,IF(S13-$P$11>0,"I","R"),"R") -> R | J13: 2 | L13: 0 | M13: 0.25 | N13: =IF(I13="I",0,IF(AX13="YA",O13+T13+AS13,0)) -> 16.364583 | O13: =IF(P13="-",5,IF(10-(P13/60)>10,10+(P13/60*10),10-(P13/60))) -> 7.3333333 | P13: =IF(Q13="-","-",IF((Q13-$P$11)*1440>1,(Q13-$P$11)*1440,-1*(Q13-$P$11)*1440)) -> 160 | Q13: 0.20833333 | S13: =IF(L13=0,0,IF(L13=1,R13+$M$13,IF(L13=2,R13+$M$14,IF(L13=3,R13+$M$15,IF(L13=4,R13+$M$16,0))))) -> 0 | T13: =SUM(U13:AB13)/8 -> 4.03125 | U13: =AK13-$AC$13 -> 3 | V13: =AL13-$AD$13 -> 5 | W13: =AM13-$AE$13 -> 7 | X13: =$AF$13-AN13 -> 2 | Y13: =AO13-$AG$13 -> 5 | Z13: =AP13-$AH$13 -> 7 | AA13: =AQ13-$AH$13 -> 1 | AB13: =AR13-$AJ$13 -> 2.25 | AC13: 6 | AD13: 3 | AE13: 2 | AF13: 9 | AG13: 4 | AH13: 2 | AI13: 1 | AJ13: 0.75 | AK13: 9 | AL13: 8 | AM13: 9 | AN13: 7 | AO13: 9 | AP13: 9 | AQ13: 3 | AR13: 3 | AS13: =(AT13+BB13+BE13+BJ13)/4 -> 5 | AT13: =AU13*AV13 -> 0 | AU13: 3 | AV13: =IF(AW13=1,1,IF(AW13=2,0.9,IF(AW13=3,0.8,IF(AW13=4,0.7,IF(AW13=5,0.6,IF(AW13=6,0.5,IF(AW13=7,0.4,IF(AW13=8,0.3,IF(AW13=9,0.2,IF(AW13=10,0.1,IF(AW13=0,0,0))))))))))) -> 0 | AX13: =IF($AZ$13>=BA13,"YA","TIDAK") -> YA | AY13: =IF($AZ$13-BA13>0,$AZ$13-BA13,"0") -> 0.26 | AZ13: 1.01 | BA13: 0.75 | BB13: =BC13+BD13 -> 5 | BC13: 5 | BE13: =BF13*BH13*BI13 -> 0 | BJ13: =SUM(BK13:BV13) -> 15 | BK13: 5 | BV13: 10
B14: 2 | C14: PA-I;A | D14: A2 | E14: Mengisi ulang daya gadget | G14: H | H14: DI | I14: =IF(R14>0,IF(S14-$P$11>0,"I","R"),"R") -> R | J14: 3 | L14: 0 | M14: 0.5 | N14: =IF(I14="I",0,IF(AX14="YA",O14+T14+AS14,0)) -> 15.697917 | O14: =IF(P14="-",5,IF(10-(P14/60)>10,10+(P14/60*10),10-(P14/60))) -> 7.4166667 | P14: =IF(Q14="-","-",IF((Q14-$P$11)*1440>1,(Q14-$P$11)*1440,-1*(Q14-$P$11)*1440)) -> 155 | Q14: 0.21180556 | S14: =IF(L14=0,0,IF(L14=1,R14+$M$13,IF(L14=2,R14+$M$14,IF(L14=3,R14+$M$15,IF(L14=4,R14+$M$16,0))))) -> 0 | T14: =SUM(U14:AB14)/8 -> 4.53125 | U14: =AK14-$AC$13 -> 3 | V14: =AL14-$AD$13 -> 5 | W14: =AM14-$AE$13 -> 7 | X14: =$AF$13-AN14 -> 2 | Y14: =AO14-$AG$13 -> 5 | Z14: =AP14-$AH$13 -> 7 | AA14: =AQ14-$AH$13 -> 3 | AB14: =AR14-$AJ$13 -> 4.25 | AK14: 9 | AL14: 8 | AM14: 9 | AN14: 7 | AO14: 9 | AP14: 9 | AQ14: 5 | AR14: 5 | AS14: =(AT14+BB14+BE14+BJ14)/4 -> 3.75 | AT14: =AU14*AV14 -> 0 | AU14: 5 | AV14: =IF(AW14=1,1,IF(AW14=2,0.9,IF(AW14=3,0.8,IF(AW14=4,0.7,IF(AW14=5,0.6,IF(AW14=6,0.5,IF(AW14=7,0.4,IF(AW14=8,0.3,IF(AW14=9,0.2,IF(AW14=10,0.1,IF(AW14=0,0,0))))))))))) -> 0 | AX14: =IF($AZ$13>=BA14,"YA","TIDAK") -> YA | AY14: =IF($AZ$13-BA14>0,$AZ$13-BA14,"0") -> 0.76 | BA14: 0.25 | BB14: =BC14+BD14 -> 8 | BC14: 8 | BE14: =BF14*BH14*BI14 -> 0 | BJ14: =SUM(BK14:BV14) -> 7 | BK14: 7
B15: 3 | C15: PR;A55 | D15: A3 | E15: Mematikan lampu garasi di pagi hari | G15: H | H15: DI | I15: =IF(R15>0,IF(S15-$P$11>0,"I","R"),"R") -> R | J15: 3 | L15: 0 | M15: 0.99930556 | N15: =IF(I15="I",0,IF(AX15="YA",O15+T15+AS15,0)) -> 15.747917 | O15: =IF(P15="-",5,IF(10-(P15/60)>10,10+(P15/60*10),10-(P15/60))) -> 7.4666667 | P15: =IF(Q15="-","-",IF((Q15-$P$11)*1440>1,(Q15-$P$11)*1440,-1*(Q15-$P$11)*1440)) -> 152 | Q15: 0.21388889 | S15: =IF(L15=0,0,IF(L15=1,R15+$M$13,IF(L15=2,R15+$M$14,IF(L15=3,R15+$M$15,IF(L15=4,R15+$M$16,0))))) -> 0 | T15: =SUM(U15:AB15)/8 -> 4.53125 | U15: =AK15-$AC$13 -> 3 | V15: =AL15-$AD$13 -> 5 | W15: =AM15-$AE$13 -> 7 | X15: =$AF$13-AN15 -> 2 | Y15: =AO15-$AG$13 -> 5 | Z15: =AP15-$AH$13 -> 7 | AA15: =AQ15-$AH$13 -> 3 | AB15: =AR15-$AJ$13 -> 4.25 | AK15: 9 | AL15: 8 | AM15: 9 | AN15: 7 | AO15: 9 | AP15: 9 | AQ15: 5 | AR15: 5 | AS15: =(AT15+BB15+BE15+BJ15)/4 -> 3.75 | AT15: =AU15*AV15 -> 0 | AU15: 5 | AV15: =IF(AW15=1,1,IF(AW15=2,0.9,IF(AW15=3,0.8,IF(AW15=4,0.7,IF(AW15=5,0.6,IF(AW15=6,0.5,IF(AW15=7,0.4,IF(AW15=8,0.3,IF(AW15=9,0.2,IF(AW15=10,0.1,IF(AW15=0,0,0))))))))))) -> 0 | AX15: =IF($AZ$13>=BA15,"YA","TIDAK") -> YA | AY15: =IF($AZ$13-BA15>0,$AZ$13-BA15,"0") -> 0.76 | BA15: 0.25 | BB15: =BC15+BD15 -> 8 | BC15: 8 | BE15: =BF15*BH15*BI15 -> 0 | BH15: 1 | BI15: 8 | BJ15: =SUM(BK15:BV15) -> 7 | BK15: 7
B16: 4 | C16: PA-O | D16: A4 | E16: Belanja | G16: M;5 | H16: DI/MI | I16: =IF(R16>0,IF(S16-$P$11>0,"I","R"),"R") -> R | J16: -1 | L16: 3 | M16: 7 | N16: =IF(I16="I",0,IF(AX16="YA",O16+T16+AS16,0)) -> 14.489583 | O16: =IF(P16="-",5,IF(10-(P16/60)>10,10+(P16/60*10),10-(P16/60))) -> 7.8333333 | P16: =IF(Q16="-","-",IF((Q16-$P$11)*1440>1,(Q16-$P$11)*1440,-1*(Q16-$P$11)*1440)) -> 130 | Q16: 0.22916667 | S16: =IF(L16=0,0,IF(L16=1,R16+$M$13,IF(L16=2,R16+$M$14,IF(L16=3,R16+$M$15,IF(L16=4,R16+$M$16,0))))) -> 0.99930556 | T16: =SUM(U16:AB16)/8 -> 2.65625 | U16: =AK16-$AC$13 -> 2 | V16: =AL16-$AD$13 -> 5 | W16: =AM16-$AE$13 -> 6 | X16: =$AF$13-AN16 -> 5 | Y16: =AO16-$AG$13 -> 1 | Z16: =AP16-$AH$13 -> 0 | AA16: =AQ16-$AH$13 -> 0 | AB16: =AR16-$AJ$13 -> 2.25 | AK16: 8 | AL16: 8 | AM16: 8 | AN16: 4 | AO16: 5 | AP16: 2 | AQ16: 2 | AR16: 3 | AS16: =(AT16+BB16+BE16+BJ16)/4 -> 4 | AT16: =AU16*AV16 -> 0 | AU16: 5 | AV16: =IF(AW16=1,1,IF(AW16=2,0.9,IF(AW16=3,0.8,IF(AW16=4,0.7,IF(AW16=5,0.6,IF(AW16=6,0.5,IF(AW16=7,0.4,IF(AW16=8,0.3,IF(AW16=9,0.2,IF(AW16=10,0.1,IF(AW16=0,0,0))))))))))) -> 0 | AX16: =IF($AZ$13>=BA16,"YA","TIDAK") -> YA | AY16: =IF($AZ$13-BA16>0,$AZ$13-BA16,"0") -> 0.01 | BA16: 1 | BB16: =BC16+BD16 -> 8 | BC16: 8 | BE16: =BF16*BH16*BI16 -> 0 | BJ16: =SUM(BK16:BV16) -> 8 | BK16: 8
B17: 5 | C17: PA-I | D17: A5 | E17: Menyapu Ruang Tidur Utama 1 | G17: H | H17: DI/MI | I17: =IF(R17>0,IF(S17-$P$11>0,"I","R"),"R") -> R | J17: 3 | L17: 0 | N17: =IF(I17="I",0,IF(AX17="YA",O17+T17+AS17,0)) -> 15.739583 | O17: =IF(P17="-",5,IF(10-(P17/60)>10,10+(P17/60*10),10-(P17/60))) -> 7.8333333 | P17: =IF(Q17="-","-",IF((Q17-$P$11)*1440>1,(Q17-$P$11)*1440,-1*(Q17-$P$11)*1440)) -> 130 | Q17: 0.22916667 | S17: =IF(L17=0,0,IF(L17=1,R17+$M$13,IF(L17=2,R17+$M$14,IF(L17=3,R17+$M$15,IF(L17=4,R17+$M$16,0))))) -> 0 | T17: =SUM(U17:AB17)/8 -> 4.65625 | U17: =AK17-$AC$13 -> 3 | V17: =AL17-$AD$13 -> 5 | W17: =AM17-$AE$13 -> 7 | X17: =$AF$13-AN17 -> 3 | Y17: =AO17-$AG$13 -> 5 | Z17: =AP17-$AH$13 -> 7 | AA17: =AQ17-$AH$13 -> 1 | AB17: =AR17-$AJ$13 -> 6.25 | AK17: 9 | AL17: 8 | AM17: 9 | AN17: 6 | AO17: 9 | AP17: 9 | AQ17: 3 | AR17: 7 | AS17: =(AT17+BB17+BE17+BJ17)/4 -> 3.25 | AT17: =AU17*AV17 -> 0 | AU17: 2 | AV17: =IF(AW17=1,1,IF(AW17=2,0.9,IF(AW17=3,0.8,IF(AW17=4,0.7,IF(AW17=5,0.6,IF(AW17=6,0.5,IF(AW17=7,0.4,IF(AW17=8,0.3,IF(AW17=9,0.2,IF(AW17=10,0.1,IF(AW17=0,0,0))))))))))) -> 0 | AX17: =IF($AZ$13>=BA17,"YA","TIDAK") -> YA | AY17: =IF($AZ$13-BA17>0,$AZ$13-BA17,"0") -> 0.26 | BA17: 0.75 | BB17: =BC17+BD17 -> 10 | BC17: 10 | BE17: =BF17*BH17*BI17 -> 0 | BH17: 1 | BI17: 5 | BJ17: =SUM(BK17:BV17) -> 3 | BK17: 3
B18: 6 | C18: PA-I | D18: A6 | E18: Menyapu Ruang Tidur Utama 2 | G18: H | H18: DI/MI | I18: =IF(R18>0,IF(S18-$P$11>0,"I","R"),"R") -> R | J18: 3 | L18: 0 | N18: =IF(I18="I",0,IF(AX18="YA",O18+T18+AS18,0)) -> 15.80625 | O18: =IF(P18="-",5,IF(10-(P18/60)>10,10+(P18/60*10),10-(P18/60))) -> 7.9 | P18: =IF(Q18="-","-",IF((Q18-$P$11)*1440>1,(Q18-$P$11)*1440,-1*(Q18-$P$11)*1440)) -> 126 | Q18: 0.23194444 | S18: =IF(L18=0,0,IF(L18=1,R18+$M$13,IF(L18=2,R18+$M$14,IF(L18=3,R18+$M$15,IF(L18=4,R18+$M$16,0))))) -> 0 | T18: =SUM(U18:AB18)/8 -> 4.65625 | U18: =AK18-$AC$13 -> 3 | V18: =AL18-$AD$13 -> 5 | W18: =AM18-$AE$13 -> 7 | X18: =$AF$13-AN18 -> 3 | Y18: =AO18-$AG$13 -> 5 | Z18: =AP18-$AH$13 -> 7 | AA18: =AQ18-$AH$13 -> 1 | AB18: =AR18-$AJ$13 -> 6.25 | AK18: 9 | AL18: 8 | AM18: 9 | AN18: 6 | AO18: 9 | AP18: 9 | AQ18: 3 | AR18: 7 | AS18: =(AT18+BB18+BE18+BJ18)/4 -> 3.25 | AT18: =AU18*AV18 -> 0 | AU18: 2 | AV18: =IF(AW18=1,1,IF(AW18=2,0.9,IF(AW18=3,0.8,IF(AW18=4,0.7,IF(AW18=5,0.6,IF(AW18=6,0.5,IF(AW18=7,0.4,IF(AW18=8,0.3,IF(AW18=9,0.2,IF(AW18=10,0.1,IF(AW18=0,0,0))))))))))) -> 0 | AX18: =IF($AZ$13>=BA18,"YA","TIDAK") -> YA | AY18: =IF($AZ$13-BA18>0,$AZ$13-BA18,"0") -> 0.26 | BA18: 0.75 | BB18: =BC18+BD18 -> 10 | BC18: 10 | BE18: =BF18*BH18*BI18 -> 0 | BH18: 1 | BI18: 5 | BJ18: =SUM(BK18:BV18) -> 3 | BK18: 3
B19: 7 | C19: PA-I | D19: A7 | E19: Menyapu Ruang Kerja | G19: H | H19: DI/MI | I19: =IF(R19>0,IF(S19-$P$11>0,"I","R"),"R") -> R | J19: 3 | L19: 0 | N19: =IF(I19="I",0,IF(AX19="YA",O19+T19+AS19,0)) -> 15.889583 | O19: =IF(P19="-",5,IF(10-(P19/60)>10,10+(P19/60*10),10-(P19/60))) -> 7.9833333 | P19: =IF(Q19="-","-",IF((Q19-$P$11)*1440>1,(Q19-$P$11)*1440,-1*(Q19-$P$11)*1440)) -> 121 | Q19: 0.23541667 | S19: =IF(L19=0,0,IF(L19=1,R19+$M$13,IF(L19=2,R19+$M$14,IF(L19=3,R19+$M$15,IF(L19=4,R19+$M$16,0))))) -> 0 | T19: =SUM(U19:AB19)/8 -> 4.65625 | U19: =AK19-$AC$13 -> 3 | V19: =AL19-$AD$13 -> 5 | W19: =AM19-$AE$13 -> 7 | X19: =$AF$13-AN19 -> 3 | Y19: =AO19-$AG$13 -> 5 | Z19: =AP19-$AH$13 -> 7 | AA19: =AQ19-$AH$13 -> 1 | AB19: =AR19-$AJ$13 -> 6.25 | AK19: 9 | AL19: 8 | AM19: 9 | AN19: 6 | AO19: 9 | AP19: 9 | AQ19: 3 | AR19: 7 | AS19: =(AT19+BB19+BE19+BJ19)/4 -> 3.25 | AT19: =AU19*AV19 -> 0 | AU19: 2 | AV19: =IF(AW19=1,1,IF(AW19=2,0.9,IF(AW19=3,0.8,IF(AW19=4,0.7,IF(AW19=5,0.6,IF(AW19=6,0.5,IF(AW19=7,0.4,IF(AW19=8,0.3,IF(AW19=9,0.2,IF(AW19=10,0.1,IF(AW19=0,0,0))))))))))) -> 0 | AX19: =IF($AZ$13>=BA19,"YA","TIDAK") -> YA | AY19: =IF($AZ$13-BA19>0,$AZ$13-BA19,"0") -> 0.26 | BA19: 0.75 | BB19: =BC19+BD19 -> 10 | BC19: 10 | BE19: =BF19*BH19*BI19 -> 0 | BH19: 1 | BI19: 5 | BJ19: =SUM(BK19:BV19) -> 3 | BK19: 3
B20: 8 | C20: PA-I | D20: A8 | E20: Menyapu Ruang Belakang | G20: H | H20: DI/MI | I20: =IF(R20>0,IF(S20-$P$11>0,"I","R"),"R") -> R | J20: 3 | L20: 0 | N20: =IF(I20="I",0,IF(AX20="YA",O20+T20+AS20,0)) -> 16.00625 | O20: =IF(P20="-",5,IF(10-(P20/60)>10,10+(P20/60*10),10-(P20/60))) -> 8.1 | P20: =IF(Q20="-","-",IF((Q20-$P$11)*1440>1,(Q20-$P$11)*1440,-1*(Q20-$P$11)*1440)) -> 114 | Q20: 0.24027778 | S20: =IF(L20=0,0,IF(L20=1,R20+$M$13,IF(L20=2,R20+$M$14,IF(L20=3,R20+$M$15,IF(L20=4,R20+$M$16,0))))) -> 0 | T20: =SUM(U20:AB20)/8 -> 4.65625 | U20: =AK20-$AC$13 -> 3 | V20: =AL20-$AD$13 -> 5 | W20: =AM20-$AE$13 -> 7 | X20: =$AF$13-AN20 -> 3 | Y20: =AO20-$AG$13 -> 5 | Z20: =AP20-$AH$13 -> 7 | AA20: =AQ20-$AH$13 -> 1 | AB20: =AR20-$AJ$13 -> 6.25 | AK20: 9 | AL20: 8 | AM20: 9 | AN20: 6 | AO20: 9 | AP20: 9 | AQ20: 3 | AR20: 7 | AS20: =(AT20+BB20+BE20+BJ20)/4 -> 3.25 | AT20: =AU20*AV20 -> 0 | AU20: 2 | AV20: =IF(AW20=1,1,IF(AW20=2,0.9,IF(AW20=3,0.8,IF(AW20=4,0.7,IF(AW20=5,0.6,IF(AW20=6,0.5,IF(AW20=7,0.4,IF(AW20=8,0.3,IF(AW20=9,0.2,IF(AW20=10,0.1,IF(AW20=0,0,0))))))))))) -> 0 | AX20: =IF($AZ$13>=BA20,"YA","TIDAK") -> YA | AY20: =IF($AZ$13-BA20>0,$AZ$13-BA20,"0") -> 0.26 | BA20: 0.75 | BB20: =BC20+BD20 -> 10 | BC20: 10 | BE20: =BF20*BH20*BI20 -> 0 | BH20: 1 | BI20: 5 | BJ20: =SUM(BK20:BV20) -> 3 | BK20: 3
B21: 9 | C21: PA-I | D21: A9 | E21: Menyapu Dapur Kotor | G21: H | H21: DI/MI | I21: =IF(R21>0,IF(S21-$P$11>0,"I","R"),"R") -> R | J21: 3 | L21: 0 | N21: =IF(I21="I",0,IF(AX21="YA",O21+T21+AS21,0)) -> 16.039583 | O21: =IF(P21="-",5,IF(10-(P21/60)>10,10+(P21/60*10),10-(P21/60))) -> 8.1333333 | P21: =IF(Q21="-","-",IF((Q21-$P$11)*1440>1,(Q21-$P$11)*1440,-1*(Q21-$P$11)*1440)) -> 112 | Q21: 0.24166667 | S21: =IF(L21=0,0,IF(L21=1,R21+$M$13,IF(L21=2,R21+$M$14,IF(L21=3,R21+$M$15,IF(L21=4,R21+$M$16,0))))) -> 0 | T21: =SUM(U21:AB21)/8 -> 4.65625 | U21: =AK21-$AC$13 -> 3 | V21: =AL21-$AD$13 -> 5 | W21: =AM21-$AE$13 -> 7 | X21: =$AF$13-AN21 -> 3 | Y21: =AO21-$AG$13 -> 5 | Z21: =AP21-$AH$13 -> 7 | AA21: =AQ21-$AH$13 -> 1 | AB21: =AR21-$AJ$13 -> 6.25 | AK21: 9 | AL21: 8 | AM21: 9 | AN21: 6 | AO21: 9 | AP21: 9 | AQ21: 3 | AR21: 7 | AS21: =(AT21+BB21+BE21+BJ21)/4 -> 3.25 | AT21: =AU21*AV21 -> 0 | AU21: 2 | AV21: =IF(AW21=1,1,IF(AW21=2,0.9,IF(AW21=3,0.8,IF(AW21=4,0.7,IF(AW21=5,0.6,IF(AW21=6,0.5,IF(AW21=7,0.4,IF(AW21=8,0.3,IF(AW21=9,0.2,IF(AW21=10,0.1,IF(AW21=0,0,0))))))))))) -> 0 | AX21: =IF($AZ$13>=BA21,"YA","TIDAK") -> YA | AY21: =IF($AZ$13-BA21>0,$AZ$13-BA21,"0") -> 0.26 | BA21: 0.75 | BB21: =BC21+BD21 -> 10 | BC21: 10 | BE21: =BF21*BH21*BI21 -> 0 | BH21: 1 | BI21: 5 | BJ21: =SUM(BK21:BV21) -> 3 | BK21: 3
B22: 10 | C22: PA-I | D22: A10 | E22: Menyapu Dapur Bersih | G22: H | H22: DI/MI | I22: =IF(R22>0,IF(S22-$P$11>0,"I","R"),"R") -> R | J22: 3 | L22: 0 | N22: =IF(I22="I",0,IF(AX22="YA",O22+T22+AS22,0)) -> 16.139583 | O22: =IF(P22="-",5,IF(10-(P22/60)>10,10+(P22/60*10),10-(P22/60))) -> 8.2333333 | P22: =IF(Q22="-","-",IF((Q22-$P$11)*1440>1,(Q22-$P$11)*1440,-1*(Q22-$P$11)*1440)) -> 106 | Q22: 0.24583333 | S22: =IF(L22=0,0,IF(L22=1,R22+$M$13,IF(L22=2,R22+$M$14,IF(L22=3,R22+$M$15,IF(L22=4,R22+$M$16,0))))) -> 0 | T22: =SUM(U22:AB22)/8 -> 4.65625 | U22: =AK22-$AC$13 -> 3 | V22: =AL22-$AD$13 -> 5 | W22: =AM22-$AE$13 -> 7 | X22: =$AF$13-AN22 -> 3 | Y22: =AO22-$AG$13 -> 5 | Z22: =AP22-$AH$13 -> 7 | AA22: =AQ22-$AH$13 -> 1 | AB22: =AR22-$AJ$13 -> 6.25 | AK22: 9 | AL22: 8 | AM22: 9 | AN22: 6 | AO22: 9 | AP22: 9 | AQ22: 3 | AR22: 7 | AS22: =(AT22+BB22+BE22+BJ22)/4 -> 3.25 | AT22: =AU22*AV22 -> 0 | AU22: 2 | AV22: =IF(AW22=1,1,IF(AW22=2,0.9,IF(AW22=3,0.8,IF(AW22=4,0.7,IF(AW22=5,0.6,IF(AW22=6,0.5,IF(AW22=7,0.4,IF(AW22=8,0.3,IF(AW22=9,0.2,IF(AW22=10,0.1,IF(AW22=0,0,0))))))))))) -> 0 | AX22: =IF($AZ$13>=BA22,"YA","TIDAK") -> YA | AY22: =IF($AZ$13-BA22>0,$AZ$13-BA22,"0") -> 0.26 | BA22: 0.75 | BB22: =BC22+BD22 -> 10 | BC22: 10 | BE22: =BF22*BH22*BI22 -> 0 | BH22: 1 | BI22: 5 | BJ22: =SUM(BK22:BV22) -> 3 | BK22: 3
B23: 11 | C23: PA-I | D23: A11 | E23: Menyapu Ruang Keluarga | G23: H | H23: DI/MI | I23: =IF(R23>0,IF(S23-$P$11>0,"I","R"),"R") -> R | J23: 3 | L23: 0 | N23: =IF(I23="I",0,IF(AX23="YA",O23+T23+AS23,0)) -> 16.189583 | O23: =IF(P23="-",5,IF(10-(P23/60)>10,10+(P23/60*10),10-(P23/60))) -> 8.2833333 | P23: =IF(Q23="-","-",IF((Q23-$P$11)*1440>1,(Q23-$P$11)*1440,-1*(Q23-$P$11)*1440)) -> 103 | Q23: 0.24791667 | S23: =IF(L23=0,0,IF(L23=1,R23+$M$13,IF(L23=2,R23+$M$14,IF(L23=3,R23+$M$15,IF(L23=4,R23+$M$16,0))))) -> 0 | T23: =SUM(U23:AB23)/8 -> 4.65625 | U23: =AK23-$AC$13 -> 3 | V23: =AL23-$AD$13 -> 5 | W23: =AM23-$AE$13 -> 7 | X23: =$AF$13-AN23 -> 3 | Y23: =AO23-$AG$13 -> 5 | Z23: =AP23-$AH$13 -> 7 | AA23: =AQ23-$AH$13 -> 1 | AB23: =AR23-$AJ$13 -> 6.25 | AK23: 9 | AL23: 8 | AM23: 9 | AN23: 6 | AO23: 9 | AP23: 9 | AQ23: 3 | AR23: 7 | AS23: =(AT23+BB23+BE23+BJ23)/4 -> 3.25 | AT23: =AU23*AV23 -> 0 | AU23: 2 | AV23: =IF(AW23=1,1,IF(AW23=2,0.9,IF(AW23=3,0.8,IF(AW23=4,0.7,IF(AW23=5,0.6,IF(AW23=6,0.5,IF(AW23=7,0.4,IF(AW23=8,0.3,IF(AW23=9,0.2,IF(AW23=10,0.1,IF(AW23=0,0,0))))))))))) -> 0 | AX23: =IF($AZ$13>=BA23,"YA","TIDAK") -> YA | AY23: =IF($AZ$13-BA23>0,$AZ$13-BA23,"0") -> 0.26 | BA23: 0.75 | BB23: =BC23+BD23 -> 10 | BC23: 10 | BE23: =BF23*BH23*BI23 -> 0 | BH23: 1 | BI23: 5 | BJ23: =SUM(BK23:BV23) -> 3 | BK23: 3
B24: 12 | C24: PA-I | D24: A12 | E24: Menyapu Ruang Tamu | G24: H | H24: DI/MI | I24: =IF(R24>0,IF(S24-$P$11>0,"I","R"),"R") -> R | J24: 3 | L24: 0 | N24: =IF(I24="I",0,IF(AX24="YA",O24+T24+AS24,0)) -> 16.322917 | O24: =IF(P24="-",5,IF(10-(P24/60)>10,10+(P24/60*10),10-(P24/60))) -> 8.4166667 | P24: =IF(Q24="-","-",IF((Q24-$P$11)*1440>1,(Q24-$P$11)*1440,-1*(Q24-$P$11)*1440)) -> 95 | Q24: 0.25347222 | S24: =IF(L24=0,0,IF(L24=1,R24+$M$13,IF(L24=2,R24+$M$14,IF(L24=3,R24+$M$15,IF(L24=4,R24+$M$16,0))))) -> 0 | T24: =SUM(U24:AB24)/8 -> 4.65625 | U24: =AK24-$AC$13 -> 3 | V24: =AL24-$AD$13 -> 5 | W24: =AM24-$AE$13 -> 7 | X24: =$AF$13-AN24 -> 3 | Y24: =AO24-$AG$13 -> 5 | Z24: =AP24-$AH$13 -> 7 | AA24: =AQ24-$AH$13 -> 1 | AB24: =AR24-$AJ$13 -> 6.25 | AK24: 9 | AL24: 8 | AM24: 9 | AN24: 6 | AO24: 9 | AP24: 9 | AQ24: 3 | AR24: 7 | AS24: =(AT24+BB24+BE24+BJ24)/4 -> 3.25 | AT24: =AU24*AV24 -> 0 | AU24: 2 | AV24: =IF(AW24=1,1,IF(AW24=2,0.9,IF(AW24=3,0.8,IF(AW24=4,0.7,IF(AW24=5,0.6,IF(AW24=6,0.5,IF(AW24=7,0.4,IF(AW24=8,0.3,IF(AW24=9,0.2,IF(AW24=10,0.1,IF(AW24=0,0,0))))))))))) -> 0 | AX24: =IF($AZ$13>=BA24,"YA","TIDAK") -> YA | AY24: =IF($AZ$13-BA24>0,$AZ$13-BA24,"0") -> 0.26 | BA24: 0.75 | BB24: =BC24+BD24 -> 10 | BC24: 10 | BE24: =BF24*BH24*BI24 -> 0 | BH24: 1 | BI24: 5 | BJ24: =SUM(BK24:BV24) -> 3 | BK24: 3
B25: 13 | C25: PA-I | D25: A13 | E25: Menyapu Teras | G25: H | H25: DI/MI | I25: =IF(R25>0,IF(S25-$P$11>0,"I","R"),"R") -> R | J25: 3 | L25: 0 | N25: =IF(I25="I",0,IF(AX25="YA",O25+T25+AS25,0)) -> 16.422917 | O25: =IF(P25="-",5,IF(10-(P25/60)>10,10+(P25/60*10),10-(P25/60))) -> 8.5166667 | P25: =IF(Q25="-","-",IF((Q25-$P$11)*1440>1,(Q25-$P$11)*1440,-1*(Q25-$P$11)*1440)) -> 89 | Q25: 0.25763889 | S25: =IF(L25=0,0,IF(L25=1,R25+$M$13,IF(L25=2,R25+$M$14,IF(L25=3,R25+$M$15,IF(L25=4,R25+$M$16,0))))) -> 0 | T25: =SUM(U25:AB25)/8 -> 4.65625 | U25: =AK25-$AC$13 -> 3 | V25: =AL25-$AD$13 -> 5 | W25: =AM25-$AE$13 -> 7 | X25: =$AF$13-AN25 -> 3 | Y25: =AO25-$AG$13 -> 5 | Z25: =AP25-$AH$13 -> 7 | AA25: =AQ25-$AH$13 -> 1 | AB25: =AR25-$AJ$13 -> 6.25 | AK25: 9 | AL25: 8 | AM25: 9 | AN25: 6 | AO25: 9 | AP25: 9 | AQ25: 3 | AR25: 7 | AS25: =(AT25+BB25+BE25+BJ25)/4 -> 3.25 | AT25: =AU25*AV25 -> 0 | AU25: 2 | AV25: =IF(AW25=1,1,IF(AW25=2,0.9,IF(AW25=3,0.8,IF(AW25=4,0.7,IF(AW25=5,0.6,IF(AW25=6,0.5,IF(AW25=7,0.4,IF(AW25=8,0.3,IF(AW25=9,0.2,IF(AW25=10,0.1,IF(AW25=0,0,0))))))))))) -> 0 | AX25: =IF($AZ$13>=BA25,"YA","TIDAK") -> YA | AY25: =IF($AZ$13-BA25>0,$AZ$13-BA25,"0") -> 0.26 | BA25: 0.75 | BB25: =BC25+BD25 -> 10 | BC25: 10 | BE25: =BF25*BH25*BI25 -> 0 | BH25: 1 | BI25: 5 | BJ25: =SUM(BK25:BV25) -> 3 | BK25: 3
B26: 14 | C26: PA-I | D26: A80 | E26: Menyapu Halaman Depan | G26: H | H26: DI/MI | I26: =IF(R26>0,IF(S26-$P$11>0,"I","R"),"R") -> R | J26: 3 | L26: 0 | N26: =IF(I26="I",0,IF(AX26="YA",O26+T26+AS26,0)) -> 16.467917 | O26: =IF(P26="-",5,IF(10-(P26/60)>10,10+(P26/60*10),10-(P26/60))) -> 8.5616667 | P26: =IF(Q26="-","-",IF((Q26-$P$11)*1440>1,(Q26-$P$11)*1440,-1*(Q26-$P$11)*1440)) -> 86.3 | Q26: 0.25951389 | S26: =IF(L26=0,0,IF(L26=1,R26+$M$13,IF(L26=2,R26+$M$14,IF(L26=3,R26+$M$15,IF(L26=4,R26+$M$16,0))))) -> 0 | T26: =SUM(U26:AB26)/8 -> 4.65625 | U26: =AK26-$AC$13 -> 3 | V26: =AL26-$AD$13 -> 5 | W26: =AM26-$AE$13 -> 7 | X26: =$AF$13-AN26 -> 3 | Y26: =AO26-$AG$13 -> 5 | Z26: =AP26-$AH$13 -> 7 | AA26: =AQ26-$AH$13 -> 1 | AB26: =AR26-$AJ$13 -> 6.25 | AK26: 9 | AL26: 8 | AM26: 9 | AN26: 6 | AO26: 9 | AP26: 9 | AQ26: 3 | AR26: 7 | AS26: =(AT26+BB26+BE26+BJ26)/4 -> 3.25 | AT26: =AU26*AV26 -> 0 | AU26: 2 | AV26: =IF(AW26=1,1,IF(AW26=2,0.9,IF(AW26=3,0.8,IF(AW26=4,0.7,IF(AW26=5,0.6,IF(AW26=6,0.5,IF(AW26=7,0.4,IF(AW26=8,0.3,IF(AW26=9,0.2,IF(AW26=10,0.1,IF(AW26=0,0,0))))))))))) -> 0 | AX26: =IF($AZ$13>=BA26,"YA","TIDAK") -> YA | AY26: =IF($AZ$13-BA26>0,$AZ$13-BA26,"0") -> 0.26 | BA26: 0.75 | BB26: =BC26+BD26 -> 10 | BC26: 10 | BE26: =BF26*BH26*BI26 -> 0 | BH26: 1 | BI26: 5 | BJ26: =SUM(BK26:BV26) -> 3 | BK26: 3
B27: 14 | C27: PR;A5 | D27: A14 | E27: Mengepel Ruang Tidur Utama 1 | G27: H | H27: MI | I27: =IF(R27>0,IF(S27-$P$11>0,"I","R"),"R") -> R | J27: 2 | L27: 0 | N27: =IF(I27="I",0,IF(AX27="YA",O27+T27+AS27,0)) -> 17.134583 | O27: =IF(P27="-",5,IF(10-(P27/60)>10,10+(P27/60*10),10-(P27/60))) -> 8.7283333 | P27: =IF(Q27="-","-",IF((Q27-$P$11)*1440>1,(Q27-$P$11)*1440,-1*(Q27-$P$11)*1440)) -> 76.3 | Q27: 0.26645833 | S27: =IF(L27=0,0,IF(L27=1,R27+$M$13,IF(L27=2,R27+$M$14,IF(L27=3,R27+$M$15,IF(L27=4,R27+$M$16,0))))) -> 0 | T27: =SUM(U27:AB27)/8 -> 4.65625 | U27: =AK27-$AC$13 -> 3 | V27: =AL27-$AD$13 -> 5 | W27: =AM27-$AE$13 -> 7 | X27: =$AF$13-AN27 -> 3 | Y27: =AO27-$AG$13 -> 5 | Z27: =AP27-$AH$13 -> 7 | AA27: =AQ27-$AH$13 -> 1 | AB27: =AR27-$AJ$13 -> 6.25 | AK27: 9 | AL27: 8 | AM27: 9 | AN27: 6 | AO27: 9 | AP27: 9 | AQ27: 3 | AR27: 7 | AS27: =(AT27+BB27+BE27+BJ27)/4 -> 3.75 | AT27: =AU27*AV27 -> 0 | AU27: 4 | AV27: =IF(AW27=1,1,IF(AW27=2,0.9,IF(AW27=3,0.8,IF(AW27=4,0.7,IF(AW27=5,0.6,IF(AW27=6,0.5,IF(AW27=7,0.4,IF(AW27=8,0.3,IF(AW27=9,0.2,IF(AW27=10,0.1,IF(AW27=0,0,0))))))))))) -> 0 | AX27: =IF($AZ$13>=BA27,"YA","TIDAK") -> YA | AY27: =IF($AZ$13-BA27>0,$AZ$13-BA27,"0") -> 0.26 | BA27: 0.75 | BB27: =BC27+BD27 -> 10 | BC27: 10 | BE27: =BF27*BH27*BI27 -> 0 | BH27: 1 | BI27: 5 | BJ27: =SUM(BK27:BV27) -> 5 | BK27: 5
B28: 15 | C28: PR;A6 | D28: A15 | E28: Mengepel Ruang Tidur Utama 2 | G28: H | H28: MI | I28: =IF(R28>0,IF(S28-$P$11>0,"I","R"),"R") -> R | J28: 2 | L28: 0 | N28: =IF(I28="I",0,IF(AX28="YA",O28+T28+AS28,0)) -> 17.20125 | O28: =IF(P28="-",5,IF(10-(P28/60)>10,10+(P28/60*10),10-(P28/60))) -> 8.795 | P28: =IF(Q28="-","-",IF((Q28-$P$11)*1440>1,(Q28-$P$11)*1440,-1*(Q28-$P$11)*1440)) -> 72.3 | Q28: 0.26923611 | S28: =IF(L28=0,0,IF(L28=1,R28+$M$13,IF(L28=2,R28+$M$14,IF(L28=3,R28+$M$15,IF(L28=4,R28+$M$16,0))))) -> 0 | T28: =SUM(U28:AB28)/8 -> 4.65625 | U28: =AK28-$AC$13 -> 3 | V28: =AL28-$AD$13 -> 5 | W28: =AM28-$AE$13 -> 7 | X28: =$AF$13-AN28 -> 3 | Y28: =AO28-$AG$13 -> 5 | Z28: =AP28-$AH$13 -> 7 | AA28: =AQ28-$AH$13 -> 1 | AB28: =AR28-$AJ$13 -> 6.25 | AK28: 9 | AL28: 8 | AM28: 9 | AN28: 6 | AO28: 9 | AP28: 9 | AQ28: 3 | AR28: 7 | AS28: =(AT28+BB28+BE28+BJ28)/4 -> 3.75 | AT28: =AU28*AV28 -> 0 | AU28: 4 | AV28: =IF(AW28=1,1,IF(AW28=2,0.9,IF(AW28=3,0.8,IF(AW28=4,0.7,IF(AW28=5,0.6,IF(AW28=6,0.5,IF(AW28=7,0.4,IF(AW28=8,0.3,IF(AW28=9,0.2,IF(AW28=10,0.1,IF(AW28=0,0,0))))))))))) -> 0 | AX28: =IF($AZ$13>=BA28,"YA","TIDAK") -> YA | AY28: =IF($AZ$13-BA28>0,$AZ$13-BA28,"0") -> 0.26 | BA28: 0.75 | BB28: =BC28+BD28 -> 10 | BC28: 10 | BE28: =BF28*BH28*BI28 -> 0 | BH28: 1 | BI28: 5 | BJ28: =SUM(BK28:BV28) -> 5 | BK28: 5
... B32: 19 | C32: PR;A11 | D32: A19 | E32: Mengepel Ruang Keluarga | G32: H | H32: MI | I32: =IF(R32>0,IF(S32-$P$11>0,"I","R"),"R") -> R | J32: 2 | L32: 0 | N32: =IF(I32="I",0,IF(AX32="YA",O32+T32+AS32,0)) -> 17.00125 | O32: =IF(P32="-",5,IF(10-(P32/60)>10,10+(P32/60*10),10-(P32/60))) -> 9.095 | P32: =IF(Q32="-","-",IF((Q32-$P$11)*1440>1,(Q32-$P$11)*1440,-1*(Q32-$P$11)*1440)) -> 54.3 | Q32: 0.28173611 | S32: =IF(L32=0,0,IF(L32=1,R32+$M$13,IF(L32=2,R32+$M$14,IF(L32=3,R32+$M$15,IF(L32=4,R32+$M$16,0))))) -> 0 | T32: =SUM(U32:AB32)/8 -> 4.65625 | U32: =AK32-$AC$13 -> 3 | V32: =AL32-$AD$13 -> 5 | W32: =AM32-$AE$13 -> 7 | X32: =$AF$13-AN32 -> 3 | Y32: =AO32-$AG$13 -> 5 | Z32: =AP32-$AH$13 -> 7 | AA32: =AQ32-$AH$13 -> 1 | AB32: =AR32-$AJ$13 -> 6.25 | AK32: 9 | AL32: 8 | AM32: 9 | AN32: 6 | AO32: 9 | AP32: 9 | AQ32: 3 | AR32: 7 | AS32: =(AT32+BB32+BE32+BJ32)/4 -> 3.25 | AT32: =AU32*AV32 -> 0 | AU32: 4 | AV32: =IF(AW32=1,1,IF(AW32=2,0.9,IF(AW32=3,0.8,IF(AW32=4,0.7,IF(AW32=5,0.6,IF(AW32=6,0.5,IF(AW32=7,0.4,IF(AW32=8,0.3,IF(AW32=9,0.2,IF(AW32=10,0.1,IF(AW32=0,0,0))))))))))) -> 0 | AX32: =IF($AZ$13>=BA32,"YA","TIDAK") -> YA | AY32: =IF($AZ$13-BA32>0,$AZ$13-BA32,"0") -> 0.26 | BA32: 0.75 | BB32: =BC32+BD32 -> 8 | BC32: 8 | BE32: =BF32*BH32*BI32 -> 0 | BH32: 1 | BI32: 5 | BJ32: =SUM(BK32:BV32) -> 5 | BK32: 5
B33: 20 | C33: PR;A12 | D33: A20 | E33: Mengepel Ruang Tamu | I33: =IF(R33>0,IF(S33-$P$11>0,"I","R"),"R") -> R | N33: =IF(I33="I",0,IF(AX33="YA",O33+T33+AS33,0)) -> 13.884583 | O33: =IF(P33="-",5,IF(10-(P33/60)>10,10+(P33/60*10),10-(P33/60))) -> 9.2283333 | P33: =IF(Q33="-","-",IF((Q33-$P$11)*1440>1,(Q33-$P$11)*1440,-1*(Q33-$P$11)*1440)) -> 46.3 | Q33: 0.28729167 | S33: =IF(L33=0,0,IF(L33=1,R33+$M$13,IF(L33=2,R33+$M$14,IF(L33=3,R33+$M$15,IF(L33=4,R33+$M$16,0))))) -> 0 | T33: =SUM(U33:AB33)/8 -> 4.65625 | U33: =AK33-$AC$13 -> 3 | V33: =AL33-$AD$13 -> 5 | W33: =AM33-$AE$13 -> 7 | X33: =$AF$13-AN33 -> 3 | Y33: =AO33-$AG$13 -> 5 | Z33: =AP33-$AH$13 -> 7 | AA33: =AQ33-$AH$13 -> 1 | AB33: =AR33-$AJ$13 -> 6.25 | AK33: 9 | AL33: 8 | AM33: 9 | AN33: 6 | AO33: 9 | AP33: 9 | AQ33: 3 | AR33: 7 | AS33: =(AT33+BB33+BE33+BJ33)/4 -> 0 | AT33: =AU33*AV33 -> 0 | AV33: =IF(AW33=1,1,IF(AW33=2,0.9,IF(AW33=3,0.8,IF(AW33=4,0.7,IF(AW33=5,0.6,IF(AW33=6,0.5,IF(AW33=7,0.4,IF(AW33=8,0.3,IF(AW33=9,0.2,IF(AW33=10,0.1,IF(AW33=0,0,0))))))))))) -> 0 | AX33: =IF($AZ$13>=BA33,"YA","TIDAK") -> YA | AY33: =IF($AZ$13-BA33>0,$AZ$13-BA33,"0") -> 0.26 | BA33: 0.75 | BB33: =BC33+BD33 -> 0 | BE33: =BF33*BH33*BI33 -> 0 | BJ33: =SUM(BK33:BV33) -> 0
B34: 21 | C34: PR;A13 | D34: A21 | E34: Mengepel Teras | G34: H | H34: MI | I34: =IF(R34>0,IF(S34-$P$11>0,"I","R"),"R") -> R | J34: 2 | L34: 0 | N34: =IF(I34="I",0,IF(AX34="YA",O34+T34+AS34,0)) -> 17.234583 | O34: =IF(P34="-",5,IF(10-(P34/60)>10,10+(P34/60*10),10-(P34/60))) -> 9.3283333 | P34: =IF(Q34="-","-",IF((Q34-$P$11)*1440>1,(Q34-$P$11)*1440,-1*(Q34-$P$11)*1440)) -> 40.3 | Q34: 0.29145833 | S34: =IF(L34=0,0,IF(L34=1,R34+$M$13,IF(L34=2,R34+$M$14,IF(L34=3,R34+$M$15,IF(L34=4,R34+$M$16,0))))) -> 0 | T34: =SUM(U34:AB34)/8 -> 4.65625 | U34: =AK34-$AC$13 -> 3 | V34: =AL34-$AD$13 -> 5 | W34: =AM34-$AE$13 -> 7 | X34: =$AF$13-AN34 -> 3 | Y34: =AO34-$AG$13 -> 5 | Z34: =AP34-$AH$13 -> 7 | AA34: =AQ34-$AH$13 -> 1 | AB34: =AR34-$AJ$13 -> 6.25 | AK34: 9 | AL34: 8 | AM34: 9 | AN34: 6 | AO34: 9 | AP34: 9 | AQ34: 3 | AR34: 7 | AS34: =(AT34+BB34+BE34+BJ34)/4 -> 3.25 | AT34: =AU34*AV34 -> 0 | AU34: 4 | AV34: =IF(AW34=1,1,IF(AW34=2,0.9,IF(AW34=3,0.8,IF(AW34=4,0.7,IF(AW34=5,0.6,IF(AW34=6,0.5,IF(AW34=7,0.4,IF(AW34=8,0.3,IF(AW34=9,0.2,IF(AW34=10,0.1,IF(AW34=0,0,0))))))))))) -> 0 | AX34: =IF($AZ$13>=BA34,"YA","TIDAK") -> YA | AY34: =IF($AZ$13-BA34>0,$AZ$13-BA34,"0") -> 0.26 | BA34: 0.75 | BB34: =BC34+BD34 -> 8 | BC34: 8 | BE34: =BF34*BH34*BI34 -> 0 | BH34: 1 | BI34: 5 | BJ34: =SUM(BK34:BV34) -> 5 | BK34: 5
B35: 22 | C35: PA-I;A | D35: A22 | E35: Memasak makan pagi dengan rice cooker | G35: H | H35: DI/MI | I35: =IF(R35>0,IF(S35-$P$11>0,"I","R"),"R") -> R | J35: 3 | L35: 0 | N35: =IF(I35="I",0,IF(AX35="YA",O35+T35+AS35,0)) -> 14.864583 | O35: =IF(P35="-",5,IF(10-(P35/60)>10,10+(P35/60*10),10-(P35/60))) -> 8.3333333 | P35: =IF(Q35="-","-",IF((Q35-$P$11)*1440>1,(Q35-$P$11)*1440,-1*(Q35-$P$11)*1440)) -> 100 | Q35: 0.25 | S35: =IF(L35=0,0,IF(L35=1,R35+$M$13,IF(L35=2,R35+$M$14,IF(L35=3,R35+$M$15,IF(L35=4,R35+$M$16,0))))) -> 0 | T35: =SUM(U35:AB35)/8 -> 2.53125 | U35: =AK35-$AC$13 -> 2 | V35: =AL35-$AD$13 -> 5 | W35: =AM35-$AE$13 -> 6 | X35: =$AF$13-AN35 -> 3 | Y35: =AO35-$AG$13 -> 1 | Z35: =AP35-$AH$13 -> 2 | AA35: =AQ35-$AH$13 -> 0 | AB35: =AR35-$AJ$13 -> 1.25 | AK35: 8 | AL35: 8 | AM35: 8 | AN35: 6 | AO35: 5 | AP35: 4 | AQ35: 2 | AR35: 2 | AS35: =(AT35+BB35+BE35+BJ35)/4 -> 4 | AT35: =AU35*AV35 -> 0 | AU35: 5 | AV35: =IF(AW35=1,1,IF(AW35=2,0.9,IF(AW35=3,0.8,IF(AW35=4,0.7,IF(AW35=5,0.6,IF(AW35=6,0.5,IF(AW35=7,0.4,IF(AW35=8,0.3,IF(AW35=9,0.2,IF(AW35=10,0.1,IF(AW35=0,0,0))))))))))) -> 0 | AX35: =IF($AZ$13>=BA35,"YA","TIDAK") -> YA | AY35: =IF($AZ$13-BA35>0,$AZ$13-BA35,"0") -> 0.01 | BA35: 1 | BB35: =BC35+BD35 -> 8 | BC35: 8 | BE35: =BF35*BH35*BI35 -> 0 | BH35: 1 | BI35: 4 | BJ35: =SUM(BK35:BV35) -> 8 | BK35: 8
B36: 23 | C36: PA-O;E;A24 | D36: A23 | E36: Pergi membeli makan pagi di luar rumah | G36: M;4 | H36: DI | I36: =IF(R36>0,IF(S36-$P$11>0,"I","R"),"R") -> R | J36: -1 | L36: 3 | N36: =IF(I36="I",0,IF(AX36="YA",O36+T36+AS36,0)) -> 17.364583 | O36: =IF(P36="-",5,IF(10-(P36/60)>10,10+(P36/60*10),10-(P36/60))) -> 9.0833333 | P36: =IF(Q36="-","-",IF((Q36-$P$11)*1440>1,(Q36-$P$11)*1440,-1*(Q36-$P$11)*1440)) -> 55 | Q36: 0.28125 | S36: =IF(L36=0,0,IF(L36=1,R36+$M$13,IF(L36=2,R36+$M$14,IF(L36=3,R36+$M$15,IF(L36=4,R36+$M$16,0))))) -> 0.99930556 | T36: =SUM(U36:AB36)/8 -> 5.03125 | U36: =AK36-$AC$13 -> 3 | V36: =AL36-$AD$13 -> 5 | W36: =AM36-$AE$13 -> 7 | X36: =$AF$13-AN36 -> 6 | Y36: =AO36-$AG$13 -> 5 | Z36: =AP36-$AH$13 -> 7 | AA36: =AQ36-$AH$13 -> 1 | AB36: =AR36-$AJ$13 -> 6.25 | AK36: 9 | AL36: 8 | AM36: 9 | AN36: 3 | AO36: 9 | AP36: 9 | AQ36: 3 | AR36: 7 | AS36: =(AT36+BB36+BE36+BJ36)/4 -> 3.25 | AT36: =AU36*AV36 -> 0 | AU36: 8 | AV36: =IF(AW36=1,1,IF(AW36=2,0.9,IF(AW36=3,0.8,IF(AW36=4,0.7,IF(AW36=5,0.6,IF(AW36=6,0.5,IF(AW36=7,0.4,IF(AW36=8,0.3,IF(AW36=9,0.2,IF(AW36=10,0.1,IF(AW36=0,0,0))))))))))) -> 0 | AX36: =IF($AZ$13>=BA36,"YA","TIDAK") -> YA | AY36: =IF($AZ$13-BA36>0,$AZ$13-BA36,"0") -> 0.51 | BA36: 0.5 | BB36: =BC36+BD36 -> 8 | BC36: 8 | BE36: =BF36*BH36*BI36 -> 0 | BJ36: =SUM(BK36:BV36) -> 5 | BK36: 5
B37: 24 | C37: PA-I;E;A23 | D37: A24 | E37: Memasak makan pagi dengan kompor gas | G37: M;3 | H37: DI/MI | I37: =IF(R37>0,IF(S37-$P$11>0,"I","R"),"R") -> R | J37: -1 | L37: 3 | N37: =IF(I37="I",0,IF(AX37="YA",O37+T37+AS37,0)) -> 14.864583 | O37: =IF(P37="-",5,IF(10-(P37/60)>10,10+(P37/60*10),10-(P37/60))) -> 9.0833333 | P37: =IF(Q37="-","-",IF((Q37-$P$11)*1440>1,(Q37-$P$11)*1440,-1*(Q37-$P$11)*1440)) -> 55 | Q37: 0.28125 | S37: =IF(L37=0,0,IF(L37=1,R37+$M$13,IF(L37=2,R37+$M$14,IF(L37=3,R37+$M$15,IF(L37=4,R37+$M$16,0))))) -> 0.99930556 | T37: =SUM(U37:AB37)/8 -> 2.53125 | U37: =AK37-$AC$13 -> 2 | V37: =AL37-$AD$13 -> 5 | W37: =AM37-$AE$13 -> 6 | X37: =$AF$13-AN37 -> 3 | Y37: =AO37-$AG$13 -> 1 | Z37: =AP37-$AH$13 -> 2 | AA37: =AQ37-$AH$13 -> 0 | AB37: =AR37-$AJ$13 -> 1.25 | AK37: 8 | AL37: 8 | AM37: 8 | AN37: 6 | AO37: 5 | AP37: 4 | AQ37: 2 | AR37: 2 | AS37: =(AT37+BB37+BE37+BJ37)/4 -> 3.25 | AT37: =AU37*AV37 -> 0 | AU37: 3 | AV37: =IF(AW37=1,1,IF(AW37=2,0.9,IF(AW37=3,0.8,IF(AW37=4,0.7,IF(AW37=5,0.6,IF(AW37=6,0.5,IF(AW37=7,0.4,IF(AW37=8,0.3,IF(AW37=9,0.2,IF(AW37=10,0.1,IF(AW37=0,0,0))))))))))) -> 0 | AX37: =IF($AZ$13>=BA37,"YA","TIDAK") -> YA | AY37: =IF($AZ$13-BA37>0,$AZ$13-BA37,"0") -> 0.26 | BA37: 0.75 | BB37: =BC37+BD37 -> 6 | BC37: 6 | BE37: =BF37*BH37*BI37 -> 0 | BJ37: =SUM(BK37:BV37) -> 7 | BK37: 7
B38: 25 | C38: PA-I | D38: A25 | E38: Membangunkan anak di pagi hari | G38: H | H38: MI | I38: =IF(R38>0,IF(S38-$P$11>0,"I","R"),"R") -> R | J38: 2 | L38: 0 | N38: =IF(I38="I",0,IF(AX38="YA",O38+T38+AS38,0)) -> 15.364583 | O38: =IF(P38="-",5,IF(10-(P38/60)>10,10+(P38/60*10),10-(P38/60))) -> 9.3333333 | P38: =IF(Q38="-","-",IF((Q38-$P$11)*1440>1,(Q38-$P$11)*1440,-1*(Q38-$P$11)*1440)) -> 40 | Q38: 0.29166667 | S38: =IF(L38=0,0,IF(L38=1,R38+$M$13,IF(L38=2,R38+$M$14,IF(L38=3,R38+$M$15,IF(L38=4,R38+$M$16,0))))) -> 0 | T38: =SUM(U38:AB38)/8 -> 2.53125 | U38: =AK38-$AC$13 -> 2 | V38: =AL38-$AD$13 -> 5 | W38: =AM38-$AE$13 -> 6 | X38: =$AF$13-AN38 -> 3 | Y38: =AO38-$AG$13 -> 1 | Z38: =AP38-$AH$13 -> 2 | AA38: =AQ38-$AH$13 -> 0 | AB38: =AR38-$AJ$13 -> 1.25 | AK38: 8 | AL38: 8 | AM38: 8 | AN38: 6 | AO38: 5 | AP38: 4 | AQ38: 2 | AR38: 2 | AS38: =(AT38+BB38+BE38+BJ38)/4 -> 3.5 | AT38: =AU38*AV38 -> 0 | AU38: 4 | AV38: =IF(AW38=1,1,IF(AW38=2,0.9,IF(AW38=3,0.8,IF(AW38=4,0.7,IF(AW38=5,0.6,IF(AW38=6,0.5,IF(AW38=7,0.4,IF(AW38=8,0.3,IF(AW38=9,0.2,IF(AW38=10,0.1,IF(AW38=0,0,0))))))))))) -> 0 | AX38: =IF($AZ$13>=BA38,"YA","TIDAK") -> YA | AY38: =IF($AZ$13-BA38>0,$AZ$13-BA38,"0") -> 0.76 | BA38: 0.25 | BB38: =BC38+BD38 -> 8 | BC38: 8 | BE38: =BF38*BH38*BI38 -> 0 | BJ38: =SUM(BK38:BV38) -> 6 | BK38: 6
B39: 26 | C39: PR-D;A25 | D39: A26 | E39: Membuat susu anak di pagi hari | G39: H | H39: MI | I39: =IF(R39>0,IF(S39-$P$11>0,"I","R"),"R") -> R | J39: 3 | L39: 0 | N39: =IF(I39="I",0,IF(AX39="YA",O39+T39+AS39,0)) -> 16.864583 | O39: =IF(P39="-",5,IF(10-(P39/60)>10,10+(P39/60*10),10-(P39/60))) -> 9.0833333 | P39: =IF(Q39="-","-",IF((Q39-$P$11)*1440>1,(Q39-$P$11)*1440,-1*(Q39-$P$11)*1440)) -> 55 | Q39: 0.28125 | S39: =IF(L39=0,0,IF(L39=1,R39+$M$13,IF(L39=2,R39+$M$14,IF(L39=3,R39+$M$15,IF(L39=4,R39+$M$16,0))))) -> 0 | T39: =SUM(U39:AB39)/8 -> 4.78125 | U39: =AK39-$AC$13 -> 3 | V39: =AL39-$AD$13 -> 5 | W39: =AM39-$AE$13 -> 7 | X39: =$AF$13-AN39 -> 4 | Y39: =AO39-$AG$13 -> 5 | Z39: =AP39-$AH$13 -> 7 | AA39: =AQ39-$AH$13 -> 1 | AB39: =AR39-$AJ$13 -> 6.25 | AK39: 9 | AL39: 8 | AM39: 9 | AN39: 5 | AO39: 9 | AP39: 9 | AQ39: 3 | AR39: 7 | AS39: =(AT39+BB39+BE39+BJ39)/4 -> 3 | AT39: =AU39*AV39 -> 0 | AU39: 3 | AV39: =IF(AW39=1,1,IF(AW39=2,0.9,IF(AW39=3,0.8,IF(AW39=4,0.7,IF(AW39=5,0.6,IF(AW39=6,0.5,IF(AW39=7,0.4,IF(AW39=8,0.3,IF(AW39=9,0.2,IF(AW39=10,0.1,IF(AW39=0,0,0))))))))))) -> 0 | AX39: =IF($AZ$13>=BA39,"YA","TIDAK") -> YA | AY39: =IF($AZ$13-BA39>0,$AZ$13-BA39,"0") -> 0.76 | BA39: 0.25 | BB39: =BC39+BD39 -> 6 | BC39: 6 | BE39: =BF39*BH39*BI39 -> 0 | BJ39: =SUM(BK39:BV39) -> 6 | BK39: 6
B40: 27 | C40: PA-I | D40: A27 | E40: Membuang sampah | G40: H | H40: MI | I40: =IF(R40>0,IF(S40-$P$11>0,"I","R"),"R") -> I | J40: 1 | L40: 2 | N40: =IF(I40="I",0,IF(AX40="YA",O40+T40+AS40,0)) -> 0 | O40: =IF(P40="-",5,IF(10-(P40/60)>10,10+(P40/60*10),10-(P40/60))) -> 9.3333333 | P40: =IF(Q40="-","-",IF((Q40-$P$11)*1440>1,(Q40-$P$11)*1440,-1*(Q40-$P$11)*1440)) -> 40 | Q40: 0.29166667 | R40: 0.29166667 | S40: =IF(L40=0,0,IF(L40=1,R40+$M$13,IF(L40=2,R40+$M$14,IF(L40=3,R40+$M$15,IF(L40=4,R40+$M$16,0))))) -> 0.79166667 | T40: =SUM(U40:AB40)/8 -> 4.65625 | U40: =AK40-$AC$13 -> 3 | V40: =AL40-$AD$13 -> 5 | W40: =AM40-$AE$13 -> 7 | X40: =$AF$13-AN40 -> 3 | Y40: =AO40-$AG$13 -> 5 | Z40: =AP40-$AH$13 -> 7 | AA40: =AQ40-$AH$13 -> 1 | AB40: =AR40-$AJ$13 -> 6.25 | AK40: 9 | AL40: 8 | AM40: 9 | AN40: 6 | AO40: 9 | AP40: 9 | AQ40: 3 | AR40: 7 | AS40: =(AT40+BB40+BE40+BJ40)/4 -> 3.25 | AT40: =AU40*AV40 -> 0 | AU40: 5 | AV40: =IF(AW40=1,1,IF(AW40=2,0.9,IF(AW40=3,0.8,IF(AW40=4,0.7,IF(AW40=5,0.6,IF(AW40=6,0.5,IF(AW40=7,0.4,IF(AW40=8,0.3,IF(AW40=9,0.2,IF(AW40=10,0.1,IF(AW40=0,0,0))))))))))) -> 0 | AX40: =IF($AZ$13>=BA40,"YA","TIDAK") -> YA | AY40: =IF($AZ$13-BA40>0,$AZ$13-BA40,"0") -> 0.76 | BA40: 0.25 | BB40: =BC40+BD40 -> 8 | BC40: 8 | BE40: =BF40*BH40*BI40 -> 0 | BH40: 1 | BI40: 5 | BJ40: =SUM(BK40:BV40) -> 5 | BK40: 5
B41: 28 | C41: PA-I | D41: A28 | E41: Membakar sampah | G41: M;1 | H41: MI | I41: =IF(R41>0,IF(S41-$P$11>0,"I","R"),"R") -> R | J41: -1 | L41: 3 | N41: =IF(I41="I",0,IF(AX41="YA",O41+T41+AS41,0)) -> 16.489583 | O41: =IF(P41="-",5,IF(10-(P41/60)>10,10+(P41/60*10),10-(P41/60))) -> 9.8333333 | P41: =IF(Q41="-","-",IF((Q41-$P$11)*1440>1,(Q41-$P$11)*1440,-1*(Q41-$P$11)*1440)) -> 10 | Q41: 0.3125 | S41: =IF(L41=0,0,IF(L41=1,R41+$M$13,IF(L41=2,R41+$M$14,IF(L41=3,R41+$M$15,IF(L41=4,R41+$M$16,0))))) -> 0.99930556 | T41: =SUM(U41:AB41)/8 -> 4.15625 | U41: =AK41-$AC$13 -> 3 | V41: =AL41-$AD$13 -> 5 | W41: =AM41-$AE$13 -> 7 | X41: =$AF$13-AN41 -> 3 | Y41: =AO41-$AG$13 -> 5 | Z41: =AP41-$AH$13 -> 7 | AA41: =AQ41-$AH$13 -> 1 | AB41: =AR41-$AJ$13 -> 2.25 | AK41: 9 | AL41: 8 | AM41: 9 | AN41: 6 | AO41: 9 | AP41: 9 | AQ41: 3 | AR41: 3 | AS41: =(AT41+BB41+BE41+BJ41)/4 -> 2.5 | AT41: =AU41*AV41 -> 0 | AU41: 2 | AV41: =IF(AW41=1,1,IF(AW41=2,0.9,IF(AW41=3,0.8,IF(AW41=4,0.7,IF(AW41=5,0.6,IF(AW41=6,0.5,IF(AW41=7,0.4,IF(AW41=8,0.3,IF(AW41=9,0.2,IF(AW41=10,0.1,IF(AW41=0,0,0))))))))))) -> 0 | AX41: =IF($AZ$13>=BA41,"YA","TIDAK") -> YA | AY41: =IF($AZ$13-BA41>0,$AZ$13-BA41,"0") -> 0.01 | BA41: 1 | BB41: =BC41+BD41 -> 5 | BC41: 5 | BE41: =BF41*BH41*BI41 -> 0 | BH41: 1 | BI41: 5 | BJ41: =SUM(BK41:BV41) -> 5 | BK41: 5
B42: 29 | C42: PA-I;A | D42: A29 | E42: Memasak air untuk mandi di pagi hari | G42: H | H42: DI/MI | I42: =IF(R42>0,IF(S42-$P$11>0,"I","R"),"R") -> R | J42: 3 | L42: 0 | N42: =IF(I42="I",0,IF(AX42="YA",O42+T42+AS42,0)) -> 17.864583 | O42: =IF(P42="-",5,IF(10-(P42/60)>10,10+(P42/60*10),10-(P42/60))) -> 9.8333333 | P42: =IF(Q42="-","-",IF((Q42-$P$11)*1440>1,(Q42-$P$11)*1440,-1*(Q42-$P$11)*1440)) -> 10 | Q42: 0.3125 | S42: =IF(L42=0,0,IF(L42=1,R42+$M$13,IF(L42=2,R42+$M$14,IF(L42=3,R42+$M$15,IF(L42=4,R42+$M$16,0))))) -> 0 | T42: =SUM(U42:AB42)/8 -> 4.53125 | U42: =AK42-$AC$13 -> 3 | V42: =AL42-$AD$13 -> 5 | W42: =AM42-$AE$13 -> 7 | X42: =$AF$13-AN42 -> 2 | Y42: =AO42-$AG$13 -> 5 | Z42: =AP42-$AH$13 -> 7 | AA42: =AQ42-$AH$13 -> 3 | AB42: =AR42-$AJ$13 -> 4.25 | AK42: 9 | AL42: 8 | AM42: 9 | AN42: 7 | AO42: 9 | AP42: 9 | AQ42: 5 | AR42: 5 | AS42: =(AT42+BB42+BE42+BJ42)/4 -> 3.5 | AT42: =AU42*AV42 -> 0 | AU42: 3 | AV42: =IF(AW42=1,1,IF(AW42=2,0.9,IF(AW42=3,0.8,IF(AW42=4,0.7,IF(AW42=5,0.6,IF(AW42=6,0.5,IF(AW42=7,0.4,IF(AW42=8,0.3,IF(AW42=9,0.2,IF(AW42=10,0.1,IF(AW42=0,0,0))))))))))) -> 0 | AX42: =IF($AZ$13>=BA42,"YA","TIDAK") -> YA | AY42: =IF($AZ$13-BA42>0,$AZ$13-BA42,"0") -> 0.76 | BA42: 0.25 | BB42: =BC42+BD42 -> 8 | BC42: 8 | BE42: =BF42*BH42*BI42 -> 0 | BH42: 1 | BI42: 8 | BJ42: =SUM(BK42:BV42) -> 6 | BK42: 6
B43: 30 | C43: PR-D;A29 | D43: A30 | E43: Memandikan anak pagi hari | G43: H | H43: MI | I43: =IF(R43>0,IF(S43-$P$11>0,"I","R"),"R") -> R | J43: 3 | L43: 0 | N43: =IF(I43="I",0,IF(AX43="YA",O43+T43+AS43,0)) -> 18.15625 | O43: =IF(P43="-",5,IF(10-(P43/60)>10,10+(P43/60*10),10-(P43/60))) -> 10 | P43: =IF(Q43="-","-",IF((Q43-$P$11)*1440>1,(Q43-$P$11)*1440,-1*(Q43-$P$11)*1440)) -> 7.9936058e-14 | Q43: 0.31944444 | S43: =IF(L43=0,0,IF(L43=1,R43+$M$13,IF(L43=2,R43+$M$14,IF(L43=3,R43+$M$15,IF(L43=4,R43+$M$16,0))))) -> 0 | T43: =SUM(U43:AB43)/8 -> 4.90625 | U43: =AK43-$AC$13 -> 3 | V43: =AL43-$AD$13 -> 5 | W43: =AM43-$AE$13 -> 7 | X43: =$AF$13-AN43 -> 5 | Y43: =AO43-$AG$13 -> 5 | Z43: =AP43-$AH$13 -> 7 | AA43: =AQ43-$AH$13 -> 1 | AB43: =AR43-$AJ$13 -> 6.25 | AK43: 9 | AL43: 8 | AM43: 9 | AN43: 4 | AO43: 9 | AP43: 9 | AQ43: 3 | AR43: 7 | AS43: =(AT43+BB43+BE43+BJ43)/4 -> 3.25 | AT43: =AU43*AV43 -> 0 | AU43: 5 | AV43: =IF(AW43=1,1,IF(AW43=2,0.9,IF(AW43=3,0.8,IF(AW43=4,0.7,IF(AW43=5,0.6,IF(AW43=6,0.5,IF(AW43=7,0.4,IF(AW43=8,0.3,IF(AW43=9,0.2,IF(AW43=10,0.1,IF(AW43=0,0,0))))))))))) -> 0 | AX43: =IF($AZ$13>=BA43,"YA","TIDAK") -> YA | AY43: =IF($AZ$13-BA43>0,$AZ$13-BA43,"0") -> 0.76 | BA43: 0.25 | BB43: =BC43+BD43 -> 8 | BC43: 8 | BE43: =BF43*BH43*BI43 -> 0 | BJ43: =SUM(BK43:BV43) -> 5 | BK43: 5
B44: 31 | C44: PA-I | D44: A31 | E44: Membuat minuman herbal | G44: H | H44: MI | I44: =IF(R44>0,IF(S44-$P$11>0,"I","R"),"R") -> R | J44: 3 | L44: 0 | N44: =IF(I44="I",0,IF(AX44="YA",O44+T44+AS44,0)) -> 18.197917 | O44: =IF(P44="-",5,IF(10-(P44/60)>10,10+(P44/60*10),10-(P44/60))) -> 9.9166667 | P44: =IF(Q44="-","-",IF((Q44-$P$11)*1440>1,(Q44-$P$11)*1440,-1*(Q44-$P$11)*1440)) -> 5 | Q44: 0.32291667 | S44: =IF(L44=0,0,IF(L44=1,R44+$M$13,IF(L44=2,R44+$M$14,IF(L44=3,R44+$M$15,IF(L44=4,R44+$M$16,0))))) -> 0 | T44: =SUM(U44:AB44)/8 -> 4.78125 | U44: =AK44-$AC$13 -> 3 | V44: =AL44-$AD$13 -> 5 | W44: =AM44-$AE$13 -> 7 | X44: =$AF$13-AN44 -> 4 | Y44: =AO44-$AG$13 -> 5 | Z44: =AP44-$AH$13 -> 7 | AA44: =AQ44-$AH$13 -> 1 | AB44: =AR44-$AJ$13 -> 6.25 | AK44: 9 | AL44: 8 | AM44: 9 | AN44: 5 | AO44: 9 | AP44: 9 | AQ44: 3 | AR44: 7 | AS44: =(AT44+BB44+BE44+BJ44)/4 -> 3.5 | AT44: =AU44*AV44 -> 0 | AU44: 6 | AV44: =IF(AW44=1,1,IF(AW44=2,0.9,IF(AW44=3,0.8,IF(AW44=4,0.7,IF(AW44=5,0.6,IF(AW44=6,0.5,IF(AW44=7,0.4,IF(AW44=8,0.3,IF(AW44=9,0.2,IF(AW44=10,0.1,IF(AW44=0,0,0))))))))))) -> 0 | AX44: =IF($AZ$13>=BA44,"YA","TIDAK") -> YA | AY44: =IF($AZ$13-BA44>0,$AZ$13-BA44,"0") -> 0.76 | BA44: 0.25 | BB44: =BC44+BD44 -> 8 | BC44: 8 | BE44: =BF44*BH44*BI44 -> 0 | BH44: 1 | BI44: 8 | BJ44: =SUM(BK44:BV44) -> 6 | BK44: 6
B45: 32 | C45: PA-I | D45: A32 | E45: Menyuapi anak makan pagi | G45: H | H45: MI | I45: =IF(R45>0,IF(S45-$P$11>0,"I","R"),"R") -> R | J45: 3 | L45: 0 | N45: =IF(I45="I",0,IF(AX45="YA",O45+T45+AS45,0)) -> 16.447917 | O45: =IF(P45="-",5,IF(10-(P45/60)>10,10+(P45/60*10),10-(P45/60))) -> 9.6666667 | P45: =IF(Q45="-","-",IF((Q45-$P$11)*1440>1,(Q45-$P$11)*1440,-1*(Q45-$P$11)*1440)) -> 20 | Q45: 0.33333333 | S45: =IF(L45=0,0,IF(L45=1,R45+$M$13,IF(L45=2,R45+$M$14,IF(L45=3,R45+$M$15,IF(L45=4,R45+$M$16,0))))) -> 0 | T45: =SUM(U45:AB45)/8 -> 3.53125 | U45: =AK45-$AC$13 -> 2 | V45: =AL45-$AD$13 -> 5 | W45: =AM45-$AE$13 -> 7 | X45: =$AF$13-AN45 -> 6 | Y45: =AO45-$AG$13 -> 5 | Z45: =AP45-$AH$13 -> 2 | AA45: =AQ45-$AH$13 -> 0 | AB45: =AR45-$AJ$13 -> 1.25 | AK45: 8 | AL45: 8 | AM45: 9 | AN45: 3 | AO45: 9 | AP45: 4 | AQ45: 2 | AR45: 2 | AS45: =(AT45+BB45+BE45+BJ45)/4 -> 3.25 | AT45: =AU45*AV45 -> 0 | AU45: 5 | AV45: =IF(AW45=1,1,IF(AW45=2,0.9,IF(AW45=3,0.8,IF(AW45=4,0.7,IF(AW45=5,0.6,IF(AW45=6,0.5,IF(AW45=7,0.4,IF(AW45=8,0.3,IF(AW45=9,0.2,IF(AW45=10,0.1,IF(AW45=0,0,0))))))))))) -> 0 | AX45: =IF($AZ$13>=BA45,"YA","TIDAK") -> YA | AY45: =IF($AZ$13-BA45>0,$AZ$13-BA45,"0") -> 0.76 | BA45: 0.25 | BB45: =BC45+BD45 -> 8 | BC45: 8 | BE45: =BF45*BH45*BI45 -> 0 | BJ45: =SUM(BK45:BV45) -> 5 | BK45: 5
B46: 33 | C46: PA-O | D46: A33 | E46: Bekerja di luar rumah | G46: 1/7 s/d 5/7 | H46: MI | I46: =IF(R46>0,IF(S46-$P$11>0,"I","R"),"R") -> R | J46: 3 | L46: 0 | N46: =IF(I46="I",0,IF(AX46="YA",O46+T46+AS46,0)) -> 15.072917 | O46: =IF(P46="-",5,IF(10-(P46/60)>10,10+(P46/60*10),10-(P46/60))) -> 9.1666667 | P46: =IF(Q46="-","-",IF((Q46-$P$11)*1440>1,(Q46-$P$11)*1440,-1*(Q46-$P$11)*1440)) -> 50 | Q46: 0.35416667 | S46: =IF(L46=0,0,IF(L46=1,R46+$M$13,IF(L46=2,R46+$M$14,IF(L46=3,R46+$M$15,IF(L46=4,R46+$M$16,0))))) -> 0 | T46: =SUM(U46:AB46)/8 -> 2.15625 | U46: =AK46-$AC$13 -> -1 | V46: =AL46-$AD$13 -> 2 | W46: =AM46-$AE$13 -> 3 | X46: =$AF$13-AN46 -> 3 | Y46: =AO46-$AG$13 -> 1 | Z46: =AP46-$AH$13 -> 3 | AA46: =AQ46-$AH$13 -> 1 | AB46: =AR46-$AJ$13 -> 5.25 | AK46: 5 | AL46: 5 | AM46: 5 | AN46: 6 | AO46: 5 | AP46: 5 | AQ46: 3 | AR46: 6 | AS46: =(AT46+BB46+BE46+BJ46)/4 -> 3.75 | AT46: =AU46*AV46 -> 0 | AU46: 7 | AV46: =IF(AW46=1,1,IF(AW46=2,0.9,IF(AW46=3,0.8,IF(AW46=4,0.7,IF(AW46=5,0.6,IF(AW46=6,0.5,IF(AW46=7,0.4,IF(AW46=8,0.3,IF(AW46=9,0.2,IF(AW46=10,0.1,IF(AW46=0,0,0))))))))))) -> 0 | AX46: =IF($AZ$13>=BA46,"YA","TIDAK") -> YA | AY46: =IF($AZ$13-BA46>0,$AZ$13-BA46,"0") -> 0.26 | BA46: 0.75 | BB46: =BC46+BD46 -> 10 | BC46: 10 | BE46: =BF46*BH46*BI46 -> 0 | BH46: 1 | BI46: 8 | BJ46: =SUM(BK46:BV46) -> 5 | BK46: 5
B47: 34 | C47: PA-I | D47: A34 | E47: Menyiram tanaman pagi hari | G47: H | H47: DI | I47: =IF(R47>0,IF(S47-$P$11>0,"I","R"),"R") -> R | J47: -1 | L47: 3 | N47: =IF(I47="I",0,IF(AX47="YA",O47+T47+AS47,0)) -> 12.822917 | O47: =IF(P47="-",5,IF(10-(P47/60)>10,10+(P47/60*10),10-(P47/60))) -> 8.6666667 | P47: =IF(Q47="-","-",IF((Q47-$P$11)*1440>1,(Q47-$P$11)*1440,-1*(Q47-$P$11)*1440)) -> 80 | Q47: 0.375 | S47: =IF(L47=0,0,IF(L47=1,R47+$M$13,IF(L47=2,R47+$M$14,IF(L47=3,R47+$M$15,IF(L47=4,R47+$M$16,0))))) -> 0.99930556 | T47: =SUM(U47:AB47)/8 -> 2.15625 | U47: =AK47-$AC$13 -> 0 | V47: =AL47-$AD$13 -> 5 | W47: =AM47-$AE$13 -> 6 | X47: =$AF$13-AN47 -> 5 | Y47: =AO47-$AG$13 -> 0 | Z47: =AP47-$AH$13 -> 0 | AA47: =AQ47-$AH$13 -> -1 | AB47: =AR47-$AJ$13 -> 2.25 | AK47: 6 | AL47: 8 | AM47: 8 | AN47: 4 | AO47: 4 | AP47: 2 | AQ47: 1 | AR47: 3 | AS47: =(AT47+BB47+BE47+BJ47)/4 -> 2 | AT47: =AU47*AV47 -> 0 | AU47: 8 | AV47: =IF(AW47=1,1,IF(AW47=2,0.9,IF(AW47=3,0.8,IF(AW47=4,0.7,IF(AW47=5,0.6,IF(AW47=6,0.5,IF(AW47=7,0.4,IF(AW47=8,0.3,IF(AW47=9,0.2,IF(AW47=10,0.1,IF(AW47=0,0,0))))))))))) -> 0 | AX47: =IF($AZ$13>=BA47,"YA","TIDAK") -> YA | AY47: =IF($AZ$13-BA47>0,$AZ$13-BA47,"0") -> 0.76 | BA47: 0.25 | BB47: =BC47+BD47 -> 5 | BC47: 5 | BE47: =BF47*BH47*BI47 -> 0 | BJ47: =SUM(BK47:BV47) -> 3 | BK47: 3
B48: 35 | C48: PA-I | D48: A35 | E48: Bermain dengan anak di pagi hari | G48: H | H48: DI | I48: =IF(R48>0,IF(S48-$P$11>0,"I","R"),"R") -> R | J48: -1 | L48: 3 | N48: =IF(I48="I",0,IF(AX48="YA",O48+T48+AS48,0)) -> 13.447917 | O48: =IF(P48="-",5,IF(10-(P48/60)>10,10+(P48/60*10),10-(P48/60))) -> 8.6666667 | P48: =IF(Q48="-","-",IF((Q48-$P$11)*1440>1,(Q48-$P$11)*1440,-1*(Q48-$P$11)*1440)) -> 80 | Q48: 0.375 | S48: =IF(L48=0,0,IF(L48=1,R48+$M$13,IF(L48=2,R48+$M$14,IF(L48=3,R48+$M$15,IF(L48=4,R48+$M$16,0))))) -> 0.99930556 | T48: =SUM(U48:AB48)/8 -> 2.78125 | U48: =AK48-$AC$13 -> 2 | V48: =AL48-$AD$13 -> 5 | W48: =AM48-$AE$13 -> 4 | X48: =$AF$13-AN48 -> 6 | Y48: =AO48-$AG$13 -> 2 | Z48: =AP48-$AH$13 -> 2 | AA48: =AQ48-$AH$13 -> 0 | AB48: =AR48-$AJ$13 -> 1.25 | AK48: 8 | AL48: 8 | AM48: 6 | AN48: 3 | AO48: 6 | AP48: 4 | AQ48: 2 | AR48: 2 | AS48: =(AT48+BB48+BE48+BJ48)/4 -> 2 | AT48: =AU48*AV48 -> 0 | AU48: 5 | AV48: =IF(AW48=1,1,IF(AW48=2,0.9,IF(AW48=3,0.8,IF(AW48=4,0.7,IF(AW48=5,0.6,IF(AW48=6,0.5,IF(AW48=7,0.4,IF(AW48=8,0.3,IF(AW48=9,0.2,IF(AW48=10,0.1,IF(AW48=0,0,0))))))))))) -> 0 | AX48: =IF($AZ$13>=BA48,"YA","TIDAK") -> YA | AY48: =IF($AZ$13-BA48>0,$AZ$13-BA48,"0") -> 0.51 | BA48: 0.5 | BB48: =BC48+BD48 -> 3 | BC48: 3 | BE48: =BF48*BH48*BI48 -> 0 | BJ48: =SUM(BK48:BV48) -> 5 | BK48: 5
B49: 36 | C49: PA-O | D49: A36 | E49: Pergi jalan ke luar rumah di akhir pekan | G49: 6/7 ; 7/7 | H49: DI | I49: =IF(R49>0,IF(S49-$P$11>0,"I","R"),"R") -> R | J49: -1 | L49: 4 | N49: =IF(I49="I",0,IF(AX49="YA",O49+T49+AS49,0)) -> 13.572917 | O49: =IF(P49="-",5,IF(10-(P49/60)>10,10+(P49/60*10),10-(P49/60))) -> 8.6666667 | P49: =IF(Q49="-","-",IF((Q49-$P$11)*1440>1,(Q49-$P$11)*1440,-1*(Q49-$P$11)*1440)) -> 80 | Q49: 0.375 | S49: =IF(L49=0,0,IF(L49=1,R49+$M$13,IF(L49=2,R49+$M$14,IF(L49=3,R49+$M$15,IF(L49=4,R49+$M$16,0))))) -> 7 | T49: =SUM(U49:AB49)/8 -> 2.15625 | U49: =AK49-$AC$13 -> -1 | V49: =AL49-$AD$13 -> 2 | W49: =AM49-$AE$13 -> 3 | X49: =$AF$13-AN49 -> 3 | Y49: =AO49-$AG$13 -> 1 | Z49: =AP49-$AH$13 -> 3 | AA49: =AQ49-$AH$13 -> 1 | AB49: =AR49-$AJ$13 -> 5.25 | AK49: 5 | AL49: 5 | AM49: 5 | AN49: 6 | AO49: 5 | AP49: 5 | AQ49: 3 | AR49: 6 | AS49: =(AT49+BB49+BE49+BJ49)/4 -> 2.75 | AT49: =AU49*AV49 -> 0 | AU49: 8 | AV49: =IF(AW49=1,1,IF(AW49=2,0.9,IF(AW49=3,0.8,IF(AW49=4,0.7,IF(AW49=5,0.6,IF(AW49=6,0.5,IF(AW49=7,0.4,IF(AW49=8,0.3,IF(AW49=9,0.2,IF(AW49=10,0.1,IF(AW49=0,0,0))))))))))) -> 0 | AX49: =IF($AZ$13>=BA49,"YA","TIDAK") -> YA | AY49: =IF($AZ$13-BA49>0,$AZ$13-BA49,"0") -> 0.76 | BA49: 0.25 | BB49: =BC49+BD49 -> 8 | BC49: 8 | BE49: =BF49*BH49*BI49 -> 0 | BJ49: =SUM(BK49:BV49) -> 3 | BK49: 3
B50: 37 | C50: PA-I | D50: A37 | E50: Membersihkan KM Dalam | G50: H | H50: MI | I50: =IF(R50>0,IF(S50-$P$11>0,"I","R"),"R") -> R | J50: 1 | L50: 2 | N50: =IF(I50="I",0,IF(AX50="YA",O50+T50+AS50,0)) -> 14.197917 | O50: =IF(P50="-",5,IF(10-(P50/60)>10,10+(P50/60*10),10-(P50/60))) -> 8.1666667 | P50: =IF(Q50="-","-",IF((Q50-$P$11)*1440>1,(Q50-$P$11)*1440,-1*(Q50-$P$11)*1440)) -> 110 | Q50: 0.39583333 | S50: =IF(L50=0,0,IF(L50=1,R50+$M$13,IF(L50=2,R50+$M$14,IF(L50=3,R50+$M$15,IF(L50=4,R50+$M$16,0))))) -> 0.5 | T50: =SUM(U50:AB50)/8 -> 2.78125 | U50: =AK50-$AC$13 -> 4 | V50: =AL50-$AD$13 -> 5 | W50: =AM50-$AE$13 -> 6 | X50: =$AF$13-AN50 -> 3 | Y50: =AO50-$AG$13 -> 0 | Z50: =AP50-$AH$13 -> 1 | AA50: =AQ50-$AH$13 -> 1 | AB50: =AR50-$AJ$13 -> 2.25 | AK50: 10 | AL50: 8 | AM50: 8 | AN50: 6 | AO50: 4 | AP50: 3 | AQ50: 3 | AR50: 3 | AS50: =(AT50+BB50+BE50+BJ50)/4 -> 3.25 | AT50: =AU50*AV50 -> 0 | AU50: 5 | AV50: =IF(AW50=1,1,IF(AW50=2,0.9,IF(AW50=3,0.8,IF(AW50=4,0.7,IF(AW50=5,0.6,IF(AW50=6,0.5,IF(AW50=7,0.4,IF(AW50=8,0.3,IF(AW50=9,0.2,IF(AW50=10,0.1,IF(AW50=0,0,0))))))))))) -> 0 | AX50: =IF($AZ$13>=BA50,"YA","TIDAK") -> YA | AY50: =IF($AZ$13-BA50>0,$AZ$13-BA50,"0") -> 0.26 | BA50: 0.75 | BB50: =BC50+BD50 -> 8 | BC50: 8 | BE50: =BF50*BH50*BI50 -> 0 | BH50: 1 | BI50: 5 | BJ50: =SUM(BK50:BV50) -> 5 | BK50: 5
B51: 38 | C51: PA-I | D51: A38 | E51: Membersihkan KM Tengah | G51: H | H51: MI | I51: =IF(R51>0,IF(S51-$P$11>0,"I","R"),"R") -> R | J51: 1 | L51: 2 | N51: =IF(I51="I",0,IF(AX51="YA",O51+T51+AS51,0)) -> 14.564583 | O51: =IF(P51="-",5,IF(10-(P51/60)>10,10+(P51/60*10),10-(P51/60))) -> 8.0333333 | P51: =IF(Q51="-","-",IF((Q51-$P$11)*1440>1,(Q51-$P$11)*1440,-1*(Q51-$P$11)*1440)) -> 118 | Q51: 0.40138889 | S51: =IF(L51=0,0,IF(L51=1,R51+$M$13,IF(L51=2,R51+$M$14,IF(L51=3,R51+$M$15,IF(L51=4,R51+$M$16,0))))) -> 0.5 | T51: =SUM(U51:AB51)/8 -> 2.78125 | U51: =AK51-$AC$13 -> 4 | V51: =AL51-$AD$13 -> 5 | W51: =AM51-$AE$13 -> 6 | X51: =$AF$13-AN51 -> 3 | Y51: =AO51-$AG$13 -> 0 | Z51: =AP51-$AH$13 -> 1 | AA51: =AQ51-$AH$13 -> 1 | AB51: =AR51-$AJ$13 -> 2.25 | AK51: 10 | AL51: 8 | AM51: 8 | AN51: 6 | AO51: 4 | AP51: 3 | AQ51: 3 | AR51: 3 | AS51: =(AT51+BB51+BE51+BJ51)/4 -> 3.75 | AT51: =AU51*AV51 -> 0 | AU51: 5 | AV51: =IF(AW51=1,1,IF(AW51=2,0.9,IF(AW51=3,0.8,IF(AW51=4,0.7,IF(AW51=5,0.6,IF(AW51=6,0.5,IF(AW51=7,0.4,IF(AW51=8,0.3,IF(AW51=9,0.2,IF(AW51=10,0.1,IF(AW51=0,0,0))))))))))) -> 0 | AX51: =IF($AZ$13>=BA51,"YA","TIDAK") -> YA | AY51: =IF($AZ$13-BA51>0,$AZ$13-BA51,"0") -> 0.26 | BA51: 0.75 | BB51: =BC51+BD51 -> 10 | BC51: 10 | BE51: =BF51*BH51*BI51 -> 0 | BH51: 1 | BI51: 5 | BJ51: =SUM(BK51:BV51) -> 5 | BK51: 5
B52: 39 | C52: PA-I | D52: A39 | E52: Membersihkan KM Belakang | G52: H | H52: MI | I52: =IF(R52>0,IF(S52-$P$11>0,"I","R"),"R") -> R | J52: 1 | L52: 2 | N52: =IF(I52="I",0,IF(AX52="YA",O52+T52+AS52,0)) -> 14.397917 | O52: =IF(P52="-",5,IF(10-(P52/60)>10,10+(P52/60*10),10-(P52/60))) -> 7.8666667 | P52: =IF(Q52="-","-",IF((Q52-$P$11)*1440>1,(Q52-$P$11)*1440,-1*(Q52-$P$11)*1440)) -> 128 | Q52: 0.40833333 | S52: =IF(L52=0,0,IF(L52=1,R52+$M$13,IF(L52=2,R52+$M$14,IF(L52=3,R52+$M$15,IF(L52=4,R52+$M$16,0))))) -> 0.5 | T52: =SUM(U52:AB52)/8 -> 2.78125 | U52: =AK52-$AC$13 -> 4 | V52: =AL52-$AD$13 -> 5 | W52: =AM52-$AE$13 -> 6 | X52: =$AF$13-AN52 -> 3 | Y52: =AO52-$AG$13 -> 0 | Z52: =AP52-$AH$13 -> 1 | AA52: =AQ52-$AH$13 -> 1 | AB52: =AR52-$AJ$13 -> 2.25 | AK52: 10 | AL52: 8 | AM52: 8 | AN52: 6 | AO52: 4 | AP52: 3 | AQ52: 3 | AR52: 3 | AS52: =(AT52+BB52+BE52+BJ52)/4 -> 3.75 | AT52: =AU52*AV52 -> 0 | AU52: 5 | AV52: =IF(AW52=1,1,IF(AW52=2,0.9,IF(AW52=3,0.8,IF(AW52=4,0.7,IF(AW52=5,0.6,IF(AW52=6,0.5,IF(AW52=7,0.4,IF(AW52=8,0.3,IF(AW52=9,0.2,IF(AW52=10,0.1,IF(AW52=0,0,0))))))))))) -> 0 | AX52: =IF($AZ$13>=BA52,"YA","TIDAK") -> YA | AY52: =IF($AZ$13-BA52>0,$AZ$13-BA52,"0") -> 0.26 | BA52: 0.75 | BB52: =BC52+BD52 -> 10 | BC52: 10 | BE52: =BF52*BH52*BI52 -> 0 | BH52: 1 | BI52: 5 | BJ52: =SUM(BK52:BV52) -> 5 | BK52: 5
B53: 40 | C53: PA-I | D53: A40 | E53: Membersihkan KM Lt. 2 | G53: H | H53: MI | I53: =IF(R53>0,IF(S53-$P$11>0,"I","R"),"R") -> R | J53: 1 | L53: 2 | N53: =IF(I53="I",0,IF(AX53="YA",O53+T53+AS53,0)) -> 13.23125 | O53: =IF(P53="-",5,IF(10-(P53/60)>10,10+(P53/60*10),10-(P53/60))) -> 7.7 | P53: =IF(Q53="-","-",IF((Q53-$P$11)*1440>1,(Q53-$P$11)*1440,-1*(Q53-$P$11)*1440)) -> 138 | Q53: 0.41527778 | S53: =IF(L53=0,0,IF(L53=1,R53+$M$13,IF(L53=2,R53+$M$14,IF(L53=3,R53+$M$15,IF(L53=4,R53+$M$16,0))))) -> 0.5 | T53: =SUM(U53:AB53)/8 -> 2.78125 | U53: =AK53-$AC$13 -> 4 | V53: =AL53-$AD$13 -> 5 | W53: =AM53-$AE$13 -> 6 | X53: =$AF$13-AN53 -> 3 | Y53: =AO53-$AG$13 -> 0 | Z53: =AP53-$AH$13 -> 1 | AA53: =AQ53-$AH$13 -> 1 | AB53: =AR53-$AJ$13 -> 2.25 | AK53: 10 | AL53: 8 | AM53: 8 | AN53: 6 | AO53: 4 | AP53: 3 | AQ53: 3 | AR53: 3 | AS53: =(AT53+BB53+BE53+BJ53)/4 -> 2.75 | AT53: =AU53*AV53 -> 0 | AU53: 5 | AV53: =IF(AW53=1,1,IF(AW53=2,0.9,IF(AW53=3,0.8,IF(AW53=4,0.7,IF(AW53=5,0.6,IF(AW53=6,0.5,IF(AW53=7,0.4,IF(AW53=8,0.3,IF(AW53=9,0.2,IF(AW53=10,0.1,IF(AW53=0,0,0))))))))))) -> 0 | AX53: =IF($AZ$13>=BA53,"YA","TIDAK") -> YA | AY53: =IF($AZ$13-BA53>0,$AZ$13-BA53,"0") -> 0.26 | BA53: 0.75 | BB53: =BC53+BD53 -> 6 | BC53: 6 | BE53: =BF53*BH53*BI53 -> 0 | BH53: 1 | BI53: 5 | BJ53: =SUM(BK53:BV53) -> 5 | BK53: 5
B54: 41 | C54: PA-I;E;A42 | D54: A41 | E54: Mencuci baju konvensional | G54: H | H54: DI | I54: =IF(R54>0,IF(S54-$P$11>0,"I","R"),"R") -> R | J54: 2 | L54: 1 | N54: =IF(I54="I",0,IF(AX54="YA",O54+T54+AS54,0)) -> 15.197917 | O54: =IF(P54="-",5,IF(10-(P54/60)>10,10+(P54/60*10),10-(P54/60))) -> 7.6666667 | P54: =IF(Q54="-","-",IF((Q54-$P$11)*1440>1,(Q54-$P$11)*1440,-1*(Q54-$P$11)*1440)) -> 140 | Q54: 0.41666667 | S54: =IF(L54=0,0,IF(L54=1,R54+$M$13,IF(L54=2,R54+$M$14,IF(L54=3,R54+$M$15,IF(L54=4,R54+$M$16,0))))) -> 0.25 | T54: =SUM(U54:AB54)/8 -> 4.53125 | U54: =AK54-$AC$13 -> 3 | V54: =AL54-$AD$13 -> 5 | W54: =AM54-$AE$13 -> 7 | X54: =$AF$13-AN54 -> 2 | Y54: =AO54-$AG$13 -> 5 | Z54: =AP54-$AH$13 -> 7 | AA54: =AQ54-$AH$13 -> 1 | AB54: =AR54-$AJ$13 -> 6.25 | AK54: 9 | AL54: 8 | AM54: 9 | AN54: 7 | AO54: 9 | AP54: 9 | AQ54: 3 | AR54: 7 | AS54: =(AT54+BB54+BE54+BJ54)/4 -> 3 | AT54: =AU54*AV54 -> 0 | AU54: 3 | AV54: =IF(AW54=1,1,IF(AW54=2,0.9,IF(AW54=3,0.8,IF(AW54=4,0.7,IF(AW54=5,0.6,IF(AW54=6,0.5,IF(AW54=7,0.4,IF(AW54=8,0.3,IF(AW54=9,0.2,IF(AW54=10,0.1,IF(AW54=0,0,0))))))))))) -> 0 | AX54: =IF($AZ$13>=BA54,"YA","TIDAK") -> YA | AY54: =IF($AZ$13-BA54>0,$AZ$13-BA54,"0") -> 0.51 | BA54: 0.5 | BB54: =BC54+BD54 -> 6 | BC54: 6 | BE54: =BF54*BH54*BI54 -> 0 | BH54: 1 | BI54: 5 | BJ54: =SUM(BK54:BV54) -> 6 | BK54: 6
B55: 42 | C55: PA-I;E;A41 | D55: A42 | E55: Mencuci dengan mesin cuci | G55: H | H55: DI | I55: =IF(R55>0,IF(S55-$P$11>0,"I","R"),"R") -> R | J55: 3 | L55: 1 | N55: =IF(I55="I",0,IF(AX55="YA",O55+T55+AS55,0)) -> 15.697917 | O55: =IF(P55="-",5,IF(10-(P55/60)>10,10+(P55/60*10),10-(P55/60))) -> 7.6666667 | P55: =IF(Q55="-","-",IF((Q55-$P$11)*1440>1,(Q55-$P$11)*1440,-1*(Q55-$P$11)*1440)) -> 140 | Q55: 0.41666667 | S55: =IF(L55=0,0,IF(L55=1,R55+$M$13,IF(L55=2,R55+$M$14,IF(L55=3,R55+$M$15,IF(L55=4,R55+$M$16,0))))) -> 0.25 | T55: =SUM(U55:AB55)/8 -> 4.78125 | U55: =AK55-$AC$13 -> 3 | V55: =AL55-$AD$13 -> 5 | W55: =AM55-$AE$13 -> 7 | X55: =$AF$13-AN55 -> 4 | Y55: =AO55-$AG$13 -> 5 | Z55: =AP55-$AH$13 -> 7 | AA55: =AQ55-$AH$13 -> 1 | AB55: =AR55-$AJ$13 -> 6.25 | AK55: 9 | AL55: 8 | AM55: 9 | AN55: 5 | AO55: 9 | AP55: 9 | AQ55: 3 | AR55: 7 | AS55: =(AT55+BB55+BE55+BJ55)/4 -> 3.25 | AT55: =AU55*AV55 -> 0 | AU55: 5 | AV55: =IF(AW55=1,1,IF(AW55=2,0.9,IF(AW55=3,0.8,IF(AW55=4,0.7,IF(AW55=5,0.6,IF(AW55=6,0.5,IF(AW55=7,0.4,IF(AW55=8,0.3,IF(AW55=9,0.2,IF(AW55=10,0.1,IF(AW55=0,0,0))))))))))) -> 0 | AX55: =IF($AZ$13>=BA55,"YA","TIDAK") -> YA | AY55: =IF($AZ$13-BA55>0,$AZ$13-BA55,"0") -> 0.76 | BA55: 0.25 | BB55: =BC55+BD55 -> 7 | BC55: 7 | BE55: =BF55*BH55*BI55 -> 0 | BH55: 1 | BI55: 7 | BJ55: =SUM(BK55:BV55) -> 6 | BK55: 6
B56: 43 | C56: PR-D;A41;A42 | D56: A43 | E56: Menjemur pakaian | G56: H | H56: DI | I56: =IF(R56>0,IF(S56-$P$11>0,"I","R"),"R") -> R | J56: 3 | L56: 0 | N56: =IF(I56="I",0,IF(AX56="YA",O56+T56+AS56,0)) -> 15.572917 | O56: =IF(P56="-",5,IF(10-(P56/60)>10,10+(P56/60*10),10-(P56/60))) -> 7.1666667 | P56: =IF(Q56="-","-",IF((Q56-$P$11)*1440>1,(Q56-$P$11)*1440,-1*(Q56-$P$11)*1440)) -> 170 | Q56: 0.4375 | S56: =IF(L56=0,0,IF(L56=1,R56+$M$13,IF(L56=2,R56+$M$14,IF(L56=3,R56+$M$15,IF(L56=4,R56+$M$16,0))))) -> 0 | T56: =SUM(U56:AB56)/8 -> 4.65625 | U56: =AK56-$AC$13 -> 3 | V56: =AL56-$AD$13 -> 5 | W56: =AM56-$AE$13 -> 7 | X56: =$AF$13-AN56 -> 3 | Y56: =AO56-$AG$13 -> 5 | Z56: =AP56-$AH$13 -> 7 | AA56: =AQ56-$AH$13 -> 1 | AB56: =AR56-$AJ$13 -> 6.25 | AK56: 9 | AL56: 8 | AM56: 9 | AN56: 6 | AO56: 9 | AP56: 9 | AQ56: 3 | AR56: 7 | AS56: =(AT56+BB56+BE56+BJ56)/4 -> 3.75 | AT56: =AU56*AV56 -> 0 | AU56: 5 | AV56: =IF(AW56=1,1,IF(AW56=2,0.9,IF(AW56=3,0.8,IF(AW56=4,0.7,IF(AW56=5,0.6,IF(AW56=6,0.5,IF(AW56=7,0.4,IF(AW56=8,0.3,IF(AW56=9,0.2,IF(AW56=10,0.1,IF(AW56=0,0,0))))))))))) -> 0 | AX56: =IF($AZ$13>=BA56,"YA","TIDAK") -> YA | AY56: =IF($AZ$13-BA56>0,$AZ$13-BA56,"0") -> 0.26 | BA56: 0.75 | BB56: =BC56+BD56 -> 10 | BC56: 10 | BE56: =BF56*BH56*BI56 -> 0 | BJ56: =SUM(BK56:BV56) -> 5 | BK56: 5
B57: 44 | C57: PA-I | D57: A44 | E57: Menjahit | G57: H | H57: DI | I57: =IF(R57>0,IF(S57-$P$11>0,"I","R"),"R") -> R | J57: 1 | L57: 2 | N57: =IF(I57="I",0,IF(AX57="YA",O57+T57+AS57,0)) -> 13.822917 | O57: =IF(P57="-",5,IF(10-(P57/60)>10,10+(P57/60*10),10-(P57/60))) -> 7.6666667 | P57: =IF(Q57="-","-",IF((Q57-$P$11)*1440>1,(Q57-$P$11)*1440,-1*(Q57-$P$11)*1440)) -> 140 | Q57: 0.41666667 | S57: =IF(L57=0,0,IF(L57=1,R57+$M$13,IF(L57=2,R57+$M$14,IF(L57=3,R57+$M$15,IF(L57=4,R57+$M$16,0))))) -> 0.5 | T57: =SUM(U57:AB57)/8 -> 2.15625 | U57: =AK57-$AC$13 -> 0 | V57: =AL57-$AD$13 -> 5 | W57: =AM57-$AE$13 -> 6 | X57: =$AF$13-AN57 -> 5 | Y57: =AO57-$AG$13 -> 0 | Z57: =AP57-$AH$13 -> 0 | AA57: =AQ57-$AH$13 -> -1 | AB57: =AR57-$AJ$13 -> 2.25 | AK57: 6 | AL57: 8 | AM57: 8 | AN57: 4 | AO57: 4 | AP57: 2 | AQ57: 1 | AR57: 3 | AS57: =(AT57+BB57+BE57+BJ57)/4 -> 4 | AT57: =AU57*AV57 -> 0 | AU57: 10 | AV57: =IF(AW57=1,1,IF(AW57=2,0.9,IF(AW57=3,0.8,IF(AW57=4,0.7,IF(AW57=5,0.6,IF(AW57=6,0.5,IF(AW57=7,0.4,IF(AW57=8,0.3,IF(AW57=9,0.2,IF(AW57=10,0.1,IF(AW57=0,0,0))))))))))) -> 0 | AX57: =IF($AZ$13>=BA57,"YA","TIDAK") -> YA | AY57: =IF($AZ$13-BA57>0,$AZ$13-BA57,"0") -> 0.76 | BA57: 0.25 | BB57: =BC57+BD57 -> 8 | BC57: 8 | BE57: =BF57*BH57*BI57 -> 0 | BJ57: =SUM(BK57:BV57) -> 8 | BK57: 8
B58: 45 | C58: PA-O;E;A41/A42 | D58: A45 | E58: Pergi memasukan laundry | G58: M;2 | H58: MI | I58: =IF(R58>0,IF(S58-$P$11>0,"I","R"),"R") -> R | J58: -1 | L58: 3 | N58: =IF(I58="I",0,IF(AX58="YA",O58+T58+AS58,0)) -> 12.072917 | O58: =IF(P58="-",5,IF(10-(P58/60)>10,10+(P58/60*10),10-(P58/60))) -> 7.1666667 | P58: =IF(Q58="-","-",IF((Q58-$P$11)*1440>1,(Q58-$P$11)*1440,-1*(Q58-$P$11)*1440)) -> 170 | Q58: 0.4375 | S58: =IF(L58=0,0,IF(L58=1,R58+$M$13,IF(L58=2,R58+$M$14,IF(L58=3,R58+$M$15,IF(L58=4,R58+$M$16,0))))) -> 0.99930556 | T58: =SUM(U58:AB58)/8 -> 2.15625 | U58: =AK58-$AC$13 -> -1 | V58: =AL58-$AD$13 -> 2 | W58: =AM58-$AE$13 -> 3 | X58: =$AF$13-AN58 -> 3 | Y58: =AO58-$AG$13 -> 1 | Z58: =AP58-$AH$13 -> 3 | AA58: =AQ58-$AH$13 -> 1 | AB58: =AR58-$AJ$13 -> 5.25 | AK58: 5 | AL58: 5 | AM58: 5 | AN58: 6 | AO58: 5 | AP58: 5 | AQ58: 3 | AR58: 6 | AS58: =(AT58+BB58+BE58+BJ58)/4 -> 2.75 | AT58: =AU58*AV58 -> 0 | AU58: 3 | AV58: =IF(AW58=1,1,IF(AW58=2,0.9,IF(AW58=3,0.8,IF(AW58=4,0.7,IF(AW58=5,0.6,IF(AW58=6,0.5,IF(AW58=7,0.4,IF(AW58=8,0.3,IF(AW58=9,0.2,IF(AW58=10,0.1,IF(AW58=0,0,0))))))))))) -> 0 | AX58: =IF($AZ$13>=BA58,"YA","TIDAK") -> YA | AY58: =IF($AZ$13-BA58>0,$AZ$13-BA58,"0") -> 0.76 | BA58: 0.25 | BB58: =BC58+BD58 -> 6 | BC58: 6 | BE58: =BF58*BH58*BI58 -> 0 | BJ58: =SUM(BK58:BV58) -> 5 | BK58: 5
B59: 46 | C59: PA-I | D59: A46 | E59: Menonton TV pagi | G59: 6/7 s/d 7/7 | H59: DI | I59: =IF(R59>0,IF(S59-$P$11>0,"I","R"),"R") -> R | J59: -1 | L59: 3 | N59: =IF(I59="I",0,IF(AX59="YA",O59+T59+AS59,0)) -> 10.572917 | O59: =IF(P59="-",5,IF(10-(P59/60)>10,10+(P59/60*10),10-(P59/60))) -> 7.1666667 | P59: =IF(Q59="-","-",IF((Q59-$P$11)*1440>1,(Q59-$P$11)*1440,-1*(Q59-$P$11)*1440)) -> 170 | Q59: 0.4375 | S59: =IF(L59=0,0,IF(L59=1,R59+$M$13,IF(L59=2,R59+$M$14,IF(L59=3,R59+$M$15,IF(L59=4,R59+$M$16,0))))) -> 0.99930556 | T59: =SUM(U59:AB59)/8 -> 1.90625 | U59: =AK59-$AC$13 -> 0 | V59: =AL59-$AD$13 -> 5 | W59: =AM59-$AE$13 -> 6 | X59: =$AF$13-AN59 -> 3 | Y59: =AO59-$AG$13 -> 0 | Z59: =AP59-$AH$13 -> 0 | AA59: =AQ59-$AH$13 -> -1 | AB59: =AR59-$AJ$13 -> 2.25 | AK59: 6 | AL59: 8 | AM59: 8 | AN59: 6 | AO59: 4 | AP59: 2 | AQ59: 1 | AR59: 3 | AS59: =(AT59+BB59+BE59+BJ59)/4 -> 1.5 | AT59: =AU59*AV59 -> 0 | AU59: 5 | AV59: =IF(AW59=1,1,IF(AW59=2,0.9,IF(AW59=3,0.8,IF(AW59=4,0.7,IF(AW59=5,0.6,IF(AW59=6,0.5,IF(AW59=7,0.4,IF(AW59=8,0.3,IF(AW59=9,0.2,IF(AW59=10,0.1,IF(AW59=0,0,0))))))))))) -> 0 | AX59: =IF($AZ$13>=BA59,"YA","TIDAK") -> YA | AY59: =IF($AZ$13-BA59>0,$AZ$13-BA59,"0") -> 0.26 | BA59: 0.75 | BB59: =BC59+BD59 -> 3 | BC59: 3 | BE59: =BF59*BH59*BI59 -> 0 | BJ59: =SUM(BK59:BV59) -> 3 | BK59: 3
B60: 47 | C60: PA-I;A | D60: A47 | E60: Memasak makan siang dengan rice cooker | G60: H | H60: DI/MI | I60: =IF(R60>0,IF(S60-$P$11>0,"I","R"),"R") -> R | J60: 3 | L60: 0 | N60: =IF(I60="I",0,IF(AX60="YA",O60+T60+AS60,0)) -> 12.197917 | O60: =IF(P60="-",5,IF(10-(P60/60)>10,10+(P60/60*10),10-(P60/60))) -> 5.6666667 | P60: =IF(Q60="-","-",IF((Q60-$P$11)*1440>1,(Q60-$P$11)*1440,-1*(Q60-$P$11)*1440)) -> 260 | Q60: 0.5 | S60: =IF(L60=0,0,IF(L60=1,R60+$M$13,IF(L60=2,R60+$M$14,IF(L60=3,R60+$M$15,IF(L60=4,R60+$M$16,0))))) -> 0 | T60: =SUM(U60:AB60)/8 -> 2.53125 | U60: =AK60-$AC$13 -> 2 | V60: =AL60-$AD$13 -> 5 | W60: =AM60-$AE$13 -> 6 | X60: =$AF$13-AN60 -> 3 | Y60: =AO60-$AG$13 -> 1 | Z60: =AP60-$AH$13 -> 2 | AA60: =AQ60-$AH$13 -> 0 | AB60: =AR60-$AJ$13 -> 1.25 | AK60: 8 | AL60: 8 | AM60: 8 | AN60: 6 | AO60: 5 | AP60: 4 | AQ60: 2 | AR60: 2 | AS60: =(AT60+BB60+BE60+BJ60)/4 -> 4 | AT60: =AU60*AV60 -> 0 | AU60: 5 | AV60: =IF(AW60=1,1,IF(AW60=2,0.9,IF(AW60=3,0.8,IF(AW60=4,0.7,IF(AW60=5,0.6,IF(AW60=6,0.5,IF(AW60=7,0.4,IF(AW60=8,0.3,IF(AW60=9,0.2,IF(AW60=10,0.1,IF(AW60=0,0,0))))))))))) -> 0 | AX60: =IF($AZ$13>=BA60,"YA","TIDAK") -> YA | AY60: =IF($AZ$13-BA60>0,$AZ$13-BA60,"0") -> 0.76 | BA60: 0.25 | BB60: =BC60+BD60 -> 8 | BC60: 8 | BE60: =BF60*BH60*BI60 -> 0 | BH60: 1 | BI60: 8 | BJ60: =SUM(BK60:BV60) -> 8 | BK60: 8
B61: 48 | C61: PA-O;E;A49 | D61: A48 | E61: Pergi membeli makan siang di luar rumah | G61: M;3 | H61: DI | I61: =IF(R61>0,IF(S61-$P$11>0,"I","R"),"R") -> R | J61: -1 | L61: 3 | N61: =IF(I61="I",0,IF(AX61="YA",O61+T61+AS61,0)) -> 12.897917 | O61: =IF(P61="-",5,IF(10-(P61/60)>10,10+(P61/60*10),10-(P61/60))) -> 5.6166667 | P61: =IF(Q61="-","-",IF((Q61-$P$11)*1440>1,(Q61-$P$11)*1440,-1*(Q61-$P$11)*1440)) -> 263 | Q61: 0.50208333 | S61: =IF(L61=0,0,IF(L61=1,R61+$M$13,IF(L61=2,R61+$M$14,IF(L61=3,R61+$M$15,IF(L61=4,R61+$M$16,0))))) -> 0.99930556 | T61: =SUM(U61:AB61)/8 -> 5.03125 | U61: =AK61-$AC$13 -> 3 | V61: =AL61-$AD$13 -> 5 | W61: =AM61-$AE$13 -> 7 | X61: =$AF$13-AN61 -> 6 | Y61: =AO61-$AG$13 -> 5 | Z61: =AP61-$AH$13 -> 7 | AA61: =AQ61-$AH$13 -> 1 | AB61: =AR61-$AJ$13 -> 6.25 | AK61: 9 | AL61: 8 | AM61: 9 | AN61: 3 | AO61: 9 | AP61: 9 | AQ61: 3 | AR61: 7 | AS61: =(AT61+BB61+BE61+BJ61)/4 -> 2.25 | AT61: =AU61*AV61 -> 0 | AU61: 3 | AV61: =IF(AW61=1,1,IF(AW61=2,0.9,IF(AW61=3,0.8,IF(AW61=4,0.7,IF(AW61=5,0.6,IF(AW61=6,0.5,IF(AW61=7,0.4,IF(AW61=8,0.3,IF(AW61=9,0.2,IF(AW61=10,0.1,IF(AW61=0,0,0))))))))))) -> 0 | AX61: =IF($AZ$13>=BA61,"YA","TIDAK") -> YA | AY61: =IF($AZ$13-BA61>0,$AZ$13-BA61,"0") -> 0.26 | BA61: 0.75 | BB61: =BC61+BD61 -> 5 | BC61: 5 | BE61: =BF61*BH61*BI61 -> 0 | BJ61: =SUM(BK61:BV61) -> 4 | BK61: 4
B62: 49 | C62: PA-I;E;A48 | D62: A49 | E62: Memasak makan siang dengan kompor gas | G62: M;4 | H62: DI/MI | I62: =IF(R62>0,IF(S62-$P$11>0,"I","R"),"R") -> R | J62: -1 | L62: 3 | N62: =IF(I62="I",0,IF(AX62="YA",O62+T62+AS62,0)) -> 10.397917 | O62: =IF(P62="-",5,IF(10-(P62/60)>10,10+(P62/60*10),10-(P62/60))) -> 5.1166667 | P62: =IF(Q62="-","-",IF((Q62-$P$11)*1440>1,(Q62-$P$11)*1440,-1*(Q62-$P$11)*1440)) -> 293 | Q62: 0.52291667 | S62: =IF(L62=0,0,IF(L62=1,R62+$M$13,IF(L62=2,R62+$M$14,IF(L62=3,R62+$M$15,IF(L62=4,R62+$M$16,0))))) -> 0.99930556 | T62: =SUM(U62:AB62)/8 -> 2.53125 | U62: =AK62-$AC$13 -> 2 | V62: =AL62-$AD$13 -> 5 | W62: =AM62-$AE$13 -> 6 | X62: =$AF$13-AN62 -> 3 | Y62: =AO62-$AG$13 -> 1 | Z62: =AP62-$AH$13 -> 2 | AA62: =AQ62-$AH$13 -> 0 | AB62: =AR62-$AJ$13 -> 1.25 | AK62: 8 | AL62: 8 | AM62: 8 | AN62: 6 | AO62: 5 | AP62: 4 | AQ62: 2 | AR62: 2 | AS62: =(AT62+BB62+BE62+BJ62)/4 -> 2.75 | AT62: =AU62*AV62 -> 0 | AU62: 8 | AV62: =IF(AW62=1,1,IF(AW62=2,0.9,IF(AW62=3,0.8,IF(AW62=4,0.7,IF(AW62=5,0.6,IF(AW62=6,0.5,IF(AW62=7,0.4,IF(AW62=8,0.3,IF(AW62=9,0.2,IF(AW62=10,0.1,IF(AW62=0,0,0))))))))))) -> 0 | AX62: =IF($AZ$13>=BA62,"YA","TIDAK") -> YA | AY62: =IF($AZ$13-BA62>0,$AZ$13-BA62,"0") -> 0.76 | BA62: 0.25 | BB62: =BC62+BD62 -> 6 | BC62: 6 | BE62: =BF62*BH62*BI62 -> 0 | BJ62: =SUM(BK62:BV62) -> 5 | BK62: 5
B63: 50 | C63: PA-I | D63: A50 | E63: Menyuapi anak makan siang | G63: H | H63: MI | I63: =IF(R63>0,IF(S63-$P$11>0,"I","R"),"R") -> R | J63: 3 | L63: 0 | N63: =IF(I63="I",0,IF(AX63="YA",O63+T63+AS63,0)) -> 11.147917 | O63: =IF(P63="-",5,IF(10-(P63/60)>10,10+(P63/60*10),10-(P63/60))) -> 4.3666667 | P63: =IF(Q63="-","-",IF((Q63-$P$11)*1440>1,(Q63-$P$11)*1440,-1*(Q63-$P$11)*1440)) -> 338 | Q63: 0.55416667 | S63: =IF(L63=0,0,IF(L63=1,R63+$M$13,IF(L63=2,R63+$M$14,IF(L63=3,R63+$M$15,IF(L63=4,R63+$M$16,0))))) -> 0 | T63: =SUM(U63:AB63)/8 -> 3.53125 | U63: =AK63-$AC$13 -> 2 | V63: =AL63-$AD$13 -> 5 | W63: =AM63-$AE$13 -> 7 | X63: =$AF$13-AN63 -> 6 | Y63: =AO63-$AG$13 -> 5 | Z63: =AP63-$AH$13 -> 2 | AA63: =AQ63-$AH$13 -> 0 | AB63: =AR63-$AJ$13 -> 1.25 | AK63: 8 | AL63: 8 | AM63: 9 | AN63: 3 | AO63: 9 | AP63: 4 | AQ63: 2 | AR63: 2 | AS63: =(AT63+BB63+BE63+BJ63)/4 -> 3.25 | AT63: =AU63*AV63 -> 0 | AU63: 5 | AV63: =IF(AW63=1,1,IF(AW63=2,0.9,IF(AW63=3,0.8,IF(AW63=4,0.7,IF(AW63=5,0.6,IF(AW63=6,0.5,IF(AW63=7,0.4,IF(AW63=8,0.3,IF(AW63=9,0.2,IF(AW63=10,0.1,IF(AW63=0,0,0))))))))))) -> 0 | AX63: =IF($AZ$13>=BA63,"YA","TIDAK") -> YA | AY63: =IF($AZ$13-BA63>0,$AZ$13-BA63,"0") -> 0.76 | BA63: 0.25 | BB63: =BC63+BD63 -> 8 | BC63: 8 | BE63: =BF63*BH63*BI63 -> 0 | BJ63: =SUM(BK63:BV63) -> 5 | BK63: 5
B64: 51 | C64: PA-I | D64: A51 | E64: Menonton TV siang | G64: H | H64: DI | I64: =IF(R64>0,IF(S64-$P$11>0,"I","R"),"R") -> R | J64: -1 | L64: 3 | N64: =IF(I64="I",0,IF(AX64="YA",O64+T64+AS64,0)) -> 7.7729167 | O64: =IF(P64="-",5,IF(10-(P64/60)>10,10+(P64/60*10),10-(P64/60))) -> 3.8666667 | P64: =IF(Q64="-","-",IF((Q64-$P$11)*1440>1,(Q64-$P$11)*1440,-1*(Q64-$P$11)*1440)) -> 368 | Q64: 0.575 | S64: =IF(L64=0,0,IF(L64=1,R64+$M$13,IF(L64=2,R64+$M$14,IF(L64=3,R64+$M$15,IF(L64=4,R64+$M$16,0))))) -> 0.99930556 | T64: =SUM(U64:AB64)/8 -> 1.90625 | U64: =AK64-$AC$13 -> 0 | V64: =AL64-$AD$13 -> 5 | W64: =AM64-$AE$13 -> 6 | X64: =$AF$13-AN64 -> 3 | Y64: =AO64-$AG$13 -> 0 | Z64: =AP64-$AH$13 -> 0 | AA64: =AQ64-$AH$13 -> -1 | AB64: =AR64-$AJ$13 -> 2.25 | AK64: 6 | AL64: 8 | AM64: 8 | AN64: 6 | AO64: 4 | AP64: 2 | AQ64: 1 | AR64: 3 | AS64: =(AT64+BB64+BE64+BJ64)/4 -> 2 | AT64: =AU64*AV64 -> 0 | AU64: 5 | AV64: =IF(AW64=1,1,IF(AW64=2,0.9,IF(AW64=3,0.8,IF(AW64=4,0.7,IF(AW64=5,0.6,IF(AW64=6,0.5,IF(AW64=7,0.4,IF(AW64=8,0.3,IF(AW64=9,0.2,IF(AW64=10,0.1,IF(AW64=0,0,0))))))))))) -> 0 | AX64: =IF($AZ$13>=BA64,"YA","TIDAK") -> YA | AY64: =IF($AZ$13-BA64>0,$AZ$13-BA64,"0") -> 0.26 | BA64: 0.75 | BB64: =BC64+BD64 -> 5 | BC64: 5 | BE64: =BF64*BH64*BI64 -> 0 | BJ64: =SUM(BK64:BV64) -> 3 | BK64: 3
B65: 52 | C65: PA-I | D65: A52 | E65: Bermain dengan anak di siang hari | G65: H | H65: DI | I65: =IF(R65>0,IF(S65-$P$11>0,"I","R"),"R") -> R | J65: 3 | L65: 0 | N65: =IF(I65="I",0,IF(AX65="YA",O65+T65+AS65,0)) -> 7.6479167 | O65: =IF(P65="-",5,IF(10-(P65/60)>10,10+(P65/60*10),10-(P65/60))) -> 1.8666667 | P65: =IF(Q65="-","-",IF((Q65-$P$11)*1440>1,(Q65-$P$11)*1440,-1*(Q65-$P$11)*1440)) -> 488 | Q65: 0.65833333 | S65: =IF(L65=0,0,IF(L65=1,R65+$M$13,IF(L65=2,R65+$M$14,IF(L65=3,R65+$M$15,IF(L65=4,R65+$M$16,0))))) -> 0 | T65: =SUM(U65:AB65)/8 -> 2.78125 | U65: =AK65-$AC$13 -> 2 | V65: =AL65-$AD$13 -> 5 | W65: =AM65-$AE$13 -> 4 | X65: =$AF$13-AN65 -> 6 | Y65: =AO65-$AG$13 -> 2 | Z65: =AP65-$AH$13 -> 2 | AA65: =AQ65-$AH$13 -> 0 | AB65: =AR65-$AJ$13 -> 1.25 | AK65: 8 | AL65: 8 | AM65: 6 | AN65: 3 | AO65: 6 | AP65: 4 | AQ65: 2 | AR65: 2 | AS65: =(AT65+BB65+BE65+BJ65)/4 -> 3 | AT65: =AU65*AV65 -> 0 | AU65: 6 | AV65: =IF(AW65=1,1,IF(AW65=2,0.9,IF(AW65=3,0.8,IF(AW65=4,0.7,IF(AW65=5,0.6,IF(AW65=6,0.5,IF(AW65=7,0.4,IF(AW65=8,0.3,IF(AW65=9,0.2,IF(AW65=10,0.1,IF(AW65=0,0,0))))))))))) -> 0 | AX65: =IF($AZ$13>=BA65,"YA","TIDAK") -> YA | AY65: =IF($AZ$13-BA65>0,$AZ$13-BA65,"0") -> 0.51 | BA65: 0.5 | BB65: =BC65+BD65 -> 7 | BC65: 7 | BE65: =BF65*BH65*BI65 -> 0 | BJ65: =SUM(BK65:BV65) -> 5 | BK65: 5
B66: 53 | C66: PA-I | D66: A53 | E66: Membuat susu anak di siang hari | G66: H | H66: MI | I66: =IF(R66>0,IF(S66-$P$11>0,"I","R"),"R") -> R | J66: 3 | L66: 0 | N66: =IF(I66="I",0,IF(AX66="YA",O66+T66+AS66,0)) -> 9.6479167 | O66: =IF(P66="-",5,IF(10-(P66/60)>10,10+(P66/60*10),10-(P66/60))) -> 0.86666667 | P66: =IF(Q66="-","-",IF((Q66-$P$11)*1440>1,(Q66-$P$11)*1440,-1*(Q66-$P$11)*1440)) -> 548 | Q66: 0.7 | S66: =IF(L66=0,0,IF(L66=1,R66+$M$13,IF(L66=2,R66+$M$14,IF(L66=3,R66+$M$15,IF(L66=4,R66+$M$16,0))))) -> 0 | T66: =SUM(U66:AB66)/8 -> 4.78125 | U66: =AK66-$AC$13 -> 3 | V66: =AL66-$AD$13 -> 5 | W66: =AM66-$AE$13 -> 7 | X66: =$AF$13-AN66 -> 4 | Y66: =AO66-$AG$13 -> 5 | Z66: =AP66-$AH$13 -> 7 | AA66: =AQ66-$AH$13 -> 1 | AB66: =AR66-$AJ$13 -> 6.25 | AK66: 9 | AL66: 8 | AM66: 9 | AN66: 5 | AO66: 9 | AP66: 9 | AQ66: 3 | AR66: 7 | AS66: =(AT66+BB66+BE66+BJ66)/4 -> 4 | AT66: =AU66*AV66 -> 0 | AU66: 5 | AV66: =IF(AW66=1,1,IF(AW66=2,0.9,IF(AW66=3,0.8,IF(AW66=4,0.7,IF(AW66=5,0.6,IF(AW66=6,0.5,IF(AW66=7,0.4,IF(AW66=8,0.3,IF(AW66=9,0.2,IF(AW66=10,0.1,IF(AW66=0,0,0))))))))))) -> 0 | AX66: =IF($AZ$13>=BA66,"YA","TIDAK") -> YA | AY66: =IF($AZ$13-BA66>0,$AZ$13-BA66,"0") -> 0.76 | BA66: 0.25 | BB66: =BC66+BD66 -> 8 | BC66: 8 | BE66: =BF66*BH66*BI66 -> 0 | BJ66: =SUM(BK66:BV66) -> 8 | BK66: 8
B67: 54 | C67: PA-O | D67: A54 | E67: Pergi jalan ke luar rumah di siang hari | G67: 6/7 s/d 7/7 | H67: DI | I67: =IF(R67>0,IF(S67-$P$11>0,"I","R"),"R") -> R | J67: -1 | L67: 3 | N67: =IF(I67="I",0,IF(AX67="YA",O67+T67+AS67,0)) -> 6.60625 | O67: =IF(P67="-",5,IF(10-(P67/60)>10,10+(P67/60*10),10-(P67/60))) -> 0.7 | P67: =IF(Q67="-","-",IF((Q67-$P$11)*1440>1,(Q67-$P$11)*1440,-1*(Q67-$P$11)*1440)) -> 558 | Q67: 0.70694444 | S67: =IF(L67=0,0,IF(L67=1,R67+$M$13,IF(L67=2,R67+$M$14,IF(L67=3,R67+$M$15,IF(L67=4,R67+$M$16,0))))) -> 0.99930556 | T67: =SUM(U67:AB67)/8 -> 2.15625 | U67: =AK67-$AC$13 -> -1 | V67: =AL67-$AD$13 -> 2 | W67: =AM67-$AE$13 -> 3 | X67: =$AF$13-AN67 -> 3 | Y67: =AO67-$AG$13 -> 1 | Z67: =AP67-$AH$13 -> 3 | AA67: =AQ67-$AH$13 -> 1 | AB67: =AR67-$AJ$13 -> 5.25 | AK67: 5 | AL67: 5 | AM67: 5 | AN67: 6 | AO67: 5 | AP67: 5 | AQ67: 3 | AR67: 6 | AS67: =(AT67+BB67+BE67+BJ67)/4 -> 3.75 | AT67: =AU67*AV67 -> 0 | AU67: 8 | AV67: =IF(AW67=1,1,IF(AW67=2,0.9,IF(AW67=3,0.8,IF(AW67=4,0.7,IF(AW67=5,0.6,IF(AW67=6,0.5,IF(AW67=7,0.4,IF(AW67=8,0.3,IF(AW67=9,0.2,IF(AW67=10,0.1,IF(AW67=0,0,0))))))))))) -> 0 | AX67: =IF($AZ$13>=BA67,"YA","TIDAK") -> YA | AY67: =IF($AZ$13-BA67>0,$AZ$13-BA67,"0") -> 0.26 | BA67: 0.75 | BB67: =BC67+BD67 -> 7 | BC67: 7 | BE67: =BF67*BH67*BI67 -> 0 | BJ67: =SUM(BK67:BV67) -> 8 | BK67: 8
B68: 55 | C68: PA-I | D68: A55 | E68: Menyiram tanaman sore hari | G68: H | H68: DI | I68: =IF(R68>0,IF(S68-$P$11>0,"I","R"),"R") -> R | J68: 3 | L68: 0 | N68: =IF(I68="I",0,IF(AX68="YA",O68+T68+AS68,0)) -> 7.8229167 | O68: =IF(P68="-",5,IF(10-(P68/60)>10,10+(P68/60*10),10-(P68/60))) -> 1.6666667 | P68: =IF(Q68="-","-",IF((Q68-$P$11)*1440>1,(Q68-$P$11)*1440,-1*(Q68-$P$11)*1440)) -> 500 | Q68: 0.66666667 | S68: =IF(L68=0,0,IF(L68=1,R68+$M$13,IF(L68=2,R68+$M$14,IF(L68=3,R68+$M$15,IF(L68=4,R68+$M$16,0))))) -> 0 | T68: =SUM(U68:AB68)/8 -> 2.15625 | U68: =AK68-$AC$13 -> 0 | V68: =AL68-$AD$13 -> 5 | W68: =AM68-$AE$13 -> 6 | X68: =$AF$13-AN68 -> 5 | Y68: =AO68-$AG$13 -> 0 | Z68: =AP68-$AH$13 -> 0 | AA68: =AQ68-$AH$13 -> -1 | AB68: =AR68-$AJ$13 -> 2.25 | AK68: 6 | AL68: 8 | AM68: 8 | AN68: 4 | AO68: 4 | AP68: 2 | AQ68: 1 | AR68: 3 | AS68: =(AT68+BB68+BE68+BJ68)/4 -> 4 | AT68: =AU68*AV68 -> 0 | AU68: 10 | AV68: =IF(AW68=1,1,IF(AW68=2,0.9,IF(AW68=3,0.8,IF(AW68=4,0.7,IF(AW68=5,0.6,IF(AW68=6,0.5,IF(AW68=7,0.4,IF(AW68=8,0.3,IF(AW68=9,0.2,IF(AW68=10,0.1,IF(AW68=0,0,0))))))))))) -> 0 | AX68: =IF($AZ$13>=BA68,"YA","TIDAK") -> YA | AY68: =IF($AZ$13-BA68>0,$AZ$13-BA68,"0") -> 0.76 | BA68: 0.25 | BB68: =BC68+BD68 -> 9 | BC68: 9 | BE68: =BF68*BH68*BI68 -> 0 | BJ68: =SUM(BK68:BV68) -> 7 | BK68: 7
B69: 56 | C69: PR;A43 | D69: A56 | E69: Mengangkat jemuran | G69: H | H69: DI/MI | I69: =IF(R69>0,IF(S69-$P$11>0,"I","R"),"R") -> R | J69: 3 | L69: 0 | N69: =IF(I69="I",0,IF(AX69="YA",O69+T69+AS69,0)) -> 7.8229167 | O69: =IF(P69="-",5,IF(10-(P69/60)>10,10+(P69/60*10),10-(P69/60))) -> 1.6666667 | P69: =IF(Q69="-","-",IF((Q69-$P$11)*1440>1,(Q69-$P$11)*1440,-1*(Q69-$P$11)*1440)) -> 500 | Q69: 0.66666667 | S69: =IF(L69=0,0,IF(L69=1,R69+$M$13,IF(L69=2,R69+$M$14,IF(L69=3,R69+$M$15,IF(L69=4,R69+$M$16,0))))) -> 0 | T69: =SUM(U69:AB69)/8 -> 2.15625 | U69: =AK69-$AC$13 -> 0 | V69: =AL69-$AD$13 -> 5 | W69: =AM69-$AE$13 -> 6 | X69: =$AF$13-AN69 -> 5 | Y69: =AO69-$AG$13 -> 0 | Z69: =AP69-$AH$13 -> 0 | AA69: =AQ69-$AH$13 -> -1 | AB69: =AR69-$AJ$13 -> 2.25 | AK69: 6 | AL69: 8 | AM69: 8 | AN69: 4 | AO69: 4 | AP69: 2 | AQ69: 1 | AR69: 3 | AS69: =(AT69+BB69+BE69+BJ69)/4 -> 4 | AT69: =AU69*AV69 -> 0 | AU69: 4 | AV69: =IF(AW69=1,1,IF(AW69=2,0.9,IF(AW69=3,0.8,IF(AW69=4,0.7,IF(AW69=5,0.6,IF(AW69=6,0.5,IF(AW69=7,0.4,IF(AW69=8,0.3,IF(AW69=9,0.2,IF(AW69=10,0.1,IF(AW69=0,0,0))))))))))) -> 0 | AX69: =IF($AZ$13>=BA69,"YA","TIDAK") -> YA | AY69: =IF($AZ$13-BA69>0,$AZ$13-BA69,"0") -> 0.76 | BA69: 0.25 | BB69: =BC69+BD69 -> 10 | BC69: 10 | BE69: =BF69*BH69*BI69 -> 0 | BH69: 1 | BI69: 8 | BJ69: =SUM(BK69:BV69) -> 6 | BK69: 6
B70: 57 | C70: PA-I | D70: A57 | E70: Menghidupkan lampu garasi di sore hari | G70: H | H70: DI/MI | I70: =IF(R70>0,IF(S70-$P$11>0,"I","R"),"R") -> R | J70: 2 | L70: 0 | N70: =IF(I70="I",0,IF(AX70="YA",O70+T70+AS70,0)) -> 9.1979167 | O70: =IF(P70="-",5,IF(10-(P70/60)>10,10+(P70/60*10),10-(P70/60))) -> 1.1666667 | P70: =IF(Q70="-","-",IF((Q70-$P$11)*1440>1,(Q70-$P$11)*1440,-1*(Q70-$P$11)*1440)) -> 530 | Q70: 0.6875 | S70: =IF(L70=0,0,IF(L70=1,R70+$M$13,IF(L70=2,R70+$M$14,IF(L70=3,R70+$M$15,IF(L70=4,R70+$M$16,0))))) -> 0 | T70: =SUM(U70:AB70)/8 -> 3.78125 | U70: =AK70-$AC$13 -> 3 | V70: =AL70-$AD$13 -> 6 | W70: =AM70-$AE$13 -> 6 | X70: =$AF$13-AN70 -> 3 | Y70: =AO70-$AG$13 -> 1 | Z70: =AP70-$AH$13 -> 4 | AA70: =AQ70-$AH$13 -> 3 | AB70: =AR70-$AJ$13 -> 4.25 | AK70: 9 | AL70: 9 | AM70: 8 | AN70: 6 | AO70: 5 | AP70: 6 | AQ70: 5 | AR70: 5 | AS70: =(AT70+BB70+BE70+BJ70)/4 -> 4.25 | AT70: =AU70*AV70 -> 0 | AU70: 8 | AV70: =IF(AW70=1,1,IF(AW70=2,0.9,IF(AW70=3,0.8,IF(AW70=4,0.7,IF(AW70=5,0.6,IF(AW70=6,0.5,IF(AW70=7,0.4,IF(AW70=8,0.3,IF(AW70=9,0.2,IF(AW70=10,0.1,IF(AW70=0,0,0))))))))))) -> 0 | AX70: =IF($AZ$13>=BA70,"YA","TIDAK") -> YA | AY70: =IF($AZ$13-BA70>0,$AZ$13-BA70,"0") -> 0.51 | BA70: 0.5 | BB70: =BC70+BD70 -> 10 | BC70: 10 | BE70: =BF70*BH70*BI70 -> 0 | BH70: 1 | BI70: 8 | BJ70: =SUM(BK70:BV70) -> 7 | BK70: 7
B71: 58 | C71: PA-I;A | D71: A58 | E71: Memasak air untuk mandi di sore hari | G71: H | H71: DI/MI | I71: =IF(R71>0,IF(S71-$P$11>0,"I","R"),"R") -> R | J71: 3 | L71: 0 | N71: =IF(I71="I",0,IF(AX71="YA",O71+T71+AS71,0)) -> 8.6979167 | O71: =IF(P71="-",5,IF(10-(P71/60)>10,10+(P71/60*10),10-(P71/60))) -> 0.16666667 | P71: =IF(Q71="-","-",IF((Q71-$P$11)*1440>1,(Q71-$P$11)*1440,-1*(Q71-$P$11)*1440)) -> 590 | Q71: 0.72916667 | S71: =IF(L71=0,0,IF(L71=1,R71+$M$13,IF(L71=2,R71+$M$14,IF(L71=3,R71+$M$15,IF(L71=4,R71+$M$16,0))))) -> 0 | T71: =SUM(U71:AB71)/8 -> 4.53125 | U71: =AK71-$AC$13 -> 3 | V71: =AL71-$AD$13 -> 5 | W71: =AM71-$AE$13 -> 7 | X71: =$AF$13-AN71 -> 2 | Y71: =AO71-$AG$13 -> 5 | Z71: =AP71-$AH$13 -> 7 | AA71: =AQ71-$AH$13 -> 3 | AB71: =AR71-$AJ$13 -> 4.25 | AK71: 9 | AL71: 8 | AM71: 9 | AN71: 7 | AO71: 9 | AP71: 9 | AQ71: 5 | AR71: 5 | AS71: =(AT71+BB71+BE71+BJ71)/4 -> 4 | AT71: =AU71*AV71 -> 0 | AU71: 5 | AV71: =IF(AW71=1,1,IF(AW71=2,0.9,IF(AW71=3,0.8,IF(AW71=4,0.7,IF(AW71=5,0.6,IF(AW71=6,0.5,IF(AW71=7,0.4,IF(AW71=8,0.3,IF(AW71=9,0.2,IF(AW71=10,0.1,IF(AW71=0,0,0))))))))))) -> 0 | AX71: =IF($AZ$13>=BA71,"YA","TIDAK") -> YA | AY71: =IF($AZ$13-BA71>0,$AZ$13-BA71,"0") -> 0.76 | BA71: 0.25 | BB71: =BC71+BD71 -> 8 | BC71: 8 | BE71: =BF71*BH71*BI71 -> 0 | BH71: 1 | BJ71: =SUM(BK71:BV71) -> 8 | BK71: 8
B72: 59 | C72: PR-D;A58 | D72: A59 | E72: Memandikan anak sore hari | G72: H | H72: MI | I72: =IF(R72>0,IF(S72-$P$11>0,"I","R"),"R") -> R | J72: 3 | L72: 0 | N72: =IF(I72="I",0,IF(AX72="YA",O72+T72+AS72,0)) -> 8.15625 | O72: =IF(P72="-",5,IF(10-(P72/60)>10,10+(P72/60*10),10-(P72/60))) -> 1.7763568e-15 | P72: =IF(Q72="-","-",IF((Q72-$P$11)*1440>1,(Q72-$P$11)*1440,-1*(Q72-$P$11)*1440)) -> 600 | Q72: 0.73611111 | S72: =IF(L72=0,0,IF(L72=1,R72+$M$13,IF(L72=2,R72+$M$14,IF(L72=3,R72+$M$15,IF(L72=4,R72+$M$16,0))))) -> 0 | T72: =SUM(U72:AB72)/8 -> 4.90625 | U72: =AK72-$AC$13 -> 3 | V72: =AL72-$AD$13 -> 5 | W72: =AM72-$AE$13 -> 7 | X72: =$AF$13-AN72 -> 5 | Y72: =AO72-$AG$13 -> 5 | Z72: =AP72-$AH$13 -> 7 | AA72: =AQ72-$AH$13 -> 1 | AB72: =AR72-$AJ$13 -> 6.25 | AK72: 9 | AL72: 8 | AM72: 9 | AN72: 4 | AO72: 9 | AP72: 9 | AQ72: 3 | AR72: 7 | AS72: =(AT72+BB72+BE72+BJ72)/4 -> 3.25 | AT72: =AU72*AV72 -> 0 | AU72: 5 | AV72: =IF(AW72=1,1,IF(AW72=2,0.9,IF(AW72=3,0.8,IF(AW72=4,0.7,IF(AW72=5,0.6,IF(AW72=6,0.5,IF(AW72=7,0.4,IF(AW72=8,0.3,IF(AW72=9,0.2,IF(AW72=10,0.1,IF(AW72=0,0,0))))))))))) -> 0 | AX72: =IF($AZ$13>=BA72,"YA","TIDAK") -> YA | AY72: =IF($AZ$13-BA72>0,$AZ$13-BA72,"0") -> 0.76 | BA72: 0.25 | BB72: =BC72+BD72 -> 8 | BC72: 8 | BE72: =BF72*BH72*BI72 -> 0 | BJ72: =SUM(BK72:BV72) -> 5 | BK72: 5
B73: 60 | C73: PA-I;A | D73: A60 | E73: Memasak makan malam dengan rice cooker | G73: H | H73: DI/MI | I73: =IF(R73>0,IF(S73-$P$11>0,"I","R"),"R") -> R | J73: 3 | L73: 0 | N73: =IF(I73="I",0,IF(AX73="YA",O73+T73+AS73,0)) -> 5.6979167 | O73: =IF(P73="-",5,IF(10-(P73/60)>10,10+(P73/60*10),10-(P73/60))) -> -0.33333333 | P73: =IF(Q73="-","-",IF((Q73-$P$11)*1440>1,(Q73-$P$11)*1440,-1*(Q73-$P$11)*1440)) -> 620 | Q73: 0.75 | S73: =IF(L73=0,0,IF(L73=1,R73+$M$13,IF(L73=2,R73+$M$14,IF(L73=3,R73+$M$15,IF(L73=4,R73+$M$16,0))))) -> 0 | T73: =SUM(U73:AB73)/8 -> 2.53125 | U73: =AK73-$AC$13 -> 2 | V73: =AL73-$AD$13 -> 5 | W73: =AM73-$AE$13 -> 6 | X73: =$AF$13-AN73 -> 3 | Y73: =AO73-$AG$13 -> 1 | Z73: =AP73-$AH$13 -> 2 | AA73: =AQ73-$AH$13 -> 0 | AB73: =AR73-$AJ$13 -> 1.25 | AK73: 8 | AL73: 8 | AM73: 8 | AN73: 6 | AO73: 5 | AP73: 4 | AQ73: 2 | AR73: 2 | AS73: =(AT73+BB73+BE73+BJ73)/4 -> 3.5 | AT73: =AU73*AV73 -> 0 | AU73: 5 | AV73: =IF(AW73=1,1,IF(AW73=2,0.9,IF(AW73=3,0.8,IF(AW73=4,0.7,IF(AW73=5,0.6,IF(AW73=6,0.5,IF(AW73=7,0.4,IF(AW73=8,0.3,IF(AW73=9,0.2,IF(AW73=10,0.1,IF(AW73=0,0,0))))))))))) -> 0 | AX73: =IF($AZ$13>=BA73,"YA","TIDAK") -> YA | AY73: =IF($AZ$13-BA73>0,$AZ$13-BA73,"0") -> 0.76 | BA73: 0.25 | BB73: =BC73+BD73 -> 8 | BC73: 8 | BE73: =BF73*BH73*BI73 -> 0 | BH73: 1 | BI73: 5 | BJ73: =SUM(BK73:BV73) -> 6 | BK73: 6
B74: 61 | C74: PA-O | D74: A61 | E74: Pergi mengambil laundry | G74: M;2 | H74: MI | I74: =IF(R74>0,IF(S74-$P$11>0,"I","R"),"R") -> R | J74: -1 | L74: 3 | N74: =IF(I74="I",0,IF(AX74="YA",O74+T74+AS74,0)) -> 4.5729167 | O74: =IF(P74="-",5,IF(10-(P74/60)>10,10+(P74/60*10),10-(P74/60))) -> -0.33333333 | P74: =IF(Q74="-","-",IF((Q74-$P$11)*1440>1,(Q74-$P$11)*1440,-1*(Q74-$P$11)*1440)) -> 620 | Q74: 0.75 | S74: =IF(L74=0,0,IF(L74=1,R74+$M$13,IF(L74=2,R74+$M$14,IF(L74=3,R74+$M$15,IF(L74=4,R74+$M$16,0))))) -> 0.99930556 | T74: =SUM(U74:AB74)/8 -> 2.15625 | U74: =AK74-$AC$13 -> -1 | V74: =AL74-$AD$13 -> 2 | W74: =AM74-$AE$13 -> 3 | X74: =$AF$13-AN74 -> 3 | Y74: =AO74-$AG$13 -> 1 | Z74: =AP74-$AH$13 -> 3 | AA74: =AQ74-$AH$13 -> 1 | AB74: =AR74-$AJ$13 -> 5.25 | AK74: 5 | AL74: 5 | AM74: 5 | AN74: 6 | AO74: 5 | AP74: 5 | AQ74: 3 | AR74: 6 | AS74: =(AT74+BB74+BE74+BJ74)/4 -> 2.75 | AT74: =AU74*AV74 -> 0 | AU74: 3 | AV74: =IF(AW74=1,1,IF(AW74=2,0.9,IF(AW74=3,0.8,IF(AW74=4,0.7,IF(AW74=5,0.6,IF(AW74=6,0.5,IF(AW74=7,0.4,IF(AW74=8,0.3,IF(AW74=9,0.2,IF(AW74=10,0.1,IF(AW74=0,0,0))))))))))) -> 0 | AX74: =IF($AZ$13>=BA74,"YA","TIDAK") -> YA | AY74: =IF($AZ$13-BA74>0,$AZ$13-BA74,"0") -> 0.26 | BA74: 0.75 | BB74: =BC74+BD74 -> 6 | BC74: 6 | BE74: =BF74*BH74*BI74 -> 0 | BJ74: =SUM(BK74:BV74) -> 5 | BK74: 5
B75: 62 | C75: PA-O;E;A63 | D75: A62 | E75: Pergi membeli makan malam di luar rumah | G75: M;4 | H75: DI | I75: =IF(R75>0,IF(S75-$P$11>0,"I","R"),"R") -> R | J75: -1 | L75: 3 | N75: =IF(I75="I",0,IF(AX75="YA",O75+T75+AS75,0)) -> 7.4479167 | O75: =IF(P75="-",5,IF(10-(P75/60)>10,10+(P75/60*10),10-(P75/60))) -> -0.83333333 | P75: =IF(Q75="-","-",IF((Q75-$P$11)*1440>1,(Q75-$P$11)*1440,-1*(Q75-$P$11)*1440)) -> 650 | Q75: 0.77083333 | S75: =IF(L75=0,0,IF(L75=1,R75+$M$13,IF(L75=2,R75+$M$14,IF(L75=3,R75+$M$15,IF(L75=4,R75+$M$16,0))))) -> 0.99930556 | T75: =SUM(U75:AB75)/8 -> 5.03125 | U75: =AK75-$AC$13 -> 3 | V75: =AL75-$AD$13 -> 5 | W75: =AM75-$AE$13 -> 7 | X75: =$AF$13-AN75 -> 6 | Y75: =AO75-$AG$13 -> 5 | Z75: =AP75-$AH$13 -> 7 | AA75: =AQ75-$AH$13 -> 1 | AB75: =AR75-$AJ$13 -> 6.25 | AK75: 9 | AL75: 8 | AM75: 9 | AN75: 3 | AO75: 9 | AP75: 9 | AQ75: 3 | AR75: 7 | AS75: =(AT75+BB75+BE75+BJ75)/4 -> 3.25 | AT75: =AU75*AV75 -> 0 | AU75: 6 | AV75: =IF(AW75=1,1,IF(AW75=2,0.9,IF(AW75=3,0.8,IF(AW75=4,0.7,IF(AW75=5,0.6,IF(AW75=6,0.5,IF(AW75=7,0.4,IF(AW75=8,0.3,IF(AW75=9,0.2,IF(AW75=10,0.1,IF(AW75=0,0,0))))))))))) -> 0 | AX75: =IF($AZ$13>=BA75,"YA","TIDAK") -> YA | AY75: =IF($AZ$13-BA75>0,$AZ$13-BA75,"0") -> 0.26 | BA75: 0.75 | BB75: =BC75+BD75 -> 7 | BC75: 7 | BE75: =BF75*BH75*BI75 -> 0 | BJ75: =SUM(BK75:BV75) -> 6 | BK75: 6
B76: 63 | C76: PA-I;E;A62 | D76: A63 | E76: Memasak makan malam dengan kompor gas | G76: M;3 | H76: DI/MI | I76: =IF(R76>0,IF(S76-$P$11>0,"I","R"),"R") -> R | J76: -1 | L76: 3 | N76: =IF(I76="I",0,IF(AX76="YA",O76+T76+AS76,0)) -> 4.1979167 | O76: =IF(P76="-",5,IF(10-(P76/60)>10,10+(P76/60*10),10-(P76/60))) -> -0.83333333 | P76: =IF(Q76="-","-",IF((Q76-$P$11)*1440>1,(Q76-$P$11)*1440,-1*(Q76-$P$11)*1440)) -> 650 | Q76: 0.77083333 | S76: =IF(L76=0,0,IF(L76=1,R76+$M$13,IF(L76=2,R76+$M$14,IF(L76=3,R76+$M$15,IF(L76=4,R76+$M$16,0))))) -> 0.99930556 | T76: =SUM(U76:AB76)/8 -> 2.53125 | U76: =AK76-$AC$13 -> 2 | V76: =AL76-$AD$13 -> 5 | W76: =AM76-$AE$13 -> 6 | X76: =$AF$13-AN76 -> 3 | Y76: =AO76-$AG$13 -> 1 | Z76: =AP76-$AH$13 -> 2 | AA76: =AQ76-$AH$13 -> 0 | AB76: =AR76-$AJ$13 -> 1.25 | AK76: 8 | AL76: 8 | AM76: 8 | AN76: 6 | AO76: 5 | AP76: 4 | AQ76: 2 | AR76: 2 | AS76: =(AT76+BB76+BE76+BJ76)/4 -> 2.5 | AT76: =AU76*AV76 -> 0 | AU76: 3 | AV76: =IF(AW76=1,1,IF(AW76=2,0.9,IF(AW76=3,0.8,IF(AW76=4,0.7,IF(AW76=5,0.6,IF(AW76=6,0.5,IF(AW76=7,0.4,IF(AW76=8,0.3,IF(AW76=9,0.2,IF(AW76=10,0.1,IF(AW76=0,0,0))))))))))) -> 0 | AX76: =IF($AZ$13>=BA76,"YA","TIDAK") -> YA | AY76: =IF($AZ$13-BA76>0,$AZ$13-BA76,"0") -> 0.76 | BA76: 0.25 | BB76: =BC76+BD76 -> 5 | BC76: 5 | BE76: =BF76*BH76*BI76 -> 0 | BJ76: =SUM(BK76:BV76) -> 5 | BK76: 5
B77: 64 | C77: PA-I | D77: A64 | E77: Menyuapi anak makan malam | G77: H | H77: MI | I77: =IF(R77>0,IF(S77-$P$11>0,"I","R"),"R") -> R | J77: 3 | L77: 0 | N77: =IF(I77="I",0,IF(AX77="YA",O77+T77+AS77,0)) -> 5.4479167 | O77: =IF(P77="-",5,IF(10-(P77/60)>10,10+(P77/60*10),10-(P77/60))) -> -1.3333333 | P77: =IF(Q77="-","-",IF((Q77-$P$11)*1440>1,(Q77-$P$11)*1440,-1*(Q77-$P$11)*1440)) -> 680 | Q77: 0.79166667 | S77: =IF(L77=0,0,IF(L77=1,R77+$M$13,IF(L77=2,R77+$M$14,IF(L77=3,R77+$M$15,IF(L77=4,R77+$M$16,0))))) -> 0 | T77: =SUM(U77:AB77)/8 -> 3.53125 | U77: =AK77-$AC$13 -> 2 | V77: =AL77-$AD$13 -> 5 | W77: =AM77-$AE$13 -> 7 | X77: =$AF$13-AN77 -> 6 | Y77: =AO77-$AG$13 -> 5 | Z77: =AP77-$AH$13 -> 2 | AA77: =AQ77-$AH$13 -> 0 | AB77: =AR77-$AJ$13 -> 1.25 | AK77: 8 | AL77: 8 | AM77: 9 | AN77: 3 | AO77: 9 | AP77: 4 | AQ77: 2 | AR77: 2 | AS77: =(AT77+BB77+BE77+BJ77)/4 -> 3.25 | AT77: =AU77*AV77 -> 0 | AU77: 5 | AV77: =IF(AW77=1,1,IF(AW77=2,0.9,IF(AW77=3,0.8,IF(AW77=4,0.7,IF(AW77=5,0.6,IF(AW77=6,0.5,IF(AW77=7,0.4,IF(AW77=8,0.3,IF(AW77=9,0.2,IF(AW77=10,0.1,IF(AW77=0,0,0))))))))))) -> 0 | AX77: =IF($AZ$13>=BA77,"YA","TIDAK") -> YA | AY77: =IF($AZ$13-BA77>0,$AZ$13-BA77,"0") -> 0.76 | BA77: 0.25 | BB77: =BC77+BD77 -> 8 | BC77: 8 | BE77: =BF77*BH77*BI77 -> 0 | BJ77: =SUM(BK77:BV77) -> 5 | BK77: 5
B78: 65 | C78: PR;A56 | D78: A65 | E78: Menyetrika pakaian | G78: H | H78: DI | I78: =IF(R78>0,IF(S78-$P$11>0,"I","R"),"R") -> R | J78: 1 | L78: 2 | N78: =IF(I78="I",0,IF(AX78="YA",O78+T78+AS78,0)) -> 3.8229167 | O78: =IF(P78="-",5,IF(10-(P78/60)>10,10+(P78/60*10),10-(P78/60))) -> -1.8333333 | P78: =IF(Q78="-","-",IF((Q78-$P$11)*1440>1,(Q78-$P$11)*1440,-1*(Q78-$P$11)*1440)) -> 710 | Q78: 0.8125 | S78: =IF(L78=0,0,IF(L78=1,R78+$M$13,IF(L78=2,R78+$M$14,IF(L78=3,R78+$M$15,IF(L78=4,R78+$M$16,0))))) -> 0.5 | T78: =SUM(U78:AB78)/8 -> 2.15625 | U78: =AK78-$AC$13 -> 0 | V78: =AL78-$AD$13 -> 5 | W78: =AM78-$AE$13 -> 6 | X78: =$AF$13-AN78 -> 5 | Y78: =AO78-$AG$13 -> 0 | Z78: =AP78-$AH$13 -> 0 | AA78: =AQ78-$AH$13 -> -1 | AB78: =AR78-$AJ$13 -> 2.25 | AK78: 6 | AL78: 8 | AM78: 8 | AN78: 4 | AO78: 4 | AP78: 2 | AQ78: 1 | AR78: 3 | AS78: =(AT78+BB78+BE78+BJ78)/4 -> 3.5 | AT78: =AU78*AV78 -> 0 | AU78: 6 | AV78: =IF(AW78=1,1,IF(AW78=2,0.9,IF(AW78=3,0.8,IF(AW78=4,0.7,IF(AW78=5,0.6,IF(AW78=6,0.5,IF(AW78=7,0.4,IF(AW78=8,0.3,IF(AW78=9,0.2,IF(AW78=10,0.1,IF(AW78=0,0,0))))))))))) -> 0 | AX78: =IF($AZ$13>=BA78,"YA","TIDAK") -> YA | AY78: =IF($AZ$13-BA78>0,$AZ$13-BA78,"0") -> 0.51 | BA78: 0.5 | BB78: =BC78+BD78 -> 8 | BC78: 8 | BE78: =BF78*BH78*BI78 -> 0 | BH78: 1 | BI78: 6 | BJ78: =SUM(BK78:BV78) -> 6 | BK78: 6
B79: 66 | C79: PA-I | D79: A66 | E79: Menonton TV malam | G79: H | H79: DI | I79: =IF(R79>0,IF(S79-$P$11>0,"I","R"),"R") -> R | J79: 2 | L79: 0 | N79: =IF(I79="I",0,IF(AX79="YA",O79+T79+AS79,0)) -> 2.8229167 | O79: =IF(P79="-",5,IF(10-(P79/60)>10,10+(P79/60*10),10-(P79/60))) -> -1.8333333 | P79: =IF(Q79="-","-",IF((Q79-$P$11)*1440>1,(Q79-$P$11)*1440,-1*(Q79-$P$11)*1440)) -> 710 | Q79: 0.8125 | S79: =IF(L79=0,0,IF(L79=1,R79+$M$13,IF(L79=2,R79+$M$14,IF(L79=3,R79+$M$15,IF(L79=4,R79+$M$16,0))))) -> 0 | T79: =SUM(U79:AB79)/8 -> 1.90625 | U79: =AK79-$AC$13 -> 0 | V79: =AL79-$AD$13 -> 5 | W79: =AM79-$AE$13 -> 6 | X79: =$AF$13-AN79 -> 3 | Y79: =AO79-$AG$13 -> 0 | Z79: =AP79-$AH$13 -> 0 | AA79: =AQ79-$AH$13 -> -1 | AB79: =AR79-$AJ$13 -> 2.25 | AK79: 6 | AL79: 8 | AM79: 8 | AN79: 6 | AO79: 4 | AP79: 2 | AQ79: 1 | AR79: 3 | AS79: =(AT79+BB79+BE79+BJ79)/4 -> 2.75 | AT79: =AU79*AV79 -> 0 | AU79: 8 | AV79: =IF(AW79=1,1,IF(AW79=2,0.9,IF(AW79=3,0.8,IF(AW79=4,0.7,IF(AW79=5,0.6,IF(AW79=6,0.5,IF(AW79=7,0.4,IF(AW79=8,0.3,IF(AW79=9,0.2,IF(AW79=10,0.1,IF(AW79=0,0,0))))))))))) -> 0 | AX79: =IF($AZ$13>=BA79,"YA","TIDAK") -> YA | AY79: =IF($AZ$13-BA79>0,$AZ$13-BA79,"0") -> 0.76 | BA79: 0.25 | BB79: =BC79+BD79 -> 6 | BC79: 6 | BE79: =BF79*BH79*BI79 -> 0 | BJ79: =SUM(BK79:BV79) -> 5 | BK79: 5
B80: 67 | C80: PA-I | D80: A67 | E80: Bermain dengan anak di malam hari | G80: H | H80: MI | I80: =IF(R80>0,IF(S80-$P$11>0,"I","R"),"R") -> R | J80: 2 | L80: 0 | N80: =IF(I80="I",0,IF(AX80="YA",O80+T80+AS80,0)) -> 4.1979167 | O80: =IF(P80="-",5,IF(10-(P80/60)>10,10+(P80/60*10),10-(P80/60))) -> -1.8333333 | P80: =IF(Q80="-","-",IF((Q80-$P$11)*1440>1,(Q80-$P$11)*1440,-1*(Q80-$P$11)*1440)) -> 710 | Q80: 0.8125 | S80: =IF(L80=0,0,IF(L80=1,R80+$M$13,IF(L80=2,R80+$M$14,IF(L80=3,R80+$M$15,IF(L80=4,R80+$M$16,0))))) -> 0 | T80: =SUM(U80:AB80)/8 -> 2.78125 | U80: =AK80-$AC$13 -> 2 | V80: =AL80-$AD$13 -> 5 | W80: =AM80-$AE$13 -> 4 | X80: =$AF$13-AN80 -> 6 | Y80: =AO80-$AG$13 -> 2 | Z80: =AP80-$AH$13 -> 2 | AA80: =AQ80-$AH$13 -> 0 | AB80: =AR80-$AJ$13 -> 1.25 | AK80: 8 | AL80: 8 | AM80: 6 | AN80: 3 | AO80: 6 | AP80: 4 | AQ80: 2 | AR80: 2 | AS80: =(AT80+BB80+BE80+BJ80)/4 -> 3.25 | AT80: =AU80*AV80 -> 0 | AU80: 5 | AV80: =IF(AW80=1,1,IF(AW80=2,0.9,IF(AW80=3,0.8,IF(AW80=4,0.7,IF(AW80=5,0.6,IF(AW80=6,0.5,IF(AW80=7,0.4,IF(AW80=8,0.3,IF(AW80=9,0.2,IF(AW80=10,0.1,IF(AW80=0,0,0))))))))))) -> 0 | AX80: =IF($AZ$13>=BA80,"YA","TIDAK") -> YA | AY80: =IF($AZ$13-BA80>0,$AZ$13-BA80,"0") -> 0.51 | BA80: 0.5 | BB80: =BC80+BD80 -> 8 | BC80: 8 | BE80: =BF80*BH80*BI80 -> 0 | BJ80: =SUM(BK80:BV80) -> 5 | BK80: 5
B81: 68 | C81: PA-I | D81: A68 | E81: Membuat susu anak di malam hari | G81: H | H81: MI | I81: =IF(R81>0,IF(S81-$P$11>0,"I","R"),"R") -> R | J81: 3 | L81: 0 | N81: =IF(I81="I",0,IF(AX81="YA",O81+T81+AS81,0)) -> 5.9479167 | O81: =IF(P81="-",5,IF(10-(P81/60)>10,10+(P81/60*10),10-(P81/60))) -> -2.8333333 | P81: =IF(Q81="-","-",IF((Q81-$P$11)*1440>1,(Q81-$P$11)*1440,-1*(Q81-$P$11)*1440)) -> 770 | Q81: 0.85416667 | S81: =IF(L81=0,0,IF(L81=1,R81+$M$13,IF(L81=2,R81+$M$14,IF(L81=3,R81+$M$15,IF(L81=4,R81+$M$16,0))))) -> 0 | T81: =SUM(U81:AB81)/8 -> 4.78125 | U81: =AK81-$AC$13 -> 3 | V81: =AL81-$AD$13 -> 5 | W81: =AM81-$AE$13 -> 7 | X81: =$AF$13-AN81 -> 4 | Y81: =AO81-$AG$13 -> 5 | Z81: =AP81-$AH$13 -> 7 | AA81: =AQ81-$AH$13 -> 1 | AB81: =AR81-$AJ$13 -> 6.25 | AK81: 9 | AL81: 8 | AM81: 9 | AN81: 5 | AO81: 9 | AP81: 9 | AQ81: 3 | AR81: 7 | AS81: =(AT81+BB81+BE81+BJ81)/4 -> 4 | AT81: =AU81*AV81 -> 0 | AU81: 6 | AV81: =IF(AW81=1,1,IF(AW81=2,0.9,IF(AW81=3,0.8,IF(AW81=4,0.7,IF(AW81=5,0.6,IF(AW81=6,0.5,IF(AW81=7,0.4,IF(AW81=8,0.3,IF(AW81=9,0.2,IF(AW81=10,0.1,IF(AW81=0,0,0))))))))))) -> 0 | AX81: =IF($AZ$13>=BA81,"YA","TIDAK") -> YA | AY81: =IF($AZ$13-BA81>0,$AZ$13-BA81,"0") -> 0.76 | BA81: 0.25 | BB81: =BC81+BD81 -> 8 | BC81: 8 | BE81: =BF81*BH81*BI81 -> 0 | BJ81: =SUM(BK81:BV81) -> 8 | BK81: 8
B82: 69 | C82: PA-I | D82: A69 | E82: Bekerja menggunakan komputer | G82: M;3 | H82: DI/MI | I82: =IF(R82>0,IF(S82-$P$11>0,"I","R"),"R") -> R | J82: -1 | L82: 3 | N82: =IF(I82="I",0,IF(AX82="YA",O82+T82+AS82,0)) -> 3.15625 | O82: =IF(P82="-",5,IF(10-(P82/60)>10,10+(P82/60*10),10-(P82/60))) -> -3 | P82: =IF(Q82="-","-",IF((Q82-$P$11)*1440>1,(Q82-$P$11)*1440,-1*(Q82-$P$11)*1440)) -> 780 | Q82: 0.86111111 | S82: =IF(L82=0,0,IF(L82=1,R82+$M$13,IF(L82=2,R82+$M$14,IF(L82=3,R82+$M$15,IF(L82=4,R82+$M$16,0))))) -> 0.99930556 | T82: =SUM(U82:AB82)/8 -> 2.15625 | U82: =AK82-$AC$13 -> -1 | V82: =AL82-$AD$13 -> 2 | W82: =AM82-$AE$13 -> 3 | X82: =$AF$13-AN82 -> 3 | Y82: =AO82-$AG$13 -> 1 | Z82: =AP82-$AH$13 -> 3 | AA82: =AQ82-$AH$13 -> 1 | AB82: =AR82-$AJ$13 -> 5.25 | AK82: 5 | AL82: 5 | AM82: 5 | AN82: 6 | AO82: 5 | AP82: 5 | AQ82: 3 | AR82: 6 | AS82: =(AT82+BB82+BE82+BJ82)/4 -> 4 | AT82: =AU82*AV82 -> 0 | AU82: 5 | AV82: =IF(AW82=1,1,IF(AW82=2,0.9,IF(AW82=3,0.8,IF(AW82=4,0.7,IF(AW82=5,0.6,IF(AW82=6,0.5,IF(AW82=7,0.4,IF(AW82=8,0.3,IF(AW82=9,0.2,IF(AW82=10,0.1,IF(AW82=0,0,0))))))))))) -> 0 | AX82: =IF($AZ$13>=BA82,"YA","TIDAK") -> YA | AY82: =IF($AZ$13-BA82>0,$AZ$13-BA82,"0") -> 0.26 | BA82: 0.75 | BB82: =BC82+BD82 -> 10 | BC82: 10 | BE82: =BF82*BH82*BI82 -> 0 | BJ82: =SUM(BK82:BV82) -> 6 | BK82: 6
B83: 70 | C83: PR-D;A69 | D83: A70 | E83: Menggunakan printer | G83: M;2 | H83: DI | I83: =IF(R83>0,IF(S83-$P$11>0,"I","R"),"R") -> R | J83: 2 | L83: 0 | N83: =IF(I83="I",0,IF(AX83="YA",O83+T83+AS83,0)) -> 0.15625 | O83: =IF(P83="-",5,IF(10-(P83/60)>10,10+(P83/60*10),10-(P83/60))) -> -5 | P83: =IF(Q83="-","-",IF((Q83-$P$11)*1440>1,(Q83-$P$11)*1440,-1*(Q83-$P$11)*1440)) -> 900 | Q83: 0.94444444 | S83: =IF(L83=0,0,IF(L83=1,R83+$M$13,IF(L83=2,R83+$M$14,IF(L83=3,R83+$M$15,IF(L83=4,R83+$M$16,0))))) -> 0 | T83: =SUM(U83:AB83)/8 -> 2.15625 | U83: =AK83-$AC$13 -> -1 | V83: =AL83-$AD$13 -> 2 | W83: =AM83-$AE$13 -> 3 | X83: =$AF$13-AN83 -> 3 | Y83: =AO83-$AG$13 -> 1 | Z83: =AP83-$AH$13 -> 3 | AA83: =AQ83-$AH$13 -> 1 | AB83: =AR83-$AJ$13 -> 5.25 | AK83: 5 | AL83: 5 | AM83: 5 | AN83: 6 | AO83: 5 | AP83: 5 | AQ83: 3 | AR83: 6 | AS83: =(AT83+BB83+BE83+BJ83)/4 -> 3 | AT83: =AU83*AV83 -> 0 | AU83: 3 | AV83: =IF(AW83=1,1,IF(AW83=2,0.9,IF(AW83=3,0.8,IF(AW83=4,0.7,IF(AW83=5,0.6,IF(AW83=6,0.5,IF(AW83=7,0.4,IF(AW83=8,0.3,IF(AW83=9,0.2,IF(AW83=10,0.1,IF(AW83=0,0,0))))))))))) -> 0 | AX83: =IF($AZ$13>=BA83,"YA","TIDAK") -> YA | AY83: =IF($AZ$13-BA83>0,$AZ$13-BA83,"0") -> 0.76 | BA83: 0.25 | BB83: =BC83+BD83 -> 6 | BC83: 6 | BE83: =BF83*BH83*BI83 -> 0 | BJ83: =SUM(BK83:BV83) -> 6 | BK83: 6
B84: 71 | C84: PA-I | D84: A71 | E84: Menyiapkan kasur & karpet tidur | G84: H | H84: MI | I84: =IF(R84>0,IF(S84-$P$11>0,"I","R"),"R") -> R | J84: 3 | L84: 0 | N84: =IF(I84="I",0,IF(AX84="YA",O84+T84+AS84,0)) -> 3.78125 | O84: =IF(P84="-",5,IF(10-(P84/60)>10,10+(P84/60*10),10-(P84/60))) -> -5.25 | P84: =IF(Q84="-","-",IF((Q84-$P$11)*1440>1,(Q84-$P$11)*1440,-1*(Q84-$P$11)*1440)) -> 915 | Q84: 0.95486111 | S84: =IF(L84=0,0,IF(L84=1,R84+$M$13,IF(L84=2,R84+$M$14,IF(L84=3,R84+$M$15,IF(L84=4,R84+$M$16,0))))) -> 0 | T84: =SUM(U84:AB84)/8 -> 4.53125 | U84: =AK84-$AC$13 -> 3 | V84: =AL84-$AD$13 -> 5 | W84: =AM84-$AE$13 -> 7 | X84: =$AF$13-AN84 -> 2 | Y84: =AO84-$AG$13 -> 5 | Z84: =AP84-$AH$13 -> 7 | AA84: =AQ84-$AH$13 -> 3 | AB84: =AR84-$AJ$13 -> 4.25 | AK84: 9 | AL84: 8 | AM84: 9 | AN84: 7 | AO84: 9 | AP84: 9 | AQ84: 5 | AR84: 5 | AS84: =(AT84+BB84+BE84+BJ84)/4 -> 4.5 | AT84: =AU84*AV84 -> 0 | AU84: 5 | AV84: =IF(AW84=1,1,IF(AW84=2,0.9,IF(AW84=3,0.8,IF(AW84=4,0.7,IF(AW84=5,0.6,IF(AW84=6,0.5,IF(AW84=7,0.4,IF(AW84=8,0.3,IF(AW84=9,0.2,IF(AW84=10,0.1,IF(AW84=0,0,0))))))))))) -> 0 | AX84: =IF($AZ$13>=BA84,"YA","TIDAK") -> YA | AY84: =IF($AZ$13-BA84>0,$AZ$13-BA84,"0") -> 0.76 | BA84: 0.25 | BB84: =BC84+BD84 -> 10 | BC84: 10 | BE84: =BF84*BH84*BI84 -> 0 | BH84: 1 | BJ84: =SUM(BK84:BV84) -> 8 | BK84: 8
B85: 72 | C85: PR;A22/A47/A60 | D85: A72 | E85: Mematikan rice cooker | G85: H | H85: MI | I85: =IF(R85>0,IF(S85-$P$11>0,"I","R"),"R") -> R | J85: 1 | L85: 0 | N85: =IF(I85="I",0,IF(AX85="YA",O85+T85+AS85,0)) -> 14.28125 | O85: =IF(P85="-",5,IF(10-(P85/60)>10,10+(P85/60*10),10-(P85/60))) -> 5 | P85: =IF(Q85="-","-",IF((Q85-$P$11)*1440>1,(Q85-$P$11)*1440,-1*(Q85-$P$11)*1440)) -> - | Q85: - | S85: - | T85: =SUM(U85:AB85)/8 -> 4.78125 | U85: =AK85-$AC$13 -> 3 | V85: =AL85-$AD$13 -> 5 | W85: =AM85-$AE$13 -> 7 | X85: =$AF$13-AN85 -> 4 | Y85: =AO85-$AG$13 -> 5 | Z85: =AP85-$AH$13 -> 7 | AA85: =AQ85-$AH$13 -> 1 | AB85: =AR85-$AJ$13 -> 6.25 | AK85: 9 | AL85: 8 | AM85: 9 | AN85: 5 | AO85: 9 | AP85: 9 | AQ85: 3 | AR85: 7 | AS85: =(AT85+BB85+BE85+BJ85)/4 -> 4.5 | AT85: =AU85*AV85 -> 0 | AU85: 8 | AV85: =IF(AW85=1,1,IF(AW85=2,0.9,IF(AW85=3,0.8,IF(AW85=4,0.7,IF(AW85=5,0.6,IF(AW85=6,0.5,IF(AW85=7,0.4,IF(AW85=8,0.3,IF(AW85=9,0.2,IF(AW85=10,0.1,IF(AW85=0,0,0))))))))))) -> 0 | AX85: =IF($AZ$13>=BA85,"YA","TIDAK") -> YA | AY85: =IF($AZ$13-BA85>0,$AZ$13-BA85,"0") -> 0.76 | BA85: 0.25 | BB85: =BC85+BD85 -> 10 | BC85: 10 | BE85: =BF85*BH85*BI85 -> 0 | BH85: 1 | BI85: 10 | BJ85: =SUM(BK85:BV85) -> 8 | BK85: 8
B86: 73 | C86: PR-D;A35/A52/A67 | D86: A73 | E86: Membereskan mainan anak | G86: H | H86: MI | I86: =IF(R86>0,IF(S86-$P$11>0,"I","R"),"R") -> R | J86: 1 | L86: 0 | N86: =IF(I86="I",0,IF(AX86="YA",O86+T86+AS86,0)) -> 12.28125 | O86: =IF(P86="-",5,IF(10-(P86/60)>10,10+(P86/60*10),10-(P86/60))) -> 5 | P86: =IF(Q86="-","-",IF((Q86-$P$11)*1440>1,(Q86-$P$11)*1440,-1*(Q86-$P$11)*1440)) -> - | Q86: - | S86: - | T86: =SUM(U86:AB86)/8 -> 4.53125 | U86: =AK86-$AC$13 -> 3 | V86: =AL86-$AD$13 -> 5 | W86: =AM86-$AE$13 -> 7 | X86: =$AF$13-AN86 -> 2 | Y86: =AO86-$AG$13 -> 5 | Z86: =AP86-$AH$13 -> 7 | AA86: =AQ86-$AH$13 -> 3 | AB86: =AR86-$AJ$13 -> 4.25 | AK86: 9 | AL86: 8 | AM86: 9 | AN86: 7 | AO86: 9 | AP86: 9 | AQ86: 5 | AR86: 5 | AS86: =(AT86+BB86+BE86+BJ86)/4 -> 2.75 | AT86: =AU86*AV86 -> 0 | AU86: 3 | AV86: =IF(AW86=1,1,IF(AW86=2,0.9,IF(AW86=3,0.8,IF(AW86=4,0.7,IF(AW86=5,0.6,IF(AW86=6,0.5,IF(AW86=7,0.4,IF(AW86=8,0.3,IF(AW86=9,0.2,IF(AW86=10,0.1,IF(AW86=0,0,0))))))))))) -> 0 | AX86: =IF($AZ$13>=BA86,"YA","TIDAK") -> YA | AY86: =IF($AZ$13-BA86>0,$AZ$13-BA86,"0") -> 0.26 | BA86: 0.75 | BB86: =BC86+BD86 -> 5 | BC86: 5 | BE86: =BF86*BH86*BI86 -> 0 | BH86: 1 | BI86: 6 | BJ86: =SUM(BK86:BV86) -> 6 | BK86: 6
B87: 74 | C87: PR;A32/A50/A64 | D87: A74 | E87: Mencuci piring dan alat masak | G87: H | H87: DI | I87: =IF(R87>0,IF(S87-$P$11>0,"I","R"),"R") -> R | J87: 2 | L87: 0 | N87: =IF(I87="I",0,IF(AX87="YA",O87+T87+AS87,0)) -> 9.90625 | O87: =IF(P87="-",5,IF(10-(P87/60)>10,10+(P87/60*10),10-(P87/60))) -> 5 | P87: =IF(Q87="-","-",IF((Q87-$P$11)*1440>1,(Q87-$P$11)*1440,-1*(Q87-$P$11)*1440)) -> - | Q87: - | S87: - | T87: =SUM(U87:AB87)/8 -> 2.15625 | U87: =AK87-$AC$13 -> 0 | V87: =AL87-$AD$13 -> 5 | W87: =AM87-$AE$13 -> 6 | X87: =$AF$13-AN87 -> 5 | Y87: =AO87-$AG$13 -> 0 | Z87: =AP87-$AH$13 -> 0 | AA87: =AQ87-$AH$13 -> -1 | AB87: =AR87-$AJ$13 -> 2.25 | AK87: 6 | AL87: 8 | AM87: 8 | AN87: 4 | AO87: 4 | AP87: 2 | AQ87: 1 | AR87: 3 | AS87: =(AT87+BB87+BE87+BJ87)/4 -> 2.75 | AT87: =AU87*AV87 -> 0 | AU87: 3 | AV87: =IF(AW87=1,1,IF(AW87=2,0.9,IF(AW87=3,0.8,IF(AW87=4,0.7,IF(AW87=5,0.6,IF(AW87=6,0.5,IF(AW87=7,0.4,IF(AW87=8,0.3,IF(AW87=9,0.2,IF(AW87=10,0.1,IF(AW87=0,0,0))))))))))) -> 0 | AX87: =IF($AZ$13>=BA87,"YA","TIDAK") -> YA | AY87: =IF($AZ$13-BA87>0,$AZ$13-BA87,"0") -> 0.26 | BA87: 0.75 | BB87: =BC87+BD87 -> 9 | BC87: 9 | BE87: =BF87*BH87*BI87 -> 0 | BH87: 1 | BI87: 8 | BJ87: =SUM(BK87:BV87) -> 2 | BK87: 2
B88: 75 | C88: PR-D;DLA;B7 | D88: A75 | E88: Berdandan setelah mandi | G88: H | H88: MI | I88: =IF(R88>0,IF(S88-$P$11>0,"I","R"),"R") -> R | J88: -1 | L88: 0 | N88: =IF(I88="I",0,IF(AX88="YA",O88+T88+AS88,0)) -> 11.03125 | O88: =IF(P88="-",5,IF(10-(P88/60)>10,10+(P88/60*10),10-(P88/60))) -> 5 | P88: =IF(Q88="-","-",IF((Q88-$P$11)*1440>1,(Q88-$P$11)*1440,-1*(Q88-$P$11)*1440)) -> - | Q88: - | S88: - | T88: =SUM(U88:AB88)/8 -> 2.78125 | U88: =AK88-$AC$13 -> -1 | V88: =AL88-$AD$13 -> 5 | W88: =AM88-$AE$13 -> 0 | X88: =$AF$13-AN88 -> 3 | Y88: =AO88-$AG$13 -> 4 | Z88: =AP88-$AH$13 -> 0 | AA88: =AQ88-$AH$13 -> 4 | AB88: =AR88-$AJ$13 -> 7.25 | AK88: 5 | AL88: 8 | AM88: 2 | AN88: 6 | AO88: 8 | AP88: 2 | AQ88: 6 | AR88: 8 | AS88: =(AT88+BB88+BE88+BJ88)/4 -> 3.25 | AT88: =AU88*AV88 -> 0 | AU88: 6 | AV88: =IF(AW88=1,1,IF(AW88=2,0.9,IF(AW88=3,0.8,IF(AW88=4,0.7,IF(AW88=5,0.6,IF(AW88=6,0.5,IF(AW88=7,0.4,IF(AW88=8,0.3,IF(AW88=9,0.2,IF(AW88=10,0.1,IF(AW88=0,0,0))))))))))) -> 0 | AX88: =IF($AZ$13>=BA88,"YA","TIDAK") -> YA | AY88: =IF($AZ$13-BA88>0,$AZ$13-BA88,"0") -> 0.76 | BA88: 0.25 | BB88: =BC88+BD88 -> 8 | BC88: 8 | BE88: =BF88*BH88*BI88 -> 0 | BJ88: =SUM(BK88:BV88) -> 5 | BK88: 5
B89: 76 | C89: UA-I | D89: A76 | E89: Membaca | G89: H | H89: DI | I89: =IF(R89>0,IF(S89-$P$11>0,"I","R"),"R") -> R | J89: -1 | L89: 3 | N89: =IF(I89="I",0,IF(AX89="YA",O89+T89+AS89,0)) -> 10.78125 | O89: =IF(P89="-",5,IF(10-(P89/60)>10,10+(P89/60*10),10-(P89/60))) -> 5 | P89: =IF(Q89="-","-",IF((Q89-$P$11)*1440>1,(Q89-$P$11)*1440,-1*(Q89-$P$11)*1440)) -> - | Q89: - | S89: - | T89: =SUM(U89:AB89)/8 -> 2.28125 | U89: =AK89-$AC$13 -> 0 | V89: =AL89-$AD$13 -> 5 | W89: =AM89-$AE$13 -> 6 | X89: =$AF$13-AN89 -> 6 | Y89: =AO89-$AG$13 -> 0 | Z89: =AP89-$AH$13 -> 0 | AA89: =AQ89-$AH$13 -> -1 | AB89: =AR89-$AJ$13 -> 2.25 | AK89: 6 | AL89: 8 | AM89: 8 | AN89: 3 | AO89: 4 | AP89: 2 | AQ89: 1 | AR89: 3 | AS89: =(AT89+BB89+BE89+BJ89)/4 -> 3.5 | AT89: =AU89*AV89 -> 0 | AU89: 6 | AV89: =IF(AW89=1,1,IF(AW89=2,0.9,IF(AW89=3,0.8,IF(AW89=4,0.7,IF(AW89=5,0.6,IF(AW89=6,0.5,IF(AW89=7,0.4,IF(AW89=8,0.3,IF(AW89=9,0.2,IF(AW89=10,0.1,IF(AW89=0,0,0))))))))))) -> 0 | AX89: =IF($AZ$13>=BA89,"YA","TIDAK") -> YA | AY89: =IF($AZ$13-BA89>0,$AZ$13-BA89,"0") -> 0.26 | BA89: 0.75 | BB89: =BC89+BD89 -> 8 | BC89: 8 | BE89: =BF89*BH89*BI89 -> 0 | BJ89: =SUM(BK89:BV89) -> 6 | BK89: 6
B90: 77 | C90: UA-I | D90: A77 | E90: Bersantai | G90: H | H90: DI | I90: =IF(R90>0,IF(S90-$P$11>0,"I","R"),"R") -> R | J90: -1 | L90: 0 | N90: =IF(I90="I",0,IF(AX90="YA",O90+T90+AS90,0)) -> 10.78125 | O90: =IF(P90="-",5,IF(10-(P90/60)>10,10+(P90/60*10),10-(P90/60))) -> 5 | P90: =IF(Q90="-","-",IF((Q90-$P$11)*1440>1,(Q90-$P$11)*1440,-1*(Q90-$P$11)*1440)) -> - | Q90: - | S90: - | T90: =SUM(U90:AB90)/8 -> 2.28125 | U90: =AK90-$AC$13 -> 0 | V90: =AL90-$AD$13 -> 5 | W90: =AM90-$AE$13 -> 6 | X90: =$AF$13-AN90 -> 6 | Y90: =AO90-$AG$13 -> 0 | Z90: =AP90-$AH$13 -> 0 | AA90: =AQ90-$AH$13 -> -1 | AB90: =AR90-$AJ$13 -> 2.25 | AK90: 6 | AL90: 8 | AM90: 8 | AN90: 3 | AO90: 4 | AP90: 2 | AQ90: 1 | AR90: 3 | AS90: =(AT90+BB90+BE90+BJ90)/4 -> 3.5 | AT90: =AU90*AV90 -> 0 | AU90: 8 | AV90: =IF(AW90=1,1,IF(AW90=2,0.9,IF(AW90=3,0.8,IF(AW90=4,0.7,IF(AW90=5,0.6,IF(AW90=6,0.5,IF(AW90=7,0.4,IF(AW90=8,0.3,IF(AW90=9,0.2,IF(AW90=10,0.1,IF(AW90=0,0,0))))))))))) -> 0 | AX90: =IF($AZ$13>=BA90,"YA","TIDAK") -> YA | AY90: =IF($AZ$13-BA90>0,$AZ$13-BA90,"0") -> 0.76 | BA90: 0.25 | BB90: =BC90+BD90 -> 6 | BC90: 6 | BE90: =BF90*BH90*BI90 -> 0 | BJ90: =SUM(BK90:BV90) -> 8 | BK90: 8
B91: 78 | C91: UA-I | D91: A78 | E91: Mengoperasikan gadget | G91: H | H91: DI | I91: =IF(R91>0,IF(S91-$P$11>0,"I","R"),"R") -> R | J91: 3 | L91: 0 | N91: =IF(I91="I",0,IF(AX91="YA",O91+T91+AS91,0)) -> 12.28125 | O91: =IF(P91="-",5,IF(10-(P91/60)>10,10+(P91/60*10),10-(P91/60))) -> 5 | P91: =IF(Q91="-","-",IF((Q91-$P$11)*1440>1,(Q91-$P$11)*1440,-1*(Q91-$P$11)*1440)) -> - | Q91: - | S91: - | T91: =SUM(U91:AB91)/8 -> 4.53125 | U91: =AK91-$AC$13 -> 3 | V91: =AL91-$AD$13 -> 5 | W91: =AM91-$AE$13 -> 7 | X91: =$AF$13-AN91 -> 2 | Y91: =AO91-$AG$13 -> 5 | Z91: =AP91-$AH$13 -> 7 | AA91: =AQ91-$AH$13 -> 3 | AB91: =AR91-$AJ$13 -> 4.25 | AK91: 9 | AL91: 8 | AM91: 9 | AN91: 7 | AO91: 9 | AP91: 9 | AQ91: 5 | AR91: 5 | AS91: =(AT91+BB91+BE91+BJ91)/4 -> 2.75 | AT91: =AU91*AV91 -> 0 | AU91: 6 | AV91: =IF(AW91=1,1,IF(AW91=2,0.9,IF(AW91=3,0.8,IF(AW91=4,0.7,IF(AW91=5,0.6,IF(AW91=6,0.5,IF(AW91=7,0.4,IF(AW91=8,0.3,IF(AW91=9,0.2,IF(AW91=10,0.1,IF(AW91=0,0,0))))))))))) -> 0 | AX91: =IF($AZ$13>=BA91,"YA","TIDAK") -> YA | AY91: =IF($AZ$13-BA91>0,$AZ$13-BA91,"0") -> 0.76 | BA91: 0.25 | BB91: =BC91+BD91 -> 6 | BC91: 6 | BE91: =BF91*BH91*BI91 -> 0 | BJ91: =SUM(BK91:BV91) -> 5 | BK91: 5
B92: 79 | C92: UA-I | D92: A79 | E92: Menerima tamu | G92: B;3 | H92: MI | I92: =IF(R92>0,IF(S92-$P$11>0,"I","R"),"R") -> R | J92: 3 | L92: 0 | N92: =IF(I92="I",0,IF(AX92="YA",O92+T92+AS92,0)) -> 11.15625 | O92: =IF(P92="-",5,IF(10-(P92/60)>10,10+(P92/60*10),10-(P92/60))) -> 5 | P92: =IF(Q92="-","-",IF((Q92-$P$11)*1440>1,(Q92-$P$11)*1440,-1*(Q92-$P$11)*1440)) -> - | Q92: - | S92: - | T92: =SUM(U92:AB92)/8 -> 2.15625 | U92: =AK92-$AC$13 -> -1 | V92: =AL92-$AD$13 -> 2 | W92: =AM92-$AE$13 -> 3 | X92: =$AF$13-AN92 -> 3 | Y92: =AO92-$AG$13 -> 1 | Z92: =AP92-$AH$13 -> 3 | AA92: =AQ92-$AH$13 -> 1 | AB92: =AR92-$AJ$13 -> 5.25 | AK92: 5 | AL92: 5 | AM92: 5 | AN92: 6 | AO92: 5 | AP92: 5 | AQ92: 3 | AR92: 6 | AS92: =(AT92+BB92+BE92+BJ92)/4 -> 4 | AT92: =AU92*AV92 -> 0 | AU92: 5 | AV92: =IF(AW92=1,1,IF(AW92=2,0.9,IF(AW92=3,0.8,IF(AW92=4,0.7,IF(AW92=5,0.6,IF(AW92=6,0.5,IF(AW92=7,0.4,IF(AW92=8,0.3,IF(AW92=9,0.2,IF(AW92=10,0.1,IF(AW92=0,0,0))))))))))) -> 0 | AX92: =IF($AZ$13>=BA92,"YA","TIDAK") -> YA | AY92: =IF($AZ$13-BA92>0,$AZ$13-BA92,"0") -> 0.26 | BA92: 0.75 | BB92: =BC92+BD92 -> 13 | BC92: 5 | BD92: 8 | BE92: =BF92*BH92*BI92 -> 0 | BJ92: =SUM(BK92:BV92) -> 3 | BK92: 3
