Workbook

Sheet Psi&Fis_IC
B3: 1 Sheet untuk masing-masing rumah
A6: NO | B6: PERAN | C6: KONDISI PSIKOLOGIS | AF6: NO | AG6: PERAN | AH6: KONDISI FISIK
C7: EMOSI | J7: SUASANA HATI | Q7: STRES | X7: KESEPIAN | AH7: KEMAMPUAN
C8: TINGKAT (√) | J8: TINGKAT (√) | Q8: TINGKAT (√) | X8: TINGKAT (√) | AH8: KEMUDAHAN BERAKTIVITAS (√) | AN8: KEMAMPUAN CAPAIAN FISIK (√)
C9: -6 | D9: -4 | E9: -2 | F9: 0 | G9: +2 | H9: +4 | I9: +6 | J9: -6 | K9: -4 | L9: -2 | M9: 0 | N9: +2 | O9: +4 | P9: +6 | Q9: -6 | R9: -4 | S9: -2 | T9: 0 | U9: +2 | V9: +4 | W9: +6 | X9: -6 | Y9: -4 | Z9: -2 | AA9: 0 | AB9: +2 | AC9: +4 | AD9: +6 | AH9: 0 | AI9: 2 | AJ9: 4 | AK9: 6 | AL9: 8 | AM9: 10 | AN9: -1 | AO9: -0,8 | AP9: -0,6 | AQ9: -0,4 | AR9: 0,2 | AS9: 0
A10: 1 | B10: AYAH | F10: √ | M10: √ | T10: √ | AA10: √ | AF10: 1 | AG10: AYAH | AL10: √ | AS10: √
A11: 2 | B11: IBU | F11: √ | M11: √ | U11: √ | AA11: √ | AF11: 2 | AG11: IBU | AL11: √ | AS11: √
A12: 3 | B12: ADIK | F12: √ | M12: √ | T12: √ | AA12: √ | AF12: 3 | AG12: ADIK | AL12: √ | AS12: √
A13: 4 | B13: KAKAK | F13: √ | M13: √ | T13: √ | AA13: √ | AF13: 4 | AG13: KAKAK | AL13: √ | AR13: √
A14: 5 | B14: NENEK | F14: √ | M14: √ | T14: √ | AA14: √ | AF14: 5 | AG14: NENEK | AJ14: √ | AP14: √

Sheet Bio_IC
B3: 1 Sheet untuk masing-masing rumah
A6: NO | B6: PERAN | C6: KONDISI BIOLOGIS
C7: KANDUNG KEMIH | I7: USUS BESAR | O7: KOTOR | U7: ENERGI | AA7: LAPAR | AG7: KEHAUSAN | AM7: KELELAHAN | AS7: MENGANTUK
C8: TINGKAT SEBELUM TIDUR (√) | I8: TINGKAT SEBELUM TIDUR (√) | O8: TINGKAT SEBELUM TIDUR (√) | U8: TINGKAT SEBELUM TIDUR (√) | AA8: TINGKAT SEBELUM TIDUR (√) | AG8: TINGKAT SEBELUM TIDUR (√) | AM8: TINGKAT SEBELUM TIDUR (√) | AS8: TINGKAT SEBELUM TIDUR (√)
C9: 0 | D9: 2 | E9: 4 | F9: 6 | G9: 8 | H9: 10 | I9: 0 | J9: 2 | K9: 4 | L9: 6 | M9: 8 | N9: 10 | O9: 0 | P9: 2 | Q9: 4 | R9: 6 | S9: 8 | T9: 10 | U9: 0 | V9: 2 | W9: 4 | X9: 6 | Y9: 8 | Z9: 10 | AA9: 0 | AB9: 2 | AC9: 4 | AD9: 6 | AE9: 8 | AF9: 10 | AG9: 0 | AH9: 2 | AI9: 4 | AJ9: 6 | AK9: 8 | AL9: 10 | AM9: 0 | AN9: 2 | AO9: 4 | AP9: 6 | AQ9: 8 | AR9: 10 | AS9: 0 | AT9: 2 | AU9: 4 | AV9: 6 | AW9: 8 | AX9: 10
A10: 1 | B10: AYAH | C10: √ | L10: √ | P10: √ | X10: √ | AB10: √ | AH10: √ | AP10: √ | AV10: √
A11: 2 | B11: IBU | C11: √ | L11: √ | P11: √ | X11: √ | AB11: √ | AH11: √ | AP11: √ | AU11: √
A12: 3 | B12: KAKAK | C12: √ | J12: √ | Q12: √ | Y12: √ | AB12: √ | AH12: √ | AP12: √ | AV12: √
A13: 4 | B13: ADIK | C13: √ | J13: √ | Q13: √ | Y13: √ | AB13: √ | AH13: √ | AP13: √ | AV13: √
A14: 5 | B14: NENEK | D14: √ | L14: √ | P14: √ | W14: √ | AB14: √ | AH14: √ | AQ14: √ | AW14: √

Sheet Kebiasaan_IC
B3: 1 Sheet untuk masing-masing rumah
A6: AYAH | L6: IBU | W6: ADIK | AH6: AYAH | AO6: IBU | AV6: ADIK
A7: AKTIVITAS (√) | D7: WAKTU (00.00-23.59) | F7: KUANTITAS BAK/BAB(√) | L7: AKTIVITAS (√) | O7: WAKTU (00.00-23.59) | Q7: KUANTITAS BAK/BAB(√) | W7: AKTIVITAS (√) | Z7: WAKTU (00.00-23.59) | AB7: KUANTITAS BAK/BAB(√) | AH7: AKTIVITAS (√) | AJ7: WAKTU (00.00-23.59) | AL7: JUMLAH PORSI | AO7: AKTIVITAS (√) | AQ7: WAKTU (00.00-23.59) | AS7: JUMLAH PORSI | AV7: AKTIVITAS (√) | AX7: WAKTU (00.00-23.59) | AZ7: JUMLAH PORSI
A8: BAK | B8: BAB | C8: MANDI | D8: JAM | E8: DURASI | F8: SANGAT BANYAK | G8: BANYAK | H8: CUKUP | I8: SEDIKIT | J8: SANGAT SEDIKIT | L8: BAK | M8: BAB | N8: MANDI | O8: JAM | P8: DURASI | Q8: SANGAT BANYAK | R8: BANYAK | S8: CUKUP | T8: SEDIKIT | U8: SANGAT SEDIKIT | W8: BAK | X8: BAB | Y8: MANDI | Z8: JAM | AA8: DURASI | AB8: SANGAT BANYAK | AC8: BANYAK | AD8: CUKUP | AE8: SEDIKIT | AF8: SANGAT SEDIKIT | AH8: MAKAN | AI8: MINUM | AJ8: JAM | AK8: DURASI | AL8: PORSI | AM8: PORSI | AO8: MAKAN | AP8: MINUM | AQ8: JAM | AR8: DURASI | AS8: PORSI | AT8: PORSI | AV8: MAKAN | AW8: MINUM | AX8: JAM | AY8: DURASI | AZ8: PORSI | BA8: PORSI
A9: √ | C9: √ | D9: 07.00 | E9: 10 | H9: √ | N9: √ | O9: 06.30 | P9: 10 | S9: √ | W9: √ | Z9: 06.00 | AD9: √ | AH9: √ | AJ9: 09.00 | AK9: 10 | AL9: 1 PRG | AO9: √ | AQ9: 08.30 | AR9: 10 | AS9: 1 PRG | AV9: √ | AX9: 09.00 | AY9: 20 | AZ9: 1/2 PRG
A10: √ | D10: 09.00 | H10: √ | L10: √ | O10: 07.30 | S10: √ | Z10: 08.00 | AD10: √ | AJ10: 13.00 | AK10: 10 | AL10: 1 PRG | AQ10: 14.00 | AR10: 10 | AS10: 1 PRG | AX10: 13.00 | AY10: 20 | AZ10: 1/2 PRG
A11: √ | D11: 11.00 | H11: √ | L11: √ | O11: 10.00 | S11: √ | Z11: 10.00 | AD11: √ | AJ11: 18.30 | AK11: 10 | AL11: 1 PRG | AQ11: 18.30 | AR11: 10 | AS11: 1 PRG | AX11: 15.00 | AY11: 20 | AZ11: 1/4 PRG
A12: √ | D12: 12.00 | H12: √ | L12: √ | O12: 12.30 | S12: √ | Z12: 12.00 | AD12: √ | AX12: 18.30 | AY12: 20 | AZ12: 1/2 PRG
A13: √ | D13: 14.00 | H13: √ | L13: √ | O13: 14.30 | S13: √ | Z13: 14.00 | AD13: √ | AI13: √ | AJ13: 07.00 | AL13: …PRG | AM13: 1 GLS | AP13: √ | AQ13: 08.00 | AS13: …PRG | AT13: 1 GLS
A14: √ | D14: 16.00 | H14: √ | L14: √ | O14: 16.15 | S14: √ | Z14: 16.00 | AD14: √ | AJ14: 08.00 | AL14: …PRG | AM14: 1 GLS | AQ14: 09.00 | AS14: …PRG | AT14: 1 GLS | AW14: √ | AX14: 08.00 | BA14: 1/2 GLS
A15: √ | C15: √ | D15: 18.00 | E15: 10 | H15: √ | L15: √ | N15: √ | O15: 17.30 | P15: 10 | S15: √ | Z15: 17.00 | AD15: √ | AH15: √ | AJ15: 09.00 | AK15: 10 | AL15: …PRG | AM15: 1 GLS | AQ15: 10.00 | AS15: …PRG | AT15: 1 GLS | AX15: 10.00 | BA15: 1/2 GLS
A16: √ | D16: 19.00 | H16: √ | L16: √ | O16: 18.45 | S16: √ | Z16: 19.00 | AD16: √
A17: √ | D17: 20.00 | H17: √ | L17: √ | O17: 20.30 | Z17: 21.00 | AD17: √ | AJ17: 10.00 | AL17: …PRG | AM17: 1 GLS | AQ17: 11.00 | AS17: …PRG | AT17: 1 GLS | AX17: 12.00 | BA17: 1/4 GLS
B18: √ | D18: 07.00 | H18: √ | AJ18: 11.00 | AL18: …PRG | AM18: 1 GLS | AQ18: 12.00 | AS18: …PRG | AT18: 1 GLS | AX18: 13.30 | BA18: 1/4 GLS
Y19: √ | Z19: 07.30 | AD19: √ | AJ19: 12.00 | AL19: …PRG | AM19: 1 GLS | AQ19: 13.00 | AS19: …PRG | AT19: 1 GLS | AX19: 15.00 | BA19: 1/2 GLS
A20: √ | D20: 03.00 | H20: √ | Y20: √ | Z20: 16.00 | AD20: √ | AX20: 16.30 | BA20: 1/2 GLS
AX21: 18.00 | BA21: 1/4 GLS
AJ22: 13.00 | AL22: …PRG | AM22: 1 GLS | AQ22: 14.00 | AS22: …PRG | AT22: 1 GLS
AJ23: 14.00 | AL23: …PRG | AM23: 1 GLS | AQ23: 15.00 | AS23: …PRG | AT23: 1 GLS
AJ24: 15.00 | AL24: …PRG | AM24: 1 GLS | AQ24: 16.00 | AS24: …PRG | AT24: 1 GLS
AJ25: 16.00 | AL25: …PRG | AM25: 1 GLS | AQ25: 17.00 | AS25: …PRG | AT25: 1 GLS
AJ26: 17.00 | AL26: …PRG | AM26: 1 GLS
AJ27: 19.00 | AL27: …PRG | AM27: 1 GLS
A29: KAKAK | L29: NENEK | AH29: KAKAK | AO29: NENEK
A30: AKTIVITAS (√) | D30: WAKTU (00.00-23.59) | F30: KUANTITAS BAK/BAB(√) | L30: AKTIVITAS (√) | O30: WAKTU (00.00-23.59) | Q30: KUANTITAS BAK/BAB(√) | AH30: AKTIVITAS (√) | AJ30: WAKTU (00.00-23.59) | AL30: JUMLAH PORSI | AO30: AKTIVITAS (√) | AQ30: WAKTU (00.00-23.59) | AS30: JUMLAH PORSI
A31: BAK | B31: BAB | C31: MANDI | D31: JAM | E31: DURASI | F31: SANGAT BANYAK | G31: BANYAK | H31: CUKUP | I31: SEDIKIT | J31: SANGAT SEDIKIT | L31: BAK | M31: BAB | N31: MANDI | O31: JAM | P31: DURASI | Q31: SANGAT BANYAK | R31: BANYAK | S31: CUKUP | T31: SEDIKIT | U31: SANGAT SEDIKIT | AH31: MAKAN | AI31: MINUM | AJ31: JAM | AK31: DURASI | AL31: PORSI | AM31: PORSI | AO31: MAKAN | AP31: MINUM | AQ31: JAM | AR31: DURASI | AS31: PORSI | AT31: PORSI
A32: √ | D32: 08.00 | H32: √ | L32: √ | O32: 03.00 | S32: √ | AH32: √ | AJ32: 09.00 | AK32: 15 | AL32: 1 PRG | AO32: √ | AQ32: 06.00 | AR32: 10 | AS32: 1 PRG
D33: 10.15 | H33: √ | O33: 06.00 | S33: √ | AJ33: 13.00 | AK33: 15 | AL33: 1 PRG | AQ33: 12.00 | AR33: 10 | AS33: 1 PRG
D34: 11.00 | H34: √ | O34: 09.00 | S34: √ | AJ34: 15.00 | AK34: 15 | AL34: 1 PRG | AQ34: 18.30 | AR34: 10 | AS34: 1 PRG
D35: 13.30 | H35: √ | O35: 13.00 | S35: √ | AJ35: 18.30 | AK35: 15 | AL35: 1 PRG
D36: 15.00 | H36: √ | O36: 15.00 | S36: √
D37: 17.30 | H37: √ | O37: 18.00 | S37: √ | AI37: √ | AJ37: 07.45 | AM37: 1 GLS | AP37: √ | AQ37: 07.30 | AT37: 1 GLS
D38: 21.00 | H38: √ | O38: 23.00 | S38: √ | AJ38: 09.00 | AM38: 1 GLS | AQ38: 09.00 | AT38: 1 GLS
AJ39: 11.30 | AM39: 1 GLS | AQ39: 12.00 | AT39: 1 GLS
C40: √ | D40: 08.00 | E40: 5 | M40: √ | O40: 06.00 | S40: √ | AJ40: 12.30 | AM40: 1 GLS | AQ40: 14.00 | AT40: 1 GLS
C41: √ | D41: 17.20 | E41: 5 | AJ41: 14.00 | AM41: 1 GLS | AQ41: 15.30 | AT41: 1 GLS
N42: √ | O42: 06.00 | P42: 5 | S42: √ | AJ42: 15.30 | AM42: 1 GLS | AQ42: 16.30 | AT42: 1 GLS
N43: √ | O43: 16.30 | P43: 5 | S43: √ | AJ43: 17.00 | AM43: 1 GLS | AQ43: 18.45 | AT43: 1 GLS
AJ44: 19.00 | AM44: 1 GLS
A50: ADIK
A51: AKTIVITAS (√) | D51: WAKTU (00.00-23.59) | F51: KUANTITAS BAK/BAB(√)
A52: BAK | B52: BAB | C52: MANDI | D52: JAM | E52: DURASI | F52: SANGAT BANYAK | G52: BANYAK | H52: CUKUP | I52: SEDIKIT | J52: SANGAT SEDIKIT
A53: √ | D53: 06.00 | H53: √
D54: 08.00 | H54: √
D55: 10.00 | H55: √
D56: 12.00 | H56: √
D57: 14.00 | H57: √
D58: 16.00 | H58: √
D59: 17.00 | H59: √
D60: 19.00 | H60: √
D61: 21.00 | H61: √
C63: √ | D63: 07.30 | H63: √
C64: √ | D64: 16.00 | H64: √
B72: anak dan Ibu terakhir BAB jumat malam
B73: ayah tidur jam 22.00 malam, bangun jam 03.00 untuk berdoa dan BAK, lalu tidur kembali dan jam 6 bangun
B74: ibu tidur jam 23.30, karena harus mencari data bangun jam 5.30
B75: anak 1 tidur jam 22.00 bangun jam 07.00
B76: anak 2 tidur jam 19.00 bangun jam 07.00
B77: nenek tidur jam 21.00 jam 23.00 terbangun karena rasa sesak dan ke toilet, lalu tidur kembali dan jam 05.00 bangun
B79: Pada hari sabtu pergi ayah ibu kakak adik pada siang hari kira-kira jam 11.00-14.00
B80: pada hari minggu ayah ibu kakak adik pergi pada siang hari kira-kira jam 11.00-14.30

Sheet Peralatan_IC
B3: 1 Sheet untuk masing-masing rumah
B6: Ruang dan alat listrik bisa ditambah/ diperbaiki
B8: No | C8: Ruang | D8: Alat | E8: Jumlah | F8: Waktu | H8: Durasi (jam) | I8: Durasi (menit) | J8: Daya (Watt) | K8: Keterangan
F9: Nyala | G9: Mati
B11: 1 | C11: Rg. Tamu | D11: Lampu | E11: 1 | F11: 0.625 | G11: 0.91666667 | H11: =G11-F11 -> 0.29166667 | I11: =H11*1440 -> 420 | J11: 50
D13: Laptop | E13: 1 | F13: 0.70833333 | G13: 0.83333333 | H13: =G13-F13 -> 0.125 | I13: =H13*1440 -> 180 | J13: 18.8
B15: 2 | C15: Rg. Keluarga | D15: Lampu | E15: 1 | F15: 0.625 | G15: 0.91666667 | H15: =G15-F15 -> 0.29166667 | I15: =H15*1440 -> 420 | J15: 40
E16: 1 | F16: 0.29166667 | G16: 0.91666667 | H16: =G16-F16 -> 0.625 | I16: =H16*1440 -> 900 | J16: 15
D18: Kipas | E18: 1 | F18: 0.41666667 | G18: 0.91666667 | H18: =G18-F18 -> 0.5 | I18: =H18*1440 -> 720
D19: TV | E19: 1 | F19: 0.75 | G19: 0.91666667 | H19: =G19-F19 -> 0.16666667 | I19: =H19*1440 -> 240 | J19: 48.3
D20: Radio | E20: 1 | J20: 2.9
D21: TV Kabel | E21: 1 | F21: 0.75 | G21: 0.91666667 | H21: =G21-F21 -> 0.16666667 | I21: =H21*1440 -> 240 | J21: 7.7
B23: 3 | C23: Kamar Depan | D23: Lampu | E23: 1 | F23: 0.70833333 | G23: 0.91666667 | H23: =G23-F23 -> 0.20833333 | I23: =H23*1440 -> 300 | J23: 15
E24: 1 | F24: 0.91666667 | G24: 1 | H24: =G24-F24 -> 0.083333333 | I24: =H24*1440 -> 120 | J24: 5
D26: AC | E26: 1 | F26: 0.875 | G26: 1 | H26: =G26-F26 -> 0.125 | I26: =H26*1440 -> 180 | J26: 657.3
D27: Kipas | E27: 1 | F27: 0.33333333 | G27: 0.41666667 | H27: =G27-F27 -> 0.083333333 | I27: =H27*1440 -> 120 | J27: 40.6
D28: HP | E28: 1 | F28: 0.70833333 | G28: 0.75 | H28: =G28-F28 -> 0.041666667 | I28: =H28*1440 -> 60 | J28: 2.3
D29: HP | E29: 1 | F29: 0.75 | G29: 0.79166667 | H29: =G29-F29 -> 0.041666667 | I29: =H29*1440 -> 60 | J29: 2.4 | K29: Dimatikan 2-3x (10-20 menit)
D30: HP | E30: 1 | F30: 0.79166667 | G30: 0.83333333 | H30: =G30-F30 -> 0.041666667 | I30: =H30*1440 -> 60 | J30: 2.3
B32: 4 | C32: Kamar Tengah 1 | D32: Lampu | E32: 1 | F32: 0.70833333 | G32: 0.91666667 | H32: =G32-F32 -> 0.20833333 | I32: =H32*1440 -> 300 | J32: 15
E33: 1 | F33: 0.91666667 | G33: 1 | H33: =G33-F33 -> 0.083333333 | I33: =H33*1440 -> 120 | J33: 5
B35: 5 | C35: Kamar Tengah 2 | D35: Lampu | E35: 1 | F35: 0.70833333 | G35: 0.91666667 | H35: =G35-F35 -> 0.20833333 | I35: =H35*1440 -> 300 | J35: 15
E36: 1 | F36: 0.91666667 | G36: 1 | H36: =G36-F36 -> 0.083333333 | I36: =H36*1440 -> 120 | J36: 5
C38: dimana TV03? | D38: TV | E38: 1 | J38: 59.7 | K38: Standby power/tidak nyala
D39: Kipas | E39: 1 | F39: 0.74305556 | G39: 0.75694444 | H39: =G39-F39 -> 0.013888889 | I39: =H39*1440 -> 20 | J39: 37
D40: Catokan | E40: 1 | J40: 81.1
B41: 6 | C41: Koridor | D41: Lampu | E41: 1 | F41: 0.71180556 | G41: 0.91666667 | H41: =G41-F41 -> 0.20486111 | I41: =H41*1440 -> 295 | J41: 10
B44: 7 | C44: WC | D44: Lampu | E44: 1 | F44: 0.62847222 | G44: 0.91666667 | H44: =G44-F44 -> 0.28819444 | I44: =H44*1440 -> 415 | J44: 15
B47: 8 | C47: Gudang | D47: Lampu | E47: 1 | F47: 0.70833333 | G47: 0.91666667 | H47: =G47-F47 -> 0.20833333 | I47: =H47*1440 -> 300 | J47: 10
D49: Setrika | E49: 1 | I49: 393
B51: 9 | C51: Rg. Makan | D51: Lampu | E51: 1 | F51: 0.70833333 | G51: 0.91666667 | H51: =G51-F51 -> 0.20833333 | I51: =H51*1440 -> 300 | J51: 15
D53: Kulkas | E53: 1 | F53: 0 | G53: 1 | H53: =G53-F53 -> 1 | I53: =H53*1440 -> 1440 | J53: 79
D54: Rice Cooker | E54: 1 | F54: 0.20833333 | G54: 0.70833333 | H54: =G54-F54 -> 0.5 | I54: =H54*1440 -> 720 | J54: 31.6
D55: Blender | E55: 1 | F55: 0.25 | G55: 0.25347222 | H55: =G55-F55 -> 0.0034722222 | I55: =H55*1440 -> 5 | J55: 101.5
D56: Pompa | E56: 1 | J56: 125
B58: 10 | C58: Dapur | D58: Lampu | E58: 1 | F58: 0 | G58: 1 | H58: =G58-F58 -> 1 | I58: =H58*1440 -> 1440 | J58: 10
E59: 1 | F59: 0 | G59: 1 | H59: =G59-F59 -> 1 | I59: =H59*1440 -> 1440 | J59: 10
D61: Kulkas | E61: 1 | F61: 0 | G61: 1 | H61: =G61-F61 -> 1 | I61: =H61*1440 -> 1440 | J61: 78.8
D62: Rice Cooker | E62: 1 | F62: 0.70833333 | G62: 0.91666667 | H62: =G62-F62 -> 0.20833333 | I62: =H62*1440 -> 300 | J62: 73.2
B64: 11 | C64: Rg. Cuci | D64: Lampu | E64: 1 | F64: 0 | G64: 1 | H64: =G64-F64 -> 1 | I64: =H64*1440 -> 1440 | J64: 15
F65: 0 | G65: 1 | H65: =G65-F65 -> 1 | I65: =H65*1440 -> 1440 | J65: 15
D66: Mesin Cuci | E66: 1 | F66: 0.29166667 | G66: 0.375 | H66: =G66-F66 -> 0.083333333 | I66: =H66*1440 -> 120
B67: 12 | C67: Garasi | D67: Lampu | E67: 1 | F67: 0.875 | G67: 1 | H67: =G67-F67 -> 0.125 | I67: =H67*1440 -> 180 | J67: 20
D69: Pompa | E69: 1 | F69: 0.625 | G69: 0.64583333 | H69: =G69-F69 -> 0.020833333 | I69: =H69*1440 -> 30 | J69: 125
B70: 13 | C70: Teras | D70: Lampu | E70: 1 | F70: 0.875 | G70: 1 | H70: =G70-F70 -> 0.125 | I70: =H70*1440 -> 180 | J70: 30

Sheet Mesin_IC
C3: 1 Sheet untuk masing-masing rumah
B5: CONTOH
B6: COMPONENTS
B7: AGENT
B8: MACHINES :
B9: No | C9: Variable i | D9: Variable ii | E9: Parameter | F9: Note
B10: A. Machine Attribute
C11: Name | E11: Mesin Cuci
C12: Code | E12: RCC01-WM01 | H12: Nama objek pada sheet Current State didahului dengan nama ruang: RCC01-WM01 (Ruang belakang 1 - Mesin Cuci 1)
C13: Appearance
D14: Color | E14: 0
D15: Reflectivity | E15: 0 | F15: %
C16: Date Created | F16: tanggal dibeli | H16: Tanggal diproduksi menentukan umur objek
C17: Life Spand | E17: =15*12*30 -> 5400 | F17: hari | H17: Masa pemakaian yang disarankan sesuai spesifikasi produk. Tahun dikonversi ke hari
C18: Status | E18: ='Data Lingkungan_IC'!W21 -> on | H18: Status on/off replace setiap digunakan dari sheet Current State, setiap "on" akan menambah 1 poin ke baris Age kolom Parameter
C19: Age | E19: 12 | F19: hari | H19: Tambahan 1 poin, replace setiap digunakan "on" dari sheet Current State
C20: Sisa Umur | E20: =E17-E19-(E21+E23)/2*10 -> 5387 | F20: hari | H20: Sisa umur = Life Spand - Age - (Cumulative Maintenance + Cleanliness level)/2 X 10
C21: Maintenance | D21: Current State | E21: =((E19/E17)*45-E22) -> 0.1 | F21: level | H21: Tingkat perlu maintance berkala. Contoh setiap 120 hari (4 bulan) atau 45 kali maintenance dalam 15 tahun = ((Age/Life Spand) x Jumlah maintenance yang disarankan selama life spand - Sub kumulatif maintenance dilakukan)
D22: Cumulative | E22: 0 | F22: kumulatif maintenance | H22: Jumlah maintenance yang dilakukan. Setiap maintenance tambah 1 poin dari Current State
C23: Cleanliness | D23: Current State | E23: ='Data Lingkungan_IC'!Z21 -> 0.1 | F23: level | H23: Tingkat kotor replace dari sheet Current State. Setiap kali digunakan mendapat 0.1 poin. Jika ada aktivitas membersihkan, poin berkurang = 0 (bersih)
C24: Condition | E24: =(E20/E17) -> 0.99759259 | F24: rusak, kurang bagus, bagus, sangat bagus | H24: Skala kondisi = Rusak < 0.25 < Kurang bagus < 0.5 < Bagus < 0.75 < Sangat bagus < 1 = Sisa Umur/Life Spand
C25: Machine
D26: Function | E26: Komputasi
D27: Energy Type | E27: Listrik
D28: Energy Consumption | E28: 0.0188 | F28: kw/j | H28: Survei alat (sudah disurvei)
D29: Consumption Time | E29: ='Data Lingkungan_IC'!Y38 -> 30 | F29: jam | H29: Replace dari sheet Current State
D30: Sub Cumulative Con. | E30: =E29*E28 -> 0.564 | H30: Consumption Time x Energy Consumption
D31: Cumulative | E31: =E30 -> 0.564 | F31: kumulatif konsumsi energi | H31: Penjumlahan Sub Cumulative
D32: Capacity | E32: 0 | F32: btu/jam | H32: Jika tidak ada = 0
B35: ABM | H35: ABM | N35: ABM | T35: ABM | Z35: ABM | AF35: ABM
B36: COMPONENTS | H36: COMPONENTS | N36: COMPONENTS | T36: COMPONENTS | Z36: COMPONENTS | AF36: COMPONENTS
B37: AGENT | H37: AGENT | N37: AGENT | T37: AGENT | Z37: AGENT | AF37: AGENT
B38: MACHINES : | H38: MACHINES : | N38: MACHINES : | T38: MACHINES : | Z38: MACHINES : | AF38: MACHINES :
B39: No | C39: Variable i | D39: Variable ii | E39: Parameter | F39: Note | H39: No | I39: Variable i | J39: Variable ii | K39: Parameter | L39: Note | N39: No | O39: Variable i | P39: Variable ii | Q39: Parameter | R39: Note | T39: No | U39: Variable i | V39: Variable ii | W39: Parameter | X39: Note | Z39: No | AA39: Variable i | AB39: Variable ii | AC39: Parameter | AD39: Note | AF39: No | AG39: Variable i | AH39: Variable ii | AI39: Parameter | AJ39: Note
B40: A. Machine Attribute | H40: A. Machine Attribute | N40: A. Machine Attribute | T40: A. Machine Attribute | Z40: A. Machine Attribute | AF40: A. Machine Attribute
C41: Name | E41: TV | I41: Name | K41: Radio | O41: Name | Q41: AC | U41: Name | W41: Kipas Angin | AA41: Name | AC41: Hair Straightener | AG41: Name | AI41: Refrigerator
C42: Code | E42: RKG01-TV01 | I42: Code | K42: RTU02-RA01 | O42: Code | Q42: RTU01-AC01 | U42: Code | W42: RKG01-KP01 | AA42: Code | AC42: RTU02-HS01 | AG42: Code | AI42: RDP01-RE01
C43: Appearance | I43: Appearance | O43: Appearance | U43: Appearance | AA43: Appearance | AG43: Appearance
D44: Color | J44: Color | P44: Color | V44: Color | AB44: Color | AH44: Color
D45: Reflectivity | F45: % | J45: Reflectivity | L45: % | P45: Reflectivity | R45: % | V45: Reflectivity | X45: % | AB45: Reflectivity | AD45: % | AH45: Reflectivity | AJ45: %
C46: Date Created | F46: tanggal dibeli | I46: Date Created | L46: tanggal dibeli | O46: Date Created | R46: tanggal dibeli | U46: Date Created | X46: tanggal dibeli | AA46: Date Created | AD46: tanggal dibeli | AG46: Date Created | AJ46: tanggal dibeli
C47: Life Spand | E47: =5*12*30 -> 1800 | F47: hari | I47: Life Spand | K47: =5*12*30 -> 1800 | L47: hari | O47: Life Spand | Q47: =5*12*30 -> 1800 | R47: hari | U47: Life Spand | W47: =5*12*30 -> 1800 | X47: hari | AA47: Life Spand | AC47: =5*12*30 -> 1800 | AD47: hari | AG47: Life Spand | AI47: =5*12*30 -> 1800 | AJ47: hari
C48: Status | E48: ='Data Lingkungan_IC'!AO64 -> off | I48: Status | K48: ='Data Lingkungan_IC'!AO65 -> off | O48: Status | Q48: ='Data Lingkungan_IC'!AX64 -> on | U48: Status | W48: ='Data Lingkungan_IC'!AO63 -> off | AA48: Status | AC48: ='Data Lingkungan_IC'!BP64 -> off | AG48: Status | AI48: ='Data Lingkungan_IC'!DI63 -> on
C49: Age | E49: 0 | F49: hari | I49: Age | K49: 0 | L49: hari | O49: Age | Q49: 0 | R49: hari | U49: Age | W49: 0 | X49: hari | AA49: Age | AC49: 0 | AD49: hari | AG49: Age | AI49: 0 | AJ49: hari
C50: Sisa Umur | E50: =E47-E49-(E51+E53)/2*10 -> 1799.5 | F50: hari | I50: Sisa Umur | K50: =K47-K49-(K51+K53)/2*10 -> 1799.5 | L50: hari | O50: Sisa Umur | Q50: =Q47-Q49-(Q51+Q53)/2*10 -> 1799.5 | R50: hari | U50: Sisa Umur | W50: =W47-W49-(W51+W53)/2*10 -> 1799.5 | X50: hari | AA50: Sisa Umur | AC50: =AC47-AC49-(AC51+AC53)/2*10 -> 1800 | AD50: hari | AG50: Sisa Umur | AI50: =AI47-AI49-(AI51+AI53)/2*10 -> 1799.5 | AJ50: hari
C51: Maintenance | D51: Current State | E51: =((E49/E47)*10-E52) -> 0 | F51: level | I51: Maintenance | J51: Current State | K51: =((K49/K47)*10-K52) -> 0 | L51: level | O51: Maintenance | P51: Current State | Q51: =((Q49/Q47)*10-Q52) -> 0 | R51: level | U51: Maintenance | V51: Current State | W51: =((W49/W47)*10-W52) -> 0 | X51: level | AA51: Maintenance | AB51: Current State | AC51: =((AC49/AC47)*10-AC52) -> 0 | AD51: level | AG51: Maintenance | AH51: Current State | AI51: =((AI49/AI47)*10-AI52) -> 0 | AJ51: level
D52: Cumulative | E52: 0 | F52: kumulatif maintenance | J52: Cumulative | K52: 0 | L52: kumulatif maintenance | P52: Cumulative | Q52: 0 | R52: kumulatif maintenance | V52: Cumulative | W52: 0 | X52: kumulatif maintenance | AB52: Cumulative | AC52: 0 | AD52: kumulatif maintenance | AH52: Cumulative | AI52: 0 | AJ52: kumulatif maintenance
C53: Cleanliness | D53: Current State | E53: ='Data Lingkungan_IC'!AR64 -> 0.1 | F53: level | I53: Cleanliness | J53: Current State | K53: ='Data Lingkungan_IC'!AR65 -> 0.1 | L53: level | O53: Cleanliness | P53: Current State | Q53: ='Data Lingkungan_IC'!BA64 -> 0.1 | R53: level | U53: Cleanliness | V53: Current State | W53: ='Data Lingkungan_IC'!AR63 -> 0.1 | X53: level | AA53: Cleanliness | AB53: Current State | AC53: ='Data Lingkungan_IC'!BS64 -> 0 | AD53: level | AG53: Cleanliness | AH53: Current State | AI53: ='Data Lingkungan_IC'!DL63 -> 0.1 | AJ53: level
C54: Condition | E54: =(E50/E47) -> 0.99972222 | F54: rusak, kurang bagus, bagus, sangat bagus | I54: Condition | K54: =(K50/K47) -> 0.99972222 | L54: rusak, kurang bagus, bagus, sangat bagus | O54: Condition | Q54: =(Q50/Q47) -> 0.99972222 | R54: rusak, kurang bagus, bagus, sangat bagus | U54: Condition | W54: =(W50/W47) -> 0.99972222 | X54: rusak, kurang bagus, bagus, sangat bagus | AA54: Condition | AC54: =(AC50/AC47) -> 1 | AD54: rusak, kurang bagus, bagus, sangat bagus | AG54: Condition | AI54: =(AI50/AI47) -> 0.99972222 | AJ54: rusak, kurang bagus, bagus, sangat bagus
C55: Machine | I55: Machine | O55: Machine | U55: Machine | AA55: Machine | AG55: Machine
D56: Function | J56: Function | P56: Function | V56: Function | AB56: Function | AH56: Function
D57: Energy Type | E57: Listrik | J57: Energy Type | K57: Listrik | P57: Energy Type | Q57: Listrik | V57: Energy Type | W57: Listrik | AB57: Energy Type | AC57: Listrik | AH57: Energy Type | AI57: Listrik
D58: Energy Consumption | E58: =Peralatan_IC!J19/1000 -> 0.0483 | F58: kw/j | J58: Energy Consumption | K58: =Peralatan_IC!J20/1000 -> 0.0029 | L58: kw/j | P58: Energy Consumption | Q58: =Peralatan_IC!J26/1000 -> 0.6573 | R58: kw/j | V58: Energy Consumption | W58: 0.0406 | X58: kw/j | AB58: Energy Consumption | AC58: =Peralatan_IC!J40/1000 -> 0.0811 | AD58: kw/j | AH58: Energy Consumption | AI58: =Peralatan_IC!J61/1000 -> 0.0788 | AJ58: kw/j
D59: Consumption Time | E59: ='Data Lingkungan_IC'!AQ64/60 -> 4 | F59: jam | J59: Consumption Time | K59: ='Data Lingkungan_IC'!AQ65/60 -> 0 | L59: jam | P59: Consumption Time | Q59: ='Data Lingkungan_IC'!AZ64/60 -> 3 | R59: jam | V59: Consumption Time | W59: ='Data Lingkungan_IC'!AQ63 -> 720 | X59: jam | AB59: Consumption Time | AC59: ='Data Lingkungan_IC'!BR64/60 -> 0 | AD59: jam | AH59: Consumption Time | AI59: ='Data Lingkungan_IC'!DK63/60 -> 24 | AJ59: jam
D60: Sub Cumulative Con. | E60: =E59*E58 -> 0.1932 | J60: Sub Cumulative Con. | K60: =K59*K58 -> 0 | P60: Sub Cumulative Con. | Q60: =Q59*Q58 -> 1.9719 | V60: Sub Cumulative Con. | W60: =W59*W58 -> 29.232 | AB60: Sub Cumulative Con. | AC60: =AC59*AC58 -> 0 | AH60: Sub Cumulative Con. | AI60: =AI59*AI58 -> 1.8912
D61: Cumulative | E61: 0 | F61: kumulatif konsumsi energi | J61: Cumulative | K61: 0 | L61: kumulatif konsumsi energi | P61: Cumulative | Q61: 0 | R61: kumulatif konsumsi energi | V61: Cumulative | W61: 0 | X61: kumulatif konsumsi energi | AB61: Cumulative | AC61: 0 | AD61: kumulatif konsumsi energi | AH61: Cumulative | AI61: 0 | AJ61: kumulatif konsumsi energi
D62: Capacity | E62: 0 | F62: btu/jam | J62: Capacity | K62: 0 | L62: btu/jam | P62: Capacity | Q62: 0 | R62: btu/jam | V62: Capacity | W62: 0 | X62: btu/jam | AB62: Capacity | AC62: 0 | AD62: btu/jam | AH62: Capacity | AI62: 0 | AJ62: btu/jam
B66: ABM | H66: ABM | N66: ABM | T66: ABM | Z66: ABM | AF66: ABM
B67: COMPONENTS | H67: COMPONENTS | N67: COMPONENTS | T67: COMPONENTS | Z67: COMPONENTS | AF67: COMPONENTS
B68: AGENT | H68: AGENT | N68: AGENT | T68: AGENT | Z68: AGENT | AF68: AGENT
B69: MACHINES : | H69: MACHINES : | N69: MACHINES : | T69: MACHINES : | Z69: MACHINES : | AF69: MACHINES :
B70: No | C70: Variable i | D70: Variable ii | E70: Parameter | F70: Note | H70: No | I70: Variable i | J70: Variable ii | K70: Parameter | L70: Note | N70: No | O70: Variable i | P70: Variable ii | Q70: Parameter | R70: Note | T70: No | U70: Variable i | V70: Variable ii | W70: Parameter | X70: Note | Z70: No | AA70: Variable i | AB70: Variable ii | AC70: Parameter | AD70: Note | AF70: No | AG70: Variable i | AH70: Variable ii | AI70: Parameter | AJ70: Note
B71: A. Machine Attribute | H71: A. Machine Attribute | N71: A. Machine Attribute | T71: A. Machine Attribute | Z71: A. Machine Attribute | AF71: A. Machine Attribute
C72: Name | E72: TV Kabel (Indovision) | I72: Name | K72: Laptop | O72: Name | Q72: Dry Iron | U72: Name | W72: Kipas Angin | AA72: Name | AC72: Blender | AG72: Name | AI72: Refrigerator
C73: Code | E73: RTU02-TV02 | I73: Code | K73: LP01 | O73: Code | Q73: RGD01-IR01 | U73: Code | W73: RTU01-KP02 | AA73: Code | AC73: RMK01-BL01 | AG73: Code | AI73: RMK01-RE02
C74: Appearance | I74: Appearance | O74: Appearance | U74: Appearance | AA74: Appearance | AG74: Appearance
D75: Color | J75: Color | P75: Color | V75: Color | AB75: Color | AH75: Color
D76: Reflectivity | F76: % | J76: Reflectivity | L76: % | P76: Reflectivity | R76: % | V76: Reflectivity | X76: % | AB76: Reflectivity | AD76: % | AH76: Reflectivity | AJ76: %
C77: Date Created | F77: tanggal dibeli | I77: Date Created | L77: tanggal dibeli | O77: Date Created | R77: tanggal dibeli | U77: Date Created | X77: tanggal dibeli | AA77: Date Created | AD77: tanggal dibeli | AG77: Date Created | AJ77: tanggal dibeli
C78: Life Spand | E78: =5*12*30 -> 1800 | F78: hari | I78: Life Spand | K78: =5*12*30 -> 1800 | L78: hari | O78: Life Spand | Q78: =5*12*30 -> 1800 | R78: hari | U78: Life Spand | W78: =5*12*30 -> 1800 | X78: hari | AA78: Life Spand | AC78: =5*12*30 -> 1800 | AD78: hari | AG78: Life Spand | AI78: =5*12*30 -> 1800 | AJ78: hari
C79: Status | E79: ='Data Lingkungan_IC'!AO66 -> off | I79: Status | K79: on | O79: Status | Q79: ='Data Lingkungan_IC'!CQ62 -> off | U79: Status | W79: ='Data Lingkungan_IC'!AX64 -> on | AA79: Status | AC79: ='Data Lingkungan_IC'!CZ62 -> off | AG79: Status | AI79: ='Data Lingkungan_IC'!CZ64 -> on
C80: Age | E80: 0 | F80: hari | I80: Age | K80: 0 | L80: hari | O80: Age | Q80: 0 | R80: hari | U80: Age | W80: 0 | X80: hari | AA80: Age | AC80: 0 | AD80: hari | AG80: Age | AI80: 0 | AJ80: hari
C81: Sisa Umur | E81: =E78-E80-(E82+E84)/2*10 -> 1799.5 | F81: hari | I81: Sisa Umur | K81: =K78-K80-(K82+K84)/2*10 -> 1800 | L81: hari | O81: Sisa Umur | Q81: =Q78-Q80-(Q82+Q84)/2*10 -> 1799.5 | R81: hari | U81: Sisa Umur | W81: =W78-W80-(W82+W84)/2*10 -> 1799.5 | X81: hari | AA81: Sisa Umur | AC81: =AC78-AC80-(AC82+AC84)/2*10 -> 1799.5 | AD81: hari | AG81: Sisa Umur | AI81: =AI78-AI80-(AI82+AI84)/2*10 -> 1799.5 | AJ81: hari
C82: Maintenance | D82: Current State | E82: =((E80/E78)*10-E83) -> 0 | F82: level | I82: Maintenance | J82: Current State | K82: =((K80/K78)*10-K83) -> 0 | L82: level | O82: Maintenance | P82: Current State | Q82: =((Q80/Q78)*10-Q83) -> 0 | R82: level | U82: Maintenance | V82: Current State | W82: =((W80/W78)*10-W83) -> 0 | X82: level | AA82: Maintenance | AB82: Current State | AC82: =((AC80/AC78)*10-AC83) -> 0 | AD82: level | AG82: Maintenance | AH82: Current State | AI82: =((AI80/AI78)*10-AI83) -> 0 | AJ82: level
D83: Cumulative | E83: 0 | F83: kumulatif maintenance | J83: Cumulative | K83: 0 | L83: kumulatif maintenance | P83: Cumulative | Q83: 0 | R83: kumulatif maintenance | V83: Cumulative | W83: 0 | X83: kumulatif maintenance | AB83: Cumulative | AC83: 0 | AD83: kumulatif maintenance | AH83: Cumulative | AI83: 0 | AJ83: kumulatif maintenance
C84: Cleanliness | D84: Current State | E84: ='Data Lingkungan_IC'!AR66 -> 0.1 | F84: level | I84: Cleanliness | J84: Current State | K84: 0 | L84: level | O84: Cleanliness | P84: Current State | Q84: ='Data Lingkungan_IC'!CT62 -> 0.1 | R84: level | U84: Cleanliness | V84: Current State | W84: ='Data Lingkungan_IC'!BA63 -> 0.1 | X84: level | AA84: Cleanliness | AB84: Current State | AC84: ='Data Lingkungan_IC'!DC62 -> 0.1 | AD84: level | AG84: Cleanliness | AH84: Current State | AI84: ='Data Lingkungan_IC'!DC64 -> 0.1 | AJ84: level
C85: Condition | E85: =(E81/E78) -> 0.99972222 | F85: rusak, kurang bagus, bagus, sangat bagus | I85: Condition | K85: =(K81/K78) -> 1 | L85: rusak, kurang bagus, bagus, sangat bagus | O85: Condition | Q85: =(Q81/Q78) -> 0.99972222 | R85: rusak, kurang bagus, bagus, sangat bagus | U85: Condition | W85: =(W81/W78) -> 0.99972222 | X85: rusak, kurang bagus, bagus, sangat bagus | AA85: Condition | AC85: =(AC81/AC78) -> 0.99972222 | AD85: rusak, kurang bagus, bagus, sangat bagus | AG85: Condition | AI85: =(AI81/AI78) -> 0.99972222 | AJ85: rusak, kurang bagus, bagus, sangat bagus
C86: Machine | I86: Machine | O86: Machine | U86: Machine | AA86: Machine | AG86: Machine
D87: Function | J87: Function | K87: Komputasi | P87: Function | V87: Function | AB87: Function | AH87: Function
D88: Energy Type | E88: Listrik | J88: Energy Type | K88: Listrik | P88: Energy Type | Q88: Listrik | V88: Energy Type | W88: Listrik | AB88: Energy Type | AC88: Listrik | AH88: Energy Type | AI88: Listrik
D89: Energy Consumption | E89: =Peralatan_IC!J21/1000 -> 0.0077 | F89: kw/j | J89: Energy Consumption | K89: =Peralatan_IC!J13/1000 -> 0.0188 | L89: kw/j | P89: Energy Consumption | Q89: =Peralatan_IC!I49/1000 -> 0.393 | R89: kw/j | V89: Energy Consumption | W89: =Peralatan_IC!J27/1000 -> 0.0406 | X89: kw/j | AB89: Energy Consumption | AC89: =Peralatan_IC!J55/1000 -> 0.1015 | AD89: kw/j | AH89: Energy Consumption | AI89: =Peralatan_IC!J53/1000 -> 0.079 | AJ89: kw/j
D90: Consumption Time | E90: ='Data Lingkungan_IC'!AQ66/60 -> 4 | F90: jam | J90: Consumption Time | K90: ='Data Lingkungan_IC'!AH63/60 -> 7 | L90: jam | P90: Consumption Time | Q90: ='Data Lingkungan_IC'!CS62/60 -> 6.55 | R90: jam | V90: Consumption Time | W90: ='Data Lingkungan_IC'!AZ63/60 -> 2 | X90: jam | AB90: Consumption Time | AC90: ='Data Lingkungan_IC'!DB62/60 -> 0.083333333 | AD90: jam | AH90: Consumption Time | AI90: ='Data Lingkungan_IC'!DB64/60 -> 24 | AJ90: jam
D91: Sub Cumulative Con. | E91: =E90*E89 -> 0.0308 | J91: Sub Cumulative Con. | K91: =K90*K89 -> 0.1316 | P91: Sub Cumulative Con. | Q91: =Q90*Q89 -> 2.57415 | V91: Sub Cumulative Con. | W91: =W90*W89 -> 0.0812 | AB91: Sub Cumulative Con. | AC91: =AC90*AC89 -> 0.0084583333 | AH91: Sub Cumulative Con. | AI91: =AI90*AI89 -> 1.896
D92: Cumulative | E92: 0 | F92: kumulatif konsumsi energi | J92: Cumulative | K92: 0 | L92: kumulatif konsumsi energi | P92: Cumulative | Q92: 0 | R92: kumulatif konsumsi energi | V92: Cumulative | W92: 0 | X92: kumulatif konsumsi energi | AB92: Cumulative | AC92: 0 | AD92: kumulatif konsumsi energi | AH92: Cumulative | AI92: 0 | AJ92: kumulatif konsumsi energi
D93: Capacity | E93: 0 | F93: btu/jam | J93: Capacity | K93: 0 | L93: btu/jam | P93: Capacity | Q93: 0 | R93: btu/jam | V93: Capacity | W93: 0 | X93: btu/jam | AB93: Capacity | AC93: 0 | AD93: btu/jam | AH93: Capacity | AI93: 0 | AJ93: btu/jam
B97: ABM | H97: ABM | N97: ABM | T97: ABM | Z97: ABM
B98: COMPONENTS | H98: COMPONENTS | N98: COMPONENTS | T98: COMPONENTS | Z98: COMPONENTS
B99: AGENT | H99: AGENT | N99: AGENT | T99: AGENT | Z99: AGENT
B100: MACHINES : | H100: MACHINES : | N100: MACHINES : | T100: MACHINES : | Z100: MACHINES :
B101: No | C101: Variable i | D101: Variable ii | E101: Parameter | F101: Note | H101: No | I101: Variable i | J101: Variable ii | K101: Parameter | L101: Note | N101: No | O101: Variable i | P101: Variable ii | Q101: Parameter | R101: Note | T101: No | U101: Variable i | V101: Variable ii | W101: Parameter | X101: Note | Z101: No | AA101: Variable i | AB101: Variable ii | AC101: Parameter | AD101: Note
B102: A. Machine Attribute | H102: A. Machine Attribute | N102: A. Machine Attribute | T102: A. Machine Attribute | Z102: A. Machine Attribute
C103: Name | E103: HP | I103: Name | K103: HP | O103: Name | Q103: HP | U103: Name | W103: Kipas Angin | AA103: Name | AC103: Pompa Air
C104: Code | E104: HP01 | I104: Code | K104: HP02 | O104: Code | Q104: HP03 | U104: Code | W104: RTU02-KP03 | AA104: Code | AC104: RMK01-WP02
C105: Appearance | I105: Appearance | O105: Appearance | U105: Appearance | AA105: Appearance
D106: Color | J106: Color | P106: Color | V106: Color | AB106: Color
D107: Reflectivity | F107: % | J107: Reflectivity | L107: % | P107: Reflectivity | R107: % | V107: Reflectivity | X107: % | AB107: Reflectivity | AD107: %
C108: Date Created | F108: tanggal dibeli | I108: Date Created | L108: tanggal dibeli | O108: Date Created | R108: tanggal dibeli | U108: Date Created | X108: tanggal dibeli | AA108: Date Created | AD108: tanggal dibeli
C109: Life Spand | E109: =5*12*30 -> 1800 | F109: hari | I109: Life Spand | K109: =5*12*30 -> 1800 | L109: hari | O109: Life Spand | Q109: =5*12*30 -> 1800 | R109: hari | U109: Life Spand | W109: =5*12*30 -> 1800 | X109: hari | AA109: Life Spand | AC109: =5*12*30 -> 1800 | AD109: hari
C110: Status | E110: ='Data Lingkungan_IC'!AX65 -> off | I110: Status | K110: ='Data Lingkungan_IC'!AX66 -> off | O110: Status | Q110: ='Data Lingkungan_IC'!AX67 -> off | U110: Status | W110: ='Data Lingkungan_IC'!BP63 -> off | AA110: Status | AC110: ='Data Lingkungan_IC'!CZ65 -> off
C111: Age | E111: 0 | F111: hari | I111: Age | K111: 0 | L111: hari | O111: Age | Q111: 0 | R111: hari | U111: Age | W111: 0 | X111: hari | AA111: Age | AC111: 0 | AD111: hari
...

Sheet Lampu_IC
C3: 1 Sheet untuk masing-masing rumah
B5: ABM | H5: ABM | N5: ABM
B6: COMPONENTS | H6: COMPONENTS | N6: COMPONENTS
B7: AGENT | H7: AGENT | N7: AGENT
B8: MACHINES : | H8: MACHINES : | N8: MACHINES :
B9: No | C9: Variable i | D9: Variable ii | E9: Parameter | F9: Note | H9: No | I9: Variable i | J9: Variable ii | K9: Parameter | L9: Note | N9: No | O9: Variable i | P9: Variable ii | Q9: Parameter | R9: Note
B10: A. Machine Attribute | H10: A. Machine Attribute | N10: A. Machine Attribute
C11: Name | E11: LA01 | I11: Name | K11: LA02 | O11: Name | Q11: LA04
C12: Code | E12: RGS01-LA01 | I12: Code | K12: RTS01-LA02 | O12: Code | Q12: RTM01-LA04
C13: Appearance | I13: Appearance | O13: Appearance
D14: Color | E14: cool daylight | J14: Color | K14: cool daylight | P14: Color | Q14: cool daylight
D15: Reflectivity | F15: % | J15: Reflectivity | L15: % | P15: Reflectivity | R15: %
C16: Date Created | F16: tanggal dibeli | I16: Date Created | L16: tanggal dibeli | O16: Date Created | R16: tanggal dibeli
C17: Life Spand | E17: =13.5*12*30 -> 4860 | F17: hari | I17: Life Spand | K17: =13.5*12*30 -> 4860 | L17: hari | O17: Life Spand | Q17: =13.5*12*30 -> 4860 | R17: hari
C18: Status | E18: ='Data Lingkungan_IC'!N60 -> on | I18: Status | K18: ='Data Lingkungan_IC'!N60 -> on | O18: Status | Q18: ='Data Lingkungan_IC'!BA33 -> 0
C19: Age | E19: 0 | F19: hari | I19: Age | K19: 0 | L19: hari | O19: Age | Q19: 0 | R19: hari
C20: Sisa Umur | E20: =E17-E19-(E21+E23)/2*10 -> 4860 | F20: hari | I20: Sisa Umur | K20: =K17-K19-(K21+K23)/2*10 -> 4860 | L20: hari | O20: Sisa Umur | Q20: =Q17-Q19-(Q21+Q23)/2*10 -> 4860 | R20: hari
C21: Maintenance | D21: Current State | E21: =((E19/E17)*10-E22) -> 0 | F21: level | I21: Maintenance | J21: Current State | K21: =((K19/K17)*10-K22) -> 0 | L21: level | O21: Maintenance | P21: Current State | Q21: =((Q19/Q17)*10-Q22) -> 0 | R21: level
D22: Cumulative | E22: 0 | F22: kumulatif maintenance | J22: Cumulative | K22: 0 | L22: kumulatif maintenance | P22: Cumulative | Q22: 0 | R22: kumulatif maintenance
C23: Cleanliness | D23: Current State | E23: 0 | F23: level | I23: Cleanliness | J23: Current State | K23: 0 | L23: level | O23: Cleanliness | P23: Current State | Q23: 0 | R23: level
C24: Condition | E24: =(E20/E17) -> 1 | F24: rusak, kurang bagus, bagus, sangat bagus | I24: Condition | K24: =(K20/K17) -> 1 | L24: rusak, kurang bagus, bagus, sangat bagus | O24: Condition | Q24: =(Q20/Q17) -> 1 | R24: rusak, kurang bagus, bagus, sangat bagus
C25: Machine | I25: Machine | O25: Machine
D26: Function | J26: Function | P26: Function
D27: Energy Type | E27: Listrik | J27: Energy Type | K27: Listrik | P27: Energy Type | Q27: Listrik
D28: Energy Consumption | E28: =Peralatan_IC!J67/1000 -> 0.02 | F28: kw/j | J28: Energy Consumption | K28: =Peralatan_IC!J70/1000 -> 0.03 | L28: kw/j | P28: Energy Consumption | Q28: =Peralatan_IC!J11/1000 -> 0.05 | R28: kw/j
D29: Consumption Time | E29: ='Data Lingkungan_IC'!P60/60 -> 3 | F29: jam | J29: Consumption Time | K29: ='Data Lingkungan_IC'!Y60/60 -> 3 | L29: jam | P29: Consumption Time | Q29: ='Data Lingkungan_IC'!AH60/60 -> 7 | R29: jam
D30: Sub Cumulative Con. | E30: =E29*E28 -> 0.06 | J30: Sub Cumulative Con. | K30: =K29*K28 -> 0.09 | P30: Sub Cumulative Con. | Q30: =Q29*Q28 -> 0.35
D31: Cumulative | E31: =E30 -> 0.06 | F31: kumulatif konsumsi energi | J31: Cumulative | K31: =K30 -> 0.09 | L31: kumulatif konsumsi energi | P31: Cumulative | Q31: =Q30 -> 0.35 | R31: kumulatif konsumsi energi
D32: Capacity | E32: 0 | F32: btu/jam | J32: Capacity | K32: 0 | L32: btu/jam | P32: Capacity | Q32: 0 | R32: btu/jam
B35: ABM | H35: ABM
B36: COMPONENTS | H36: COMPONENTS
B37: AGENT | H37: AGENT
B38: MACHINES : | H38: MACHINES :
B39: No | C39: Variable i | D39: Variable ii | E39: Parameter | F39: Note | H39: No | I39: Variable i | J39: Variable ii | K39: Parameter | L39: Note
B40: A. Machine Attribute | H40: A. Machine Attribute
C41: Name | E41: LA03 | I41: Name | K41: LA18
C42: Code | E42: RTU01-LA03 | I42: Code | K42: RTU01-LA18
C43: Appearance | I43: Appearance
D44: Color | E44: cool daylight | J44: Color | K44: cool daylight
D45: Reflectivity | F45: % | J45: Reflectivity | L45: %
C46: Date Created | F46: tanggal dibeli | I46: Date Created | L46: tanggal dibeli
C47: Life Spand | E47: =13.5*12*30 -> 4860 | F47: hari | I47: Life Spand | K47: =13.5*12*30 -> 4860 | L47: hari
C48: Status | E48: ='Data Lingkungan_IC'!N90 -> 0 | I48: Status | K48: ='Data Lingkungan_IC'!T90 -> 0
C49: Age | E49: 0 | F49: hari | I49: Age | K49: 0 | L49: hari
C50: Sisa Umur | E50: =E47-E49-(E51+E53)/2*10 -> 4860 | F50: hari | I50: Sisa Umur | K50: =K47-K49-(K51+K53)/2*10 -> 4860 | L50: hari
C51: Maintenance | D51: Current State | E51: =((E49/E47)*10-E52) -> 0 | F51: level | I51: Maintenance | J51: Current State | K51: =((K49/K47)*10-K52) -> 0 | L51: level
D52: Cumulative | E52: 0 | F52: kumulatif maintenance | J52: Cumulative | K52: 0 | L52: kumulatif maintenance
C53: Cleanliness | D53: Current State | E53: 0 | F53: level | I53: Cleanliness | J53: Current State | K53: 0 | L53: level
C54: Condition | E54: =(E50/E47) -> 1 | F54: rusak, kurang bagus, bagus, sangat bagus | I54: Condition | K54: =(K50/K47) -> 1 | L54: rusak, kurang bagus, bagus, sangat bagus
C55: Machine | I55: Machine
D56: Function | J56: Function
D57: Energy Type | E57: Listrik | J57: Energy Type | K57: Listrik
D58: Energy Consumption | E58: =Peralatan_IC!J23/1000 -> 0.015 | F58: kw/j | J58: Energy Consumption | K58: =Peralatan_IC!J24/1000 -> 0.005 | L58: kw/j
D59: Consumption Time | E59: ='Data Lingkungan_IC'!AZ60/60 -> 5 | F59: jam | J59: Consumption Time | K59: ='Data Lingkungan_IC'!AZ61/60 -> 2 | L59: jam
D60: Sub Cumulative Con. | E60: =E59*E58 -> 0.075 | J60: Sub Cumulative Con. | K60: =K59*K58 -> 0.01
D61: Cumulative | E61: =E60 -> 0.075 | F61: kumulatif konsumsi energi | J61: Cumulative | K61: =K60 -> 0.01 | L61: kumulatif konsumsi energi
D62: Capacity | E62: 0 | F62: btu/jam | J62: Capacity | K62: 0 | L62: btu/jam
B65: ABM | H65: ABM
B66: COMPONENTS | H66: COMPONENTS
B67: AGENT | H67: AGENT
B68: MACHINES : | H68: MACHINES :
B69: No | C69: Variable i | D69: Variable ii | E69: Parameter | F69: Note | H69: No | I69: Variable i | J69: Variable ii | K69: Parameter | L69: Note
B70: A. Machine Attribute | H70: A. Machine Attribute
C71: Name | E71: LA05 | I71: Name | K71: LA06
C72: Code | E72: RKG01-LA05 | I72: Code | K72: RKG01-LA06
C73: Appearance | I73: Appearance
D74: Color | E74: cool daylight | J74: Color | K74: cool daylight
D75: Reflectivity | F75: % | J75: Reflectivity | L75: %
C76: Date Created | F76: tanggal dibeli | I76: Date Created | L76: tanggal dibeli
C77: Life Spand | E77: =13.5*12*30 -> 4860 | F77: hari | I77: Life Spand | K77: =13.5*12*30 -> 4860 | L77: hari
C78: Status | E78: ='Data Lingkungan_IC'!Z90 -> 0 | I78: Status | K78: ='Data Lingkungan_IC'!AF90 -> 0
C79: Age | E79: 0 | F79: hari | I79: Age | K79: 0 | L79: hari
C80: Sisa Umur | E80: =E77-E79-(E81+E83)/2*10 -> 4860 | F80: hari | I80: Sisa Umur | K80: =K77-K79-(K81+K83)/2*10 -> 4860 | L80: hari
C81: Maintenance | D81: Current State | E81: =((E79/E77)*10-E82) -> 0 | F81: level | I81: Maintenance | J81: Current State | K81: =((K79/K77)*10-K82) -> 0 | L81: level
D82: Cumulative | E82: 0 | F82: kumulatif maintenance | J82: Cumulative | K82: 0 | L82: kumulatif maintenance
C83: Cleanliness | D83: Current State | E83: 0 | F83: level | I83: Cleanliness | J83: Current State | K83: 0 | L83: level
C84: Condition | E84: =(E80/E77) -> 1 | F84: rusak, kurang bagus, bagus, sangat bagus | I84: Condition | K84: =(K80/K77) -> 1 | L84: rusak, kurang bagus, bagus, sangat bagus
C85: Machine | I85: Machine
D86: Function | J86: Function
D87: Energy Type | E87: Listrik | J87: Energy Type | K87: Listrik
D88: Energy Consumption | E88: =Peralatan_IC!J16/1000 -> 0.015 | F88: kw/j | J88: Energy Consumption | K88: =Peralatan_IC!J15/1000 -> 0.04 | L88: kw/j
D89: Consumption Time | E89: ='Data Lingkungan_IC'!AQ60/60 -> 15 | F89: jam | J89: Consumption Time | K89: ='Data Lingkungan_IC'!AQ61/60 -> 7 | L89: jam
D90: Sub Cumulative Con. | E90: =E89*E88 -> 0.225 | J90: Sub Cumulative Con. | K90: =K89*K88 -> 0.28
D91: Cumulative | E91: =E90 -> 0.225 | F91: kumulatif konsumsi energi | J91: Cumulative | K91: =K90 -> 0.28 | L91: kumulatif konsumsi energi
D92: Capacity | E92: 0 | F92: btu/jam | J92: Capacity | K92: 0 | L92: btu/jam
B95: ABM | H95: ABM
B96: COMPONENTS | H96: COMPONENTS
B97: AGENT | H97: AGENT
B98: MACHINES : | H98: MACHINES :
B99: No | C99: Variable i | D99: Variable ii | E99: Parameter | F99: Note | H99: No | I99: Variable i | J99: Variable ii | K99: Parameter | L99: Note
B100: A. Machine Attribute | H100: A. Machine Attribute
C101: Name | E101: LA07 | I101: Name | K101: LA17
C102: Code | E102: RTA01-LA07 | I102: Code | K102: RTA01-LA017
C103: Appearance | I103: Appearance
D104: Color | E104: cool daylight | J104: Color | K104: cool daylight
D105: Reflectivity | F105: % | J105: Reflectivity | L105: %
C106: Date Created | F106: tanggal dibeli | I106: Date Created | L106: tanggal dibeli
C107: Life Spand | E107: =13.5*12*30 -> 4860 | F107: hari | I107: Life Spand | K107: =13.5*12*30 -> 4860 | L107: hari
C108: Status | E108: ='Data Lingkungan_IC'!Z120 -> 0 | I108: Status | K108: ='Data Lingkungan_IC'!AF120 -> 0
C109: Age | E109: 0 | F109: hari | I109: Age | K109: 0 | L109: hari
...

Sheet Dinamis_IC
B3: 1 Sheet untuk masing-masing rumah
B5: CONTOH
B6: COMPONENTS
B7: Object
B8: Dynamic
B9: No | C9: Variable i | D9: Variable ii | E9: Parameter | F9: Note
B10: A. Dynamic Object Attribute
C11: Name | E11: Pintu Garasi
C12: Code | E12: PT13
C13: Appearance
D14: Color | E14: 0
D15: Reflectivity | E15: 0 | F15: %
C16: Date Created | F16: tanggal dibeli
C17: Life Spand | E17: =15*12*30 -> 5400 | F17: hari
C18: Status | E18: on
C19: Age | E19: 120 | F19: hari
C20: Sisa Umur | E20: =E17-E19-(E21+E23)/2*10 -> 5279.5 | F20: hari
C21: Maintenance | D21: Current State | E21: =((E19/E17)*45-E22) -> 0 | F21: level
D22: Cumulative | E22: ='Data Lingkungan_IC'!Z41 -> 1 | F22: kumulatif maintenance
C23: Cleanliness | D23: Current State | E23: ='Data Lingkungan_IC'!Z21 -> 0.1 | F23: level
C24: Condition | E24: =(E20/E17) -> 0.97768519 | F24: rusak, kurang bagus, bagus, sangat bagus
C25: Size
D26: P | E26: 90 | F26: cm
D27: L | E27: 0.05 | F27: cm
D28: T | E28: 210 | F28: cm
C29: Mechanic | D29: Status | E29: tertutup | F29: tertutup/terbuka
D30: Function | E30: Lubang sirkulasi
D31: Time for Op | E31: 0.5 | F31: menit/aksi
D32: Condition 01 | E32: bagus | F32: rusak, kurag bagus, bagus, sangat bagus
D33: Compliment | E33: kunci
D34: Status compliment | E34: terkunci
B36: ABM | H36: ABM | N36: ABM | T36: ABM
B37: COMPONENTS | H37: COMPONENTS | N37: COMPONENTS | T37: COMPONENTS
B38: Object | H38: Object | N38: Object | T38: Object
B39: Dynamic | H39: Dynamic | N39: Dynamic | T39: Dynamic
B40: No | C40: Variable i | D40: Variable ii | E40: Parameter | F40: Note | H40: No | I40: Variable i | J40: Variable ii | K40: Parameter | L40: Note | N40: No | O40: Variable i | P40: Variable ii | Q40: Parameter | R40: Note | T40: No | U40: Variable i | V40: Variable ii | W40: Parameter | X40: Note
B41: A. Dynamic Object Attribute | H41: A. Dynamic Object Attribute | N41: A. Dynamic Object Attribute | T41: A. Dynamic Object Attribute
C42: Name | E42: Pintu Garasi | I42: Name | K42: Jendela Ruang Tamu | O42: Name | Q42: Lemari Kamar Tidur 1 | U42: Name | W42: Kran Kamar Mandi
C43: Code | E43: PT13 | I43: Code | K43: JD01 | O43: Code | Q43: RTU01-LM01 | U43: Code | W43: RKM01-WT03
C44: Appearance | I44: Appearance | O44: Appearance | U44: Appearance
D45: Color | E45: 0 | J45: Color | K45: 0 | P45: Color | Q45: 0 | V45: Color | W45: 0
D46: Reflectivity | E46: 0 | F46: % | J46: Reflectivity | K46: 0 | L46: % | P46: Reflectivity | Q46: 0 | R46: % | V46: Reflectivity | W46: 0 | X46: %
C47: Date Created | F47: tanggal dibeli | I47: Date Created | L47: tanggal dibeli | O47: Date Created | R47: tanggal dibeli | U47: Date Created | X47: tanggal dibeli
C48: Life Spand | E48: =15*12*30 -> 5400 | F48: hari | I48: Life Spand | K48: =15*12*30 -> 5400 | L48: hari | O48: Life Spand | Q48: =15*12*30 -> 5400 | R48: hari | U48: Life Spand | W48: =15*12*30 -> 5400 | X48: hari
C49: Status | E49: ='Data Lingkungan_IC'!N63 -> 0 | I49: Status | K49: ='Data Lingkungan_IC'!AF65 -> 0 | O49: Status | Q49: ='Data Lingkungan_IC'!AX71 -> 0 | U49: Status | W49: ='Data Lingkungan_IC'!BY64 -> 0
C50: Age | E50: 120 | F50: hari | I50: Age | K50: 120 | L50: hari | O50: Age | Q50: 120 | R50: hari | U50: Age | W50: 120 | X50: hari
C51: Sisa Umur | E51: =E48-E50-(E52+E54)/2*10 -> 5275 | F51: hari | I51: Sisa Umur | K51: =K48-K50-(K52+K54)/2*10 -> 5275 | L51: hari | O51: Sisa Umur | Q51: =Q48-Q50-(Q52+Q54)/2*10 -> 5275 | R51: hari | U51: Sisa Umur | W51: =W48-W50-(W52+W54)/2*10 -> 5279.8843 | X51: hari
C52: Maintenance | D52: Current State | E52: =((E50/E48)*45-E53) -> 1 | F52: level | I52: Maintenance | J52: Current State | K52: =((K50/K48)*45-K53) -> 1 | L52: level | O52: Maintenance | P52: Current State | Q52: =((Q50/Q48)*45-Q53) -> 1 | R52: level | U52: Maintenance | V52: Current State | W52: =((W50/W48)*45-W53) -> 0.023148148 | X52: level
D53: Cumulative | E53: ='Data Lingkungan_IC'!Z66 -> 0 | F53: kumulatif maintenance | J53: Cumulative | K53: ='Data Lingkungan_IC'!Z66 -> 0 | L53: kumulatif maintenance | P53: Cumulative | Q53: ='Data Lingkungan_IC'!Z66 -> 0 | R53: kumulatif maintenance | V53: Cumulative | W53: ='Data Lingkungan_IC'!AG66 -> 0.97685185 | X53: kumulatif maintenance
C54: Cleanliness | D54: Current State | E54: ='Data Lingkungan_IC'!Q63 -> 0 | F54: level | I54: Cleanliness | J54: Current State | K54: ='Data Lingkungan_IC'!AI65 -> 0 | L54: level | O54: Cleanliness | P54: Current State | Q54: ='Data Lingkungan_IC'!BA71 -> 0 | R54: level | U54: Cleanliness | V54: Current State | W54: ='Data Lingkungan_IC'!CB64 -> 0 | X54: level
C55: Condition | E55: =(E51/E48) -> 0.97685185 | F55: rusak, kurang bagus, bagus, sangat bagus | I55: Condition | K55: =(K51/K48) -> 0.97685185 | L55: rusak, kurang bagus, bagus, sangat bagus | O55: Condition | Q55: =(Q51/Q48) -> 0.97685185 | R55: rusak, kurang bagus, bagus, sangat bagus | U55: Condition | W55: =(W51/W48) -> 0.97775634 | X55: rusak, kurang bagus, bagus, sangat bagus
C56: Size | I56: Size | O56: Size | U56: Size
D57: P | E57: 90 | F57: cm | J57: P | K57: 90 | L57: cm | P57: P | Q57: 90 | R57: cm | V57: P | W57: 90 | X57: cm
D58: L | E58: 0.05 | F58: cm | J58: L | K58: 0.05 | L58: cm | P58: L | Q58: 0.05 | R58: cm | V58: L | W58: 0.05 | X58: cm
D59: T | E59: 210 | F59: cm | J59: T | K59: 210 | L59: cm | P59: T | Q59: 210 | R59: cm | V59: T | W59: 210 | X59: cm
C60: Mechanic | D60: Status | E60: tertutup | F60: tertutup/terbuka | I60: Mechanic | J60: Status | K60: tertutup | L60: tertutup/terbuka | O60: Mechanic | P60: Status | Q60: tertutup | R60: tertutup/terbuka | U60: Mechanic | V60: Status | W60: tertutup | X60: tertutup/terbuka
D61: Function | E61: Lubang sirkulasi | J61: Function | K61: Lubang sirkulasi | P61: Function | Q61: Lubang sirkulasi | V61: Function | W61: Lubang sirkulasi
D62: Time for Op | E62: 0.5 | F62: menit/aksi | J62: Time for Op | K62: 0.5 | L62: menit/aksi | P62: Time for Op | Q62: 0.5 | R62: menit/aksi | V62: Time for Op | W62: 0.5 | X62: menit/aksi
D63: Condition 01 | E63: bagus | F63: rusak, kurag bagus, bagus, sangat bagus | J63: Condition 01 | K63: bagus | L63: rusak, kurag bagus, bagus, sangat bagus | P63: Condition 01 | Q63: bagus | R63: rusak, kurag bagus, bagus, sangat bagus | V63: Condition 01 | W63: bagus | X63: rusak, kurag bagus, bagus, sangat bagus
D64: Compliment | E64: kunci | J64: Compliment | K64: kunci | P64: Compliment | Q64: kunci | V64: Compliment | W64: kunci
D65: Status compliment | E65: terkunci | F65: terkunci, tak terkunci | J65: Status compliment | K65: terkunci | L65: terkunci, tak terkunci | P65: Status compliment | Q65: terkunci | R65: terkunci, tak terkunci | V65: Status compliment | W65: terkunci | X65: terkunci, tak terkunci
B67: ABM | H67: ABM | N67: ABM | T67: ABM
B68: COMPONENTS | H68: COMPONENTS | N68: COMPONENTS | T68: COMPONENTS
B69: Object | H69: Object | N69: Object | T69: Object
B70: Dynamic | H70: Dynamic | N70: Dynamic | T70: Dynamic
B71: No | C71: Variable i | D71: Variable ii | E71: Parameter | F71: Note | H71: No | I71: Variable i | J71: Variable ii | K71: Parameter | L71: Note | N71: No | O71: Variable i | P71: Variable ii | Q71: Parameter | R71: Note | T71: No | U71: Variable i | V71: Variable ii | W71: Parameter | X71: Note
B72: A. Dynamic Object Attribute | H72: A. Dynamic Object Attribute | N72: A. Dynamic Object Attribute | T72: A. Dynamic Object Attribute
C73: Name | E73: Pintu Ruang Tamu | I73: Name | K73: Jendela Kamar Tidur 1 | O73: Name | Q73: Lemari Kamar Tidur 2 | U73: Name | W73: Kran Ruang Belakang
C74: Code | E74: PT01 | I74: Code | K74: JD04 | O74: Code | Q74: RTA01-LM02 | U74: Code | W74: RCC01-WT02
C75: Appearance | I75: Appearance | O75: Appearance | U75: Appearance
D76: Color | E76: 0 | J76: Color | K76: 0 | P76: Color | Q76: 0 | V76: Color | W76: 0
D77: Reflectivity | E77: 0 | F77: % | J77: Reflectivity | K77: 0 | L77: % | P77: Reflectivity | Q77: 0 | R77: % | V77: Reflectivity | W77: 0 | X77: %
C78: Date Created | F78: tanggal dibeli | I78: Date Created | L78: tanggal dibeli | O78: Date Created | R78: tanggal dibeli | U78: Date Created | X78: tanggal dibeli
C79: Life Spand | E79: =15*12*30 -> 5400 | F79: hari | I79: Life Spand | K79: =15*12*30 -> 5400 | L79: hari | O79: Life Spand | Q79: =15*12*30 -> 5400 | R79: hari | U79: Life Spand | W79: =15*12*30 -> 5400 | X79: hari
C80: Status | E80: ='Data Lingkungan_IC'!AF64 -> 0 | I80: Status | K80: ='Data Lingkungan_IC'!AX69 -> 0 | O80: Status | Q80: ='Data Lingkungan_IC'!BG66 -> 0 | U80: Status | W80: ='Data Lingkungan_IC'!DR65 -> 0
C81: Age | E81: 120 | F81: hari | I81: Age | K81: 120 | L81: hari | O81: Age | Q81: 120 | R81: hari | U81: Age | W81: 120 | X81: hari
C82: Sisa Umur | E82: =E79-E81-(E83+E85)/2*10 -> 5275 | F82: hari | I82: Sisa Umur | K82: =K79-K81-(K83+K85)/2*10 -> 5275 | L82: hari | O82: Sisa Umur | Q82: =Q79-Q81-(Q83+Q85)/2*10 -> 5275 | R82: hari | U82: Sisa Umur | W82: =W79-W81-(W83+W85)/2*10 -> 5275 | X82: hari
C83: Maintenance | D83: Current State | E83: =((E81/E79)*45-E84) -> 1 | F83: level | I83: Maintenance | J83: Current State | K83: =((K81/K79)*45-K84) -> 1 | L83: level | O83: Maintenance | P83: Current State | Q83: =((Q81/Q79)*45-Q84) -> 1 | R83: level | U83: Maintenance | V83: Current State | W83: =((W81/W79)*45-W84) -> 1 | X83: level
D84: Cumulative | E84: ='Data Lingkungan_IC'!Z97 -> 0 | F84: kumulatif maintenance | J84: Cumulative | K84: ='Data Lingkungan_IC'!Z97 -> 0 | L84: kumulatif maintenance | P84: Cumulative | Q84: ='Data Lingkungan_IC'!Z97 -> 0 | R84: kumulatif maintenance | V84: Cumulative | W84: ='Data Lingkungan_IC'!AG97 -> 0 | X84: kumulatif maintenance
C85: Cleanliness | D85: Current State | E85: ='Data Lingkungan_IC'!AI64 -> 0 | F85: level | I85: Cleanliness | J85: Current State | K85: ='Data Lingkungan_IC'!BA69 -> 0 | L85: level | O85: Cleanliness | P85: Current State | Q85: ='Data Lingkungan_IC'!BJ66 -> 0 | R85: level | U85: Cleanliness | V85: Current State | W85: ='Data Lingkungan_IC'!DU65 -> 0 | X85: level
C86: Condition | E86: =(E82/E79) -> 0.97685185 | F86: rusak, kurang bagus, bagus, sangat bagus | I86: Condition | K86: =(K82/K79) -> 0.97685185 | L86: rusak, kurang bagus, bagus, sangat bagus | O86: Condition | Q86: =(Q82/Q79) -> 0.97685185 | R86: rusak, kurang bagus, bagus, sangat bagus | U86: Condition | W86: =(W82/W79) -> 0.97685185 | X86: rusak, kurang bagus, bagus, sangat bagus
C87: Size | I87: Size | O87: Size | U87: Size
D88: P | E88: 90 | F88: cm | J88: P | K88: 90 | L88: cm | P88: P | Q88: 90 | R88: cm | V88: P | W88: 90 | X88: cm
D89: L | E89: 0.05 | F89: cm | J89: L | K89: 0.05 | L89: cm | P89: L | Q89: 0.05 | R89: cm | V89: L | W89: 0.05 | X89: cm
D90: T | E90: 210 | F90: cm | J90: T | K90: 210 | L90: cm | P90: T | Q90: 210 | R90: cm | V90: T | W90: 210 | X90: cm
C91: Mechanic | D91: Status | E91: tertutup | F91: tertutup/terbuka | I91: Mechanic | J91: Status | K91: tertutup | L91: tertutup/terbuka | O91: Mechanic | P91: Status | Q91: tertutup | R91: tertutup/terbuka | U91: Mechanic | V91: Status | W91: tertutup | X91: tertutup/terbuka
D92: Function | E92: Lubang sirkulasi | J92: Function | K92: Lubang sirkulasi | P92: Function | Q92: Lubang sirkulasi | V92: Function | W92: Lubang sirkulasi
D93: Time for Op | E93: 0.5 | F93: menit/aksi | J93: Time for Op | K93: 0.5 | L93: menit/aksi | P93: Time for Op | Q93: 0.5 | R93: menit/aksi | V93: Time for Op | W93: 0.5 | X93: menit/aksi
D94: Condition 01 | E94: bagus | F94: rusak, kurag bagus, bagus, sangat bagus | J94: Condition 01 | K94: bagus | L94: rusak, kurag bagus, bagus, sangat bagus | P94: Condition 01 | Q94: bagus | R94: rusak, kurag bagus, bagus, sangat bagus | V94: Condition 01 | W94: bagus | X94: rusak, kurag bagus, bagus, sangat bagus
D95: Compliment | E95: kunci | J95: Compliment | K95: kunci | P95: Compliment | Q95: kunci | V95: Compliment | W95: kunci
D96: Status compliment | E96: terkunci | F96: terkunci, tak terkunci | J96: Status compliment | K96: terkunci | L96: terkunci, tak terkunci | P96: Status compliment | Q96: terkunci | R96: terkunci, tak terkunci | V96: Status compliment | W96: terkunci | X96: terkunci, tak terkunci
B98: ABM | H98: ABM | N98: ABM | T98: ABM
B99: COMPONENTS | H99: COMPONENTS | N99: COMPONENTS | T99: COMPONENTS
B100: Object | H100: Object | N100: Object | T100: Object
B101: Dynamic | H101: Dynamic | N101: Dynamic | T101: Dynamic
B102: No | C102: Variable i | D102: Variable ii | E102: Parameter | F102: Note | H102: No | I102: Variable i | J102: Variable ii | K102: Parameter | L102: Note | N102: No | O102: Variable i | P102: Variable ii | Q102: Parameter | R102: Note | T102: No | U102: Variable i | V102: Variable ii | W102: Parameter | X102: Note
B103: A. Dynamic Object Attribute | H103: A. Dynamic Object Attribute | N103: A. Dynamic Object Attribute | T103: A. Dynamic Object Attribute
C104: Name | E104: Pintu Kamar Tidur 1 | I104: Name | K104: Jendela Kamar Tidur 3 | O104: Name | Q104: Kran Halaman | U104: Name | W104: Kran Cuci Piring
C105: Code | E105: PT04 | I105: Code | K105: JD06 | O105: Code | Q105: RHD01-WT04 | U105: Code | W105: RDP01-WT01
C106: Appearance | I106: Appearance | O106: Appearance | U106: Appearance
...

Sheet Statis_IC
B3: 1 Sheet untuk masing-masing rumah
B5: CONTOH
B6: COMPONENTS
B7: Object
B8: Static
B9: No | C9: Variable i | D9: Variable ii | E9: Parameter | F9: Note
B10: A. Static Object Attribute
C11: Name | E11: Sofa Ruang Tamu
C12: Code | E12: SF01
C13: Appearance
D14: Color | E14: 0 | F14: warna dominan / kombinasi
D15: Reflectivity | E15: 0 | F15: %
C16: Date Created | F16: tanggal dibeli
C17: Life Spand | E17: =15*12*30 -> 5400 | F17: hari
C18: Status | E18: ='Data Lingkungan_IC'!AF66 -> on
C19: Age | E19: 120 | F19: hari
C20: Sisa Umur | E20: =E17-E19-(E21+E23)/2*10 -> 5280 | F20: hari
C21: Maintenance | D21: Current State | E21: =((E19/E17)*45-E22) -> 0 | F21: level
D22: Cumulative | E22: 1 | F22: kumulatif maintenance
C23: Cleanliness | D23: Current State | E23: ='Data Lingkungan_IC'!AI66 -> 0 | F23: level
C24: Condition | E24: =(E20/E17) -> 0.97777778 | F24: sangat bersih, bersih, cukup bersih, kotor, sangat kotor
C25: Size
D26: P | E26: 90 | F26: cm
D27: L | E27: 0.05 | F27: cm
D28: T | E28: 210 | F28: cm
C29: Object | D29: Status | E29: tertutup | F29: tertutup/terbuka
D30: Function | E30: Lubang sirkulasi
D31: Time for Op | E31: 0.5 | F31: menit/aksi
D32: Condition 01 | E32: bagus | F32: rusak, kurag bagus, bagus, sangat bagus
D33: Compliment | E33: kunci
D34: Status compliment | E34: terkunci
B36: ABM | H36: ABM | N36: ABM | T36: ABM
B37: COMPONENTS | H37: COMPONENTS | N37: COMPONENTS | T37: COMPONENTS
B38: Object | H38: Object | N38: Object | T38: Object
B39: Static | H39: Static | N39: Static | T39: Static
B40: No | C40: Variable i | D40: Variable ii | E40: Parameter | F40: Note | H40: No | I40: Variable i | J40: Variable ii | K40: Parameter | L40: Note | N40: No | O40: Variable i | P40: Variable ii | Q40: Parameter | R40: Note | T40: No | U40: Variable i | V40: Variable ii | W40: Parameter | X40: Note
B41: A. Static Object Attribute | H41: A. Static Object Attribute | N41: A. Static Object Attribute | T41: A. Static Object Attribute
C42: Name | E42: Bouven Dapur | I42: Name | K42: Sofa Ruang Tamu | O42: Name | Q42: Kursi Ruang Makan | U42: Name | W42: Meja Ruang Tamu
C43: Code | E43: BV02 | I43: Code | K43: RTM01-SF01 | O43: Code | Q43: RMK01-KU01 | U43: Code | W43: RTM01-MJ01
C44: Appearance | I44: Appearance | O44: Appearance | U44: Appearance
D45: Color | E45: 0 | F45: warna dominan / kombinasi | J45: Color | K45: 0 | L45: warna dominan / kombinasi | P45: Color | Q45: 0 | R45: warna dominan / kombinasi | V45: Color | W45: 0 | X45: warna dominan / kombinasi
D46: Reflectivity | E46: 0 | F46: % | J46: Reflectivity | K46: 0 | L46: % | P46: Reflectivity | Q46: 0 | R46: % | V46: Reflectivity | W46: 0 | X46: %
C47: Date Created | F47: tanggal dibeli | I47: Date Created | L47: tanggal dibeli | O47: Date Created | R47: tanggal dibeli | U47: Date Created | X47: tanggal dibeli
C48: Life Spand | E48: =15*12*30 -> 5400 | F48: hari | I48: Life Spand | K48: =15*12*30 -> 5400 | L48: hari | O48: Life Spand | Q48: =15*12*30 -> 5400 | R48: hari | U48: Life Spand | W48: =15*12*30 -> 5400 | X48: hari
C49: Status | E49: ='Data Lingkungan_IC'!DI67 -> 0 | I49: Status | K49: ='Data Lingkungan_IC'!AF66 -> on | O49: Status | Q49: ='Data Lingkungan_IC'!CZ70 -> 0 | U49: Status | W49: ='Data Lingkungan_IC'!AF73 -> 0
C50: Age | E50: 120 | F50: hari | I50: Age | K50: 120 | L50: hari | O50: Age | Q50: 120 | R50: hari | U50: Age | W50: 120 | X50: hari
C51: Sisa Umur | E51: =E48-E50-(E52+E54)/2*10 -> 5275 | F51: hari | I51: Sisa Umur | K51: =K48-K50-(K52+K54)/2*10 -> 5275 | L51: hari | O51: Sisa Umur | Q51: =Q48-Q50-(Q52+Q54)/2*10 -> 5279.8843 | R51: hari | U51: Sisa Umur | W51: =W48-W50-(W52+W54)/2*10 -> 5275 | X51: hari
C52: Maintenance | D52: Current State | E52: =((E50/E48)*45-E53) -> 1 | F52: level | I52: Maintenance | J52: Current State | K52: =((K50/K48)*45-K53) -> 1 | L52: level | O52: Maintenance | P52: Current State | Q52: =((Q50/Q48)*45-Q53) -> 0.023148148 | R52: level | U52: Maintenance | V52: Current State | W52: =((W50/W48)*45-W53) -> 1 | X52: level
D53: Cumulative | E53: ='Data Lingkungan_IC'!Z67 -> 0 | F53: kumulatif maintenance | J53: Cumulative | K53: ='Data Lingkungan_IC'!Z66 -> 0 | L53: kumulatif maintenance | P53: Cumulative | Q53: ='Data Lingkungan_IC'!AG66 -> 0.97685185 | R53: kumulatif maintenance | V53: Cumulative | W53: ='Data Lingkungan_IC'!AM69 -> 0 | X53: kumulatif maintenance
C54: Cleanliness | D54: Current State | E54: ='Data Lingkungan_IC'!DL67 -> 0 | F54: level | I54: Cleanliness | J54: Current State | K54: ='Data Lingkungan_IC'!AI66 -> 0 | L54: level | O54: Cleanliness | P54: Current State | Q54: ='Data Lingkungan_IC'!DC70 -> 0 | R54: level | U54: Cleanliness | V54: Current State | W54: ='Data Lingkungan_IC'!AI73 -> 0 | X54: level
C55: Condition | E55: =(E51/E48) -> 0.97685185 | F55: sangat bersih, bersih, cukup bersih, kotor, sangat kotor | I55: Condition | K55: =(K51/K48) -> 0.97685185 | L55: sangat bersih, bersih, cukup bersih, kotor, sangat kotor | O55: Condition | Q55: =(Q51/Q48) -> 0.97775634 | R55: sangat bersih, bersih, cukup bersih, kotor, sangat kotor | U55: Condition | W55: =(W51/W48) -> 0.97685185 | X55: sangat bersih, bersih, cukup bersih, kotor, sangat kotor
C56: Size | I56: Size | O56: Size | U56: Size
D57: P | E57: 90 | F57: cm | J57: P | K57: 90 | L57: cm | P57: P | Q57: 90 | R57: cm | V57: P | W57: 90 | X57: cm
D58: L | E58: 0.05 | F58: cm | J58: L | K58: 0.05 | L58: cm | P58: L | Q58: 0.05 | R58: cm | V58: L | W58: 0.05 | X58: cm
D59: T | E59: 210 | F59: cm | J59: T | K59: 210 | L59: cm | P59: T | Q59: 210 | R59: cm | V59: T | W59: 210 | X59: cm
C60: Object | D60: Status | E60: tertutup | F60: tertutup/terbuka | I60: Object | J60: Status | K60: tertutup | L60: tertutup/terbuka | O60: Object | P60: Status | Q60: tertutup | R60: tertutup/terbuka | U60: Object | V60: Status | W60: tertutup | X60: tertutup/terbuka
D61: Function | E61: Lubang sirkulasi | J61: Function | K61: Lubang sirkulasi | P61: Function | Q61: Lubang sirkulasi | V61: Function | W61: Lubang sirkulasi
D62: Time for Op | E62: 0.5 | F62: menit/aksi | J62: Time for Op | K62: 0.5 | L62: menit/aksi | P62: Time for Op | Q62: 0.5 | R62: menit/aksi | V62: Time for Op | W62: 0.5 | X62: menit/aksi
D63: Condition 01 | E63: bagus | F63: rusak, kurag bagus, bagus, sangat bagus | J63: Condition 01 | K63: bagus | L63: rusak, kurag bagus, bagus, sangat bagus | P63: Condition 01 | Q63: bagus | R63: rusak, kurag bagus, bagus, sangat bagus | V63: Condition 01 | W63: bagus | X63: rusak, kurag bagus, bagus, sangat bagus
D64: Compliment | E64: kunci | J64: Compliment | K64: kunci | P64: Compliment | Q64: kunci | V64: Compliment | W64: kunci
D65: Status compliment | E65: terkunci | J65: Status compliment | K65: terkunci | P65: Status compliment | Q65: terkunci | V65: Status compliment | W65: terkunci
B67: ABM | H67: ABM | N67: ABM | T67: ABM
B68: COMPONENTS | H68: COMPONENTS | N68: COMPONENTS | T68: COMPONENTS
B69: Object | H69: Object | N69: Object | T69: Object
B70: Static | H70: Static | N70: Static | T70: Static
B71: No | C71: Variable i | D71: Variable ii | E71: Parameter | F71: Note | H71: No | I71: Variable i | J71: Variable ii | K71: Parameter | L71: Note | N71: No | O71: Variable i | P71: Variable ii | Q71: Parameter | R71: Note | T71: No | U71: Variable i | V71: Variable ii | W71: Parameter | X71: Note
B72: A. Static Object Attribute | H72: A. Static Object Attribute | N72: A. Static Object Attribute | T72: A. Static Object Attribute
C73: Name | E73: Bouven Dapur | I73: Name | K73: Sofa Ruang Tamu | O73: Name | Q73: Kursi Ruang Makan | U73: Name | W73: Meja Setrika
C74: Code | E74: BV03 | I74: Code | K74: RTM01-SF02 | O74: Code | Q74: RMK01-KU02 | U74: Code | W74: RGD01-MJ02
C75: Appearance | I75: Appearance | O75: Appearance | U75: Appearance
D76: Color | E76: 0 | F76: warna dominan / kombinasi | J76: Color | K76: 0 | L76: warna dominan / kombinasi | P76: Color | Q76: 0 | R76: warna dominan / kombinasi | V76: Color | W76: 0 | X76: warna dominan / kombinasi
D77: Reflectivity | E77: 0 | F77: % | J77: Reflectivity | K77: 0 | L77: % | P77: Reflectivity | Q77: 0 | R77: % | V77: Reflectivity | W77: 0 | X77: %
C78: Date Created | F78: tanggal dibeli | I78: Date Created | L78: tanggal dibeli | O78: Date Created | R78: tanggal dibeli | U78: Date Created | X78: tanggal dibeli
C79: Life Spand | E79: =15*12*30 -> 5400 | F79: hari | I79: Life Spand | K79: =15*12*30 -> 5400 | L79: hari | O79: Life Spand | Q79: =15*12*30 -> 5400 | R79: hari | U79: Life Spand | W79: =15*12*30 -> 5400 | X79: hari
C80: Status | E80: ='Data Lingkungan_IC'!DI68 -> 0 | I80: Status | K80: ='Data Lingkungan_IC'!AF67 -> 0 | O80: Status | Q80: ='Data Lingkungan_IC'!CZ71 -> 0 | U80: Status | W80: ='Data Lingkungan_IC'!CQ65 -> off
C81: Age | E81: 120 | F81: hari | I81: Age | K81: 120 | L81: hari | O81: Age | Q81: 120 | R81: hari | U81: Age | W81: 120 | X81: hari
C82: Sisa Umur | E82: =E79-E81-(E83+E85)/2*10 -> 5275 | F82: hari | I82: Sisa Umur | K82: =K79-K81-(K83+K85)/2*10 -> 5275 | L82: hari | O82: Sisa Umur | Q82: =Q79-Q81-(Q83+Q85)/2*10 -> 5275 | R82: hari | U82: Sisa Umur | W82: =W79-W81-(W83+W85)/2*10 -> 5275 | X82: hari
C83: Maintenance | D83: Current State | E83: =((E81/E79)*45-E84) -> 1 | F83: level | I83: Maintenance | J83: Current State | K83: =((K81/K79)*45-K84) -> 1 | L83: level | O83: Maintenance | P83: Current State | Q83: =((Q81/Q79)*45-Q84) -> 1 | R83: level | U83: Maintenance | V83: Current State | W83: =((W81/W79)*45-W84) -> 1 | X83: level
D84: Cumulative | E84: ='Data Lingkungan_IC'!Z98 -> 0 | F84: kumulatif maintenance | J84: Cumulative | K84: ='Data Lingkungan_IC'!Z97 -> 0 | L84: kumulatif maintenance | P84: Cumulative | Q84: ='Data Lingkungan_IC'!AG97 -> 0 | R84: kumulatif maintenance | V84: Cumulative | W84: ='Data Lingkungan_IC'!AM100 -> 0 | X84: kumulatif maintenance
C85: Cleanliness | D85: Current State | E85: ='Data Lingkungan_IC'!DL68 -> 0 | F85: level | I85: Cleanliness | J85: Current State | K85: ='Data Lingkungan_IC'!AI67 -> 0 | L85: level | O85: Cleanliness | P85: Current State | Q85: ='Data Lingkungan_IC'!DC71 -> 0 | R85: level | U85: Cleanliness | V85: Current State | W85: ='Data Lingkungan_IC'!CT65 -> 0 | X85: level
C86: Condition | E86: =(E82/E79) -> 0.97685185 | F86: sangat bersih, bersih, cukup bersih, kotor, sangat kotor | I86: Condition | K86: =(K82/K79) -> 0.97685185 | L86: sangat bersih, bersih, cukup bersih, kotor, sangat kotor | O86: Condition | Q86: =(Q82/Q79) -> 0.97685185 | R86: sangat bersih, bersih, cukup bersih, kotor, sangat kotor | U86: Condition | W86: =(W82/W79) -> 0.97685185 | X86: sangat bersih, bersih, cukup bersih, kotor, sangat kotor
C87: Size | I87: Size | O87: Size | U87: Size
D88: P | E88: 90 | F88: cm | J88: P | K88: 90 | L88: cm | P88: P | Q88: 90 | R88: cm | V88: P | W88: 90 | X88: cm
D89: L | E89: 0.05 | F89: cm | J89: L | K89: 0.05 | L89: cm | P89: L | Q89: 0.05 | R89: cm | V89: L | W89: 0.05 | X89: cm
D90: T | E90: 210 | F90: cm | J90: T | K90: 210 | L90: cm | P90: T | Q90: 210 | R90: cm | V90: T | W90: 210 | X90: cm
C91: Object | D91: Status | E91: tertutup | F91: tertutup/terbuka | I91: Object | J91: Status | K91: tertutup | L91: tertutup/terbuka | O91: Object | P91: Status | Q91: tertutup | R91: tertutup/terbuka | U91: Object | V91: Status | W91: tertutup | X91: tertutup/terbuka
D92: Function | E92: Lubang sirkulasi | J92: Function | K92: Lubang sirkulasi | P92: Function | Q92: Lubang sirkulasi | V92: Function | W92: Lubang sirkulasi
D93: Time for Op | E93: 0.5 | F93: menit/aksi | J93: Time for Op | K93: 0.5 | L93: menit/aksi | P93: Time for Op | Q93: 0.5 | R93: menit/aksi | V93: Time for Op | W93: 0.5 | X93: menit/aksi
D94: Condition 01 | E94: bagus | F94: rusak, kurag bagus, bagus, sangat bagus | J94: Condition 01 | K94: bagus | L94: rusak, kurag bagus, bagus, sangat bagus | P94: Condition 01 | Q94: bagus | R94: rusak, kurag bagus, bagus, sangat bagus | V94: Condition 01 | W94: bagus | X94: rusak, kurag bagus, bagus, sangat bagus
D95: Compliment | E95: kunci | J95: Compliment | K95: kunci | P95: Compliment | Q95: kunci | V95: Compliment | W95: kunci
D96: Status compliment | E96: terkunci | J96: Status compliment | K96: terkunci | P96: Status compliment | Q96: terkunci | V96: Status compliment | W96: terkunci
B98: ABM | H98: ABM | N98: ABM | T98: ABM
B99: COMPONENTS | H99: COMPONENTS | N99: COMPONENTS | T99: COMPONENTS
B100: Object | H100: Object | N100: Object | T100: Object
B101: Static | H101: Static | N101: Static | T101: Static
B102: No | C102: Variable i | D102: Variable ii | E102: Parameter | F102: Note | H102: No | I102: Variable i | J102: Variable ii | K102: Parameter | L102: Note | N102: No | O102: Variable i | P102: Variable ii | Q102: Parameter | R102: Note | T102: No | U102: Variable i | V102: Variable ii | W102: Parameter | X102: Note
B103: A. Static Object Attribute | H103: A. Static Object Attribute | N103: A. Static Object Attribute | T103: A. Static Object Attribute
C104: Name | E104: Bouven Dapur | I104: Name | K104: Sofa Ruang Tamu | O104: Name | Q104: Kursi Ruang Makan | U104: Name | W104: Meja Makan
C105: Code | E105: BV04 | I105: Code | K105: RTM01-SF03 | O105: Code | Q105: RMK01-KU03 | U105: Code | W105: RMK01-MJ03
C106: Appearance | I106: Appearance | O106: Appearance | U106: Appearance
...

Sheet Utilitas_IC
B3: 1 Sheet untuk masing-masing rumah
B6: ABM
B7: ENVIRONMENT
B8: BUILDING
B9: UTILITIES
B10: No | C10: Variable i | D10: Variable ii | E10: Variable iii | F10: Parameter | G10: Note
C11: A. Power Meter
D12: Basic
B13: 1 | E13: Power Supply | F13: 900 | G13: watt
B14: 2 | E14: Price | F14: 1500 | G14: rp/kwh
B15: 3
D16: Status
B17: 4 | E17: Current Power Consumption
B18: 5 | E18: Power Cost
B19: 6 | E19: Availability
B20: 7
C22: B. Water Tank
D23: Basic
B24: 1 | E24: Water Supply | G24: m3
B25: 2 | E25: Price
B26: 3 | E26: Water Backup
D27: Status | E27: IC | F27: volume bak mandi? | H27: IC bak mandi penuh (malam hari bak diisi hingga penuh)
B28: 4 | E28: Current Water | G28: m3
B29: 5 | E29: Water Consumption
B30: 6 | E30: Current Water Backup
B31: 7 | E31: Water Backup Consumption
C33: C. Gas
D34: Basic
B35: 1 | E35: Gas Supply | F35: 3 | G35: Kg
B36: 2 | E36: Price | G36: rp
D37: Status | E37: IC | F37: 2.25
B38: 3 | E38: Current Power | F38: =F37-F39 -> 2.25
B39: 4 | E39: Power Consumption | F39: ='Data Lingkungan_IC'!DK82 -> 0
B40: 5 | E40: Current Backup
B41: 6 | E41: Power Backup Consumption
C42: C. Gas
D43: Basic
B44: 6.5714286 | E44: Gas Supply | F44: 7.5 | G44: Kg
B45: 7.3726708 | E45: Price | G45: rp
B46: 8.173913 | D46: Status
B47: 8.9751553 | E47: Current Power
B48: 9.7763975 | E48: Power Consumption
B49: 10.57764 | E49: Current Backup
B50: 11.378882 | E50: Power Backup Consumption

Sheet Data Lingkungan_IC
B2: DATA LINGKUNGAN TERKINI
B4: 1 Sheet untuk masing-masing rumah
B5: Perawatan: ada aktivitas membersihkan (mengurangi nilai kotor)
B6: Pemakaian: pada lantai=berpa kali ruang digunakan +1 setiap kali ada agen masuk ruang. Pada lanskap: waktu berjalan 24 jam, maks kotor 1=kering >> urgensi menyiram tanaman tinggi
B7: Kotor: Kondisi terkini=Pemakaian x 1 /10
D9: Jenis komponen | E9: Status "on" jika digunakan, "off" jika tidak digunakan | F9: Kondisi = replace dari Machine/ Dynamic/ Static/ Utility dalam skala angka/huruf | G9: Mesin/ Dinamis/Intensitas Cahaya/ Utilitas (waktu berjalan); Statis/ Lantai (kali pemakaian: 1 kali agen duduk, 1 kali agen masuk ruang) | H9: Setiap pemakaian +0.1 poin replace ke Machine/ Dynamic/ Static/ Utility | I9: Perawatan = replace dari Maintenance Machine/ Dynamic/ Static/ Utility | V9: Jenis komponen | W9: Status "on" jika digunakan, "off" jika tidak digunakan | X9: Kondisi = replace dari Machine/ Dynamic/ Static/ Utility dalam skala angka/ huruf | Y9: Mesin/ Dinamis/Intensitas Cahaya/ Utilitas (waktu berjalan); Statis/ Lantai (kali pemakaian: 1 kali agen duduk, 1 kali agen masuk ruang) | Z9: Setiap pemakaian +0.1 poin replace ke Machine/ Dynamic/ Static/ Utility | AA9: Perawatan = replace dari Maintenance Machine/ Dynamic/ Static/ Utility
B10: CONTOH | T10: CONTOH | AL10: CONTOH
B11: ENVIRONMENT | T11: ENVIRONMENT | AL11: ENVIRONMENT
B12: Ruang Halaman Depan 1 (RHD01) | T12: Ruang Belakang (RCC01) | AL12: Ruang Garasi 1 (RGS01)
B13: OUTDOOR CLIMATE | T13: INDOOR CLIMATE | AL13: OUTDOOR CLIMATE
B14: No | C14: Variabel | D14: Jenis | E14: Status | F14: Kondisi | G14: Pemakaian | H14: Kotor | I14: Respon ke Lingkungan | T14: No | U14: Variabel | V14: Jenis | W14: Status | X14: Kondisi | Y14: Pemakaian | Z14: Kotor | AA14: Perawatan | AL14: No | AM14: Variabel | AN14: Jenis | AO14: Status | AP14: Kondisi | AQ14: Pemakaian | AR14: Kotor | AS14: Perawatan
B15: A. | C15: Iklim | T15: A. | U15: Iklim | AL15: A. | AM15: Iklim
B16: 1 | C16: Temperatur | J16: replace data suhu luar ruang terkini | T16: 1 | U16: Temperatur | AB16: replace data suhu luar ruang terkini | AL16: 1 | AM16: Temperatur
B17: 2 | C17: Intensitas Cahaya | J17: replace data intensitas luar ruang terkini | T17: 2 | U17: Intensitas Cahaya | V17: Lampu 13 (RCC01-LA13) | AB17: replace data intensitas luar ruang terkini | AL17: 2 | AM17: Intensitas Cahaya
B18: 3 | C18: Kelembaban | J18: replace data kelembaban luar ruang terkini | V18: Lampu 15 (RCC01-LA15) | AB18: replace data intensitas luar ruang terkini | AL18: B. | AM18: Interior
B19: B. | C19: Lanskap | T19: 3 | U19: Kelembaban | AB19: replace data kelembaban luar ruang terkini | AL19: 1 | AM19: Mesin | AN19: Pompa Air 1 (RGS01-WP01) | AO19: off | AP19: =Mesin_IC!AX104 -> 0 | AR19: 0 | AS19: =Mesin_IC!AX101 -> 0
B20: 1 | C20: Mesin | J20: jika di luar ruang tidak ada mesin | T20: B. | U20: Interior | AL20: 2 | AM20: Dinamis | AN20: Pintu 13 (RGS01-PT13) | AO20: on | AP20: =Dinamis_IC!E55 -> 0.97685185 | AR20: =AR33/10 -> 0.1 | AS20: =Dinamis_IC!E21 -> 0
B21: 2 | C21: Dinamis | D21: Kran 4 (RHD01-WT04) | E21: on | F21: bagus | G21: =G32 -> 0 | J21: jika di luar ruang ada objek dinamis | T21: 1 | U21: Mesin | V21: Mesin Cuci 1 (RCC01-WM01) | W21: on | X21: =Mesin_IC!E24 -> 0.99759259 | Y21: =Y38 -> 30 | Z21: =Z38/10 -> 0.1 | AA21: =Mesin_IC!E21 -> 0.1 | AB21: aktivitas menggunakan mesin setiap 1 cycle selesai akan mereplace +0.1 poin ke cleanliness sheet machine | AL21: 3 | AM21: Statis
B22: 3 | C22: Statis | D22: Tanaman | F22: sangat kering, kering, basah, sangat basah | G22: =H22 -> 1 | H22: =1-I22 -> 1 | I22: =H32 -> 0 | J22: setelah selesai disiram, kotor = 0, perawatan = 0, waktu kembali mundur ke 0, jika baru 0.5, tetap dianggap belum selesai menyiram | V22: Mesin Cuci 2 (RCC01-WM02) | AL22: C. | AM22: Konstruksi
B23: C. | C23: Konstruksi | T23: 2 | U23: Dinamis | V23: Kran 2 (RCC01-WT02) | AL23: 1 | AM23: Plafond
B24: 3 | C24: Lantai | D24: Lantai 14 (RHD01-LT14) | G24: =H24 -> 1 | H24: =1-I24 -> 1 | I24: =H35 -> 0 | J24: Lantai pada halaman/ taman berkaitan dg kecepatan angin. Sementara kecepatan angin tidak dipakai, hanya +1 poin setiap agen beraktivitas di halaman/taman | V24: Pintu 12 (RCC01-PT12) | AL24: 2 | AM24: Dinding
B25: D. | C25: Utilitas | T25: 3 | U25: Statis | AL25: 3 | AM25: Lantai | AN25: Lantai 13 (RGS01-LT13) | AO25: =AO31 -> 0.1
B26: 1 | C26: Listrik | T26: C. | U26: Konstruksi | AL26: D. | AM26: Utilitas
B27: 2 | C27: Air | T27: 1 | U27: Plafond | AL27: 1 | AM27: Listrik
B28: 3 | C28: Gas | T28: 2 | U28: Dinding | V28: Dinding 10 (RCC01-D10) | AL28: 2 | AM28: Air
B29: E. | C29: Aktifitas | V29: Dinding 11 (RCC01-D11) | AL29: 3 | AM29: Gas
B30: 1 | C30: Jenis Aktifitas | D30: menyiram tanaman | T30: 3 | U30: Lantai | V30: Lantai 12 (RCC01-LT12) | Z30: =W36+W39 -> 0.2 | AL30: E. | AM30: Aktifitas
B31: 2 | C31: Siapa terlibat | D31: IB21 | T31: D. | U31: Utilitas | AL31: 1 | AM31: Jenis Aktifitas | AN31: Memarkir kendaraan | AO31: 0.1
B32: 3 | C32: waktu aktifitas berjalan | D32: 15 | G32: 0 | H32: =G32/D32 -> 0 | T32: 1 | U32: Listrik | V32: Saklar 18 (RCC01-SK18) | AL32: 2 | AM32: Siapa terlibat | AN32: Ayah (AY21)
B33: 1 | C33: Jenis Aktifitas | D33: menyapu halaman | T33: 2 | U33: Air | AL33: 3 | AM33: waktu aktifitas berjalan | AN33: 10 | AQ33: 10 | AR33: =AQ33/AN33 -> 1
B34: 2 | C34: Siapa terlibat | D34: NK21 | T34: 3 | U34: Gas | V34: Gas 2 (RCC01-GS02)
B35: 3 | C35: waktu aktifitas berjalan | D35: 15 | G35: 0 | H35: =G35/D35 -> 0 | T35: E. | U35: Aktifitas
D36: waktu yang diperlukan replace dari aktivitas yang terpilih dan akan dijalankan | G36: waktu berjalan | H36: % akt = waktu berjalan/waktu yang diperlukan | T36: 1 | U36: Jenis Aktifitas | V36: Mencuci pakaian | W36: 0.1 | AB36: aktivitas menggunakan mesin setiap 1 cycle selesai akan +1 poin ke kotor
T37: 2 | U37: Siapa terlibat | V37: IB21
T38: 3 | U38: waktu aktifitas berjalan | V38: 30 | Y38: 30 | Z38: =Y38/V38 -> 1
T39: 1 | U39: Jenis Aktifitas | V39: Membersihkan mesin cuci | W39: 0.1 | AB39: aktivitas membersihkan (perawatan) setiap 1 cycle selesai akan +1 poin ke cumulative maintenance sheet machine
T40: 2 | U40: Siapa terlibat | V40: AY21
T41: 3 | U41: waktu aktifitas berjalan | V41: 60 | Y41: 60 | Z41: =Y41/V41 -> 1
B51: Current State IC (sebelum tidur malam) setiap ruang di Rumah 2
B53: ABM | K53: ABM | T53: ABM | AC53: ABM | AL53: ABM | AU53: ABM | BD53: ABM | BM53: ABM | BV53: ABM | CE53: ABM | CN53: ABM | CW53: ABM | DF53: ABM | DO53: ABM
B54: ENVIRONMENT | K54: ENVIRONMENT | T54: ENVIRONMENT | AC54: ENVIRONMENT | AL54: ENVIRONMENT | AU54: ENVIRONMENT | BD54: ENVIRONMENT | BM54: ENVIRONMENT | BV54: ENVIRONMENT | CE54: ENVIRONMENT | CN54: ENVIRONMENT | CW54: ENVIRONMENT | DF54: ENVIRONMENT | DO54: ENVIRONMENT
B55: Ruang Halaman Depan 1 (RHD01) | K55: Ruang Garasi 1 (RGS01) | T55: Ruang Teras 1 (RTS01) | AC55: Ruang Tamu 1 (RTM01) | AL55: Ruang Keluarga 1 (RKG01) | AU55: Ruang Tidur Utama 1 (RTU01) | BD55: Ruang Tidur Anak 1 (RTA01) | BM55: Ruang Tidur Utama 2 (RTU02) | BV55: Ruang Kamar Mandi 1 (RKM01) | CE55: Ruang Koridor 1 (RKD01) | CN55: Ruang Gudang 1 (RGD01) | CW55: Ruang Makan 1 (RMK01) | DF55: Ruang Dapur 1 (RDP01) | DO55: Ruang Cuci 1 (RCC01)
B56: OUTDOOR CLIMATE | K56: INDOOR CLIMATE | T56: INDOOR CLIMATE | AC56: INDOOR CLIMATE | AL56: INDOOR CLIMATE | AU56: INDOOR CLIMATE | BD56: INDOOR CLIMATE | BM56: INDOOR CLIMATE | BV56: INDOOR CLIMATE | CE56: INDOOR CLIMATE | CN56: INDOOR CLIMATE | CW56: INDOOR CLIMATE | DF56: INDOOR CLIMATE
B57: No | C57: Variabel | D57: Jenis | E57: Status | F57: Kondisi | G57: Pemakaian | H57: Kotor | I57: Perawatan | K57: No | L57: Variabel | M57: Jenis | N57: Status | O57: Kondisi | P57: Pemakaian | Q57: Kotor | R57: Perawatan | T57: No | U57: Variabel | V57: Jenis | W57: Status | X57: Kondisi | Y57: Pemakaian | Z57: Kotor | AA57: Perawatan | AC57: No | AD57: Variabel | AE57: Jenis | AF57: Status | AG57: Kondisi | AH57: Pemakaian | AI57: Kotor | AJ57: Perawatan | AL57: No | AM57: Variabel | AN57: Jenis | AO57: Status | AP57: Kondisi | AQ57: Pemakaian | AR57: Kotor | AS57: Perawatan | AU57: No | AV57: Variabel | AW57: Jenis | AX57: Status | AY57: Kondisi | AZ57: Pemakaian | BA57: Kotor | BB57: Perawatan | BD57: No | BE57: Variabel | BF57: Jenis | BG57: Status | BH57: Kondisi | BI57: Pemakaian | BJ57: Kotor | BK57: Perawatan | BM57: No | BN57: Variabel | BO57: Jenis | BP57: Status | BQ57: Kondisi | BR57: Pemakaian | BS57: Kotor | BT57: Perawatan | BV57: No | BW57: Variabel | BX57: Jenis | BY57: Status | BZ57: Kondisi | CA57: Pemakaian | CB57: Kotor | CC57: Perawatan | CE57: No | CF57: Variabel | CG57: Jenis | CH57: Status | CI57: Kondisi | CJ57: Pemakaian | CK57: Kotor | CL57: Perawatan | CN57: No | CO57: Variabel | CP57: Jenis | CQ57: Status | CR57: Kondisi | CS57: Pemakaian | CT57: Kotor | CU57: Perawatan | CW57: No | CX57: Variabel | CY57: Jenis | CZ57: Status | DA57: Kondisi | DB57: Pemakaian | DC57: Kotor | DD57: Perawatan | DF57: No | DG57: Variabel | DH57: Jenis | DI57: Status | DJ57: Kondisi | DK57: Pemakaian | DL57: Kotor | DM57: Perawatan | DO57: No | DP57: Variabel | DQ57: Jenis | DR57: Status | DS57: Kondisi | DT57: Pemakaian | DU57: Kotor | DV57: Perawatan
B58: A. | C58: Iklim | K58: A. | L58: Iklim | T58: A. | U58: Iklim | AC58: A. | AD58: Iklim | AL58: A. | AM58: Iklim | AU58: A. | AV58: Iklim | BD58: A. | BE58: Iklim | BM58: A. | BN58: Iklim | BV58: A. | BW58: Iklim | CE58: A. | CF58: Iklim | CN58: A. | CO58: Iklim | CW58: A. | CX58: Iklim | DF58: A. | DG58: Iklim | DO58: A. | DP58: Iklim
B59: 1 | C59: Temperatur | K59: 1 | L59: Temperatur | T59: 1 | U59: Temperatur | AC59: 1 | AD59: Temperatur | AL59: 1 | AM59: Temperatur | AU59: 1 | AV59: Temperatur | BD59: 1 | BE59: Temperatur | BM59: 1 | BN59: Temperatur | BV59: 1 | BW59: Temperatur | CE59: 1 | CF59: Temperatur | CN59: 1 | CO59: Temperatur | CW59: 1 | CX59: Temperatur | DF59: 1 | DG59: Temperatur | DO59: 1 | DP59: Temperatur
B60: 2 | C60: Intensitas Cahaya | K60: 2 | L60: Intensitas Cahaya | M60: Lampu 1 (RGS01-LA01) | N60: on | P60: =Peralatan_IC!I67 -> 180 | T60: 2 | U60: Intensitas Cahaya | V60: Lampu 2 (RTS01-LA02) | W60: on | Y60: =Peralatan_IC!I70 -> 180 | AC60: 2 | AD60: Intensitas Cahaya | AE60: Lampu 4 (RTM01-LA04) | AF60: off | AH60: =Peralatan_IC!I11 -> 420 | AL60: 2 | AM60: Intensitas Cahaya | AN60: Lampu 5 (RKG01-LA05) | AO60: off | AQ60: =Peralatan_IC!I16 -> 900 | AU60: 2 | AV60: Intensitas Cahaya | AW60: Lampu 3 (RTU01-LA03) | AX60: off | AZ60: =Peralatan_IC!I23 -> 300 | BD60: 2 | BE60: Intensitas Cahaya | BF60: Lampu 7 (RTA01-LA07) | BG60: off | BI60: =Peralatan_IC!I32 -> 300 | BM60: 2 | BN60: Intensitas Cahaya | BO60: Lampu 8 (RTU02-LA08) | BP60: off | BR60: =Peralatan_IC!I35 -> 300 | BV60: 2 | BW60: Intensitas Cahaya | BX60: Lampu 10 (RKM01-LA10) | BY60: off | CA60: =Peralatan_IC!I44 -> 415 | CE60: 2 | CF60: Intensitas Cahaya | CG60: Lampu 19 (RKD01-LA19) | CH60: off | CJ60: =Peralatan_IC!I41 -> 295 | CN60: 2 | CO60: Intensitas Cahaya | CP60: Lampu 9 (RGD01-LA09) | CQ60: off | CS60: =Peralatan_IC!I47 -> 300 | CW60: 2 | CX60: Intensitas Cahaya | CY60: Lampu 11 (RMK01-LA11) | CZ60: off | DB60: =Peralatan_IC!I51 -> 300 | DF60: 2 | DG60: Intensitas Cahaya | DH60: Lampu 12 (RDP01-LA12) | DI60: on | DK60: =Peralatan_IC!I58 -> 1440 | DO60: 2 | DP60: Intensitas Cahaya | DQ60: Lampu 13 (RCC01-LA13) | DR60: on | DT60: =Peralatan_IC!I64 -> 1440
B61: B. | C61: Lanskap | K61: B. | L61: Interior | T61: B. | U61: Interior | AN61: Lampu 6 (RKG01-LA06) | AO61: off | AQ61: =Peralatan_IC!I15 -> 420 | AW61: Lampu 18 (RTU01-LA18) | AX61: on | AZ61: =Peralatan_IC!I24 -> 120 | BF61: Lampu 17 (RTA01-LA17) | BG61: on | BI61: =Peralatan_IC!I33 -> 120 | BO61: Lampu 16 (RTU02-LA16) | BP61: on | BR61: =Peralatan_IC!I36 -> 120 | BV61: B. | BW61: Interior | CE61: B. | CF61: Interior | CN61: B. | CO61: Interior | CW61: B. | CX61: Interior | DH61: Lampu 14 (RDP01-LA14) | DI61: on | DK61: =Peralatan_IC!I59 -> 1440 | DQ61: Lampu 15 (RCC01-LA15) | DR61: on | DT61: =Peralatan_IC!I65 -> 1440
B62: 1 | C62: Mesin | K62: 1 | L62: Mesin | M62: Pompa Air 1 (RGS01-WP01) | N62: off | O62: =Mesin_IC!W147 -> 0.99972222 | P62: =Peralatan_IC!I69 -> 30 | Q62: 0.1 | R62: =Mesin_IC!W144 -> 0 | T62: 1 | U62: Mesin | AC62: B. | AD62: Interior | AL62: B. | AM62: Interior | AU62: B. | AV62: Interior | BD62: B. | BE62: Interior | BM62: B. | BN62: Interior | BV62: 1 | BW62: Mesin | CE62: 1 | CF62: Mesin | CN62: 1 | CO62: Mesin | CP62: Setrika 1 (RGD01-IR01) | CQ62: off | CR62: =Mesin_IC!Q85 -> 0.99972222 | CS62: =Peralatan_IC!I49 -> 393 | CT62: 0.1 | CU62: =Mesin_IC!Q82 -> 0 | CW62: 1 | CX62: Mesin | CY62: Blender 1 (RMK01-BL01) | CZ62: off | DA62: =Mesin_IC!AC85 -> 0.99972222 | DB62: =Peralatan_IC!I55 -> 5 | DC62: 0.1 | DD62: =Mesin_IC!AC82 -> 0 | DF62: B. | DG62: Interior | DO62: B. | DP62: Interior
B63: 2 | C63: Dinamis | D63: Kran 4 (RHD01-WT04) | F63: =Dinamis_IC!Q117 -> 0.97685185 | I63: =Dinamis_IC!Q114 -> 1 | K63: 2 | L63: Dinamis | M63: Pintu 13 (RGS01-PT13) | O63: =Dinamis_IC!E55 -> 0.97685185 | R63: =Dinamis_IC!E52 -> 1 | T63: 2 | U63: Dinamis | AC63: 1 | AD63: Mesin | AE63: Laptop (RTM01-LP01) | AF63: off | AH63: =Peralatan_IC!I11 -> 420 | AI63: 0.1 | AJ63: =Mesin_IC!K82 -> 0 | AL63: 1 | AM63: Mesin | AN63: Kipas 1 (RKG01-KP01) | AO63: off | AP63: =Mesin_IC!W54 -> 0.99972222 | AQ63: =Peralatan_IC!I18 -> 720 | AR63: 0.1 | AS63: =Mesin_IC!W51 -> 0 | AU63: 1 | AV63: Mesin | AW63: Kipas 2 (RTU01-KP02) | AX63: on | AY63: =Mesin_IC!W85 -> 0.99972222 | AZ63: =Peralatan_IC!I27 -> 120 | BA63: 0.1 | BB63: =Mesin_IC!W82 -> 0 | BD63: 1 | BE63: Mesin | BM63: 1 | BN63: Mesin | BO63: Kipas 3 (RTU02-KP03) | BP63: off | BQ63: =Mesin_IC!W116 -> 0.99972222 | BR63: =Peralatan_IC!I39 -> 20 | BS63: 0.1 | BT63: =Mesin_IC!W113 -> 0 | BV63: 2 | BW63: Dinamis | BX63: Pintu 8 (RKM01-PT08) | BZ63: =Dinamis_IC!K210 -> 0.97685185 | CC63: =Dinamis_IC!K207 -> 1 | CE63: 2 | CF63: Dinamis | CN63: 2 | CO63: Dinamis | CP63: Pintu 9 (RGD01-PT09) | CQ63: off | CR63: =Dinamis_IC!K241 -> 0.97685185 | CU63: =Dinamis_IC!K238 -> 1 | CY63: Dispenser 1 (RMK01-DP01) | CZ63: on | DA63: =Mesin_IC!AC147 -> 0.99972222 | DB63: 0 | DC63: 0.1 | DD63: =Mesin_IC!AC144 -> 0 | DF63: 1 | DG63: Mesin | DH63: Kulkas 1 (RDP01-RE01) | DI63: on | DJ63: =Mesin_IC!AI54 -> 0.99972222 | DK63: =Peralatan_IC!I61 -> 1440 | DL63: 0.1 | DM63: =Mesin_IC!AI51 -> 0 | DO63: 1 | DP63: Mesin | DQ63: Mesin Cuci 1 (RCC01-WM01) | DR63: off | DS63: =Mesin_IC!K147 -> 0.99888889 | DT63: =Peralatan_IC!I66 -> 120 | DU63: 0.4 | DV63: =Mesin_IC!K144 -> 0
B64: 3 | C64: Statis | D64: Tanaman | G64: 24 | H64: =1*G64/24 -> 1 | I64: 0 | K64: 3 | L64: Statis | T64: 3 | U64: Statis | AC64: 2 | AD64: Dinamis | AE64: Pintu 1 (RTM01-PT01) | AG64: =Dinamis_IC!E86 -> 0.97685185 | AJ64: =Dinamis_IC!E83 -> 1 | AN64: TV 1 (RKG01-TV01) | AO64: off | AP64: =Mesin_IC!E54 -> 0.99972222 | AQ64: =Peralatan_IC!I19 -> 240 | AR64: 0.1 | AS64: =Mesin_IC!E51 -> 0 | AW64: AC 1 (RTU01-AC01) | AX64: on | AY64: =Mesin_IC!Q54 -> 0.99972222 | AZ64: =Peralatan_IC!I26 -> 180 | BA64: 0.1 | BB64: =Mesin_IC!Q51 -> 0 | BD64: 2 | BE64: Dinamis | BF64: Pintu 5 (RTA01-PT05) | BH64: =Dinamis_IC!E148 -> 0.97685185 | BK64: =Dinamis_IC!E145 -> 1 | BO64: Catokan 1 (RTU02-HS01) | BP64: off | BQ64: =Mesin_IC!AC54 -> 1 | BR64: =Peralatan_IC!I40 -> 0 | BS64: 0 | BT64: =Mesin_IC!AC51 -> 0 | BX64: Kran 3 (RKM01-WT03) | BZ64: =Dinamis_IC!W55 -> 0.97775634 | CC64: =Dinamis_IC!W52 -> 0.023148148 | CE64: 3 | CF64: Statis | CN64: 3 | CO64: Statis | CP64: Kursi 4 (RGD01-KU04) | CQ64: off | CR64: =Statis_IC!Q148 -> 0.97685185 | CU64: =Statis_IC!Q145 -> 1 | CY64: Kulkas 2 (RMK01-RE02) | CZ64: on | DA64: =Mesin_IC!AI85 -> 0.99972222 | DB64: =Peralatan_IC!I53 -> 1440 | DC64: 0.1 | DD64: =Mesin_IC!AI82 -> 0 | DH64: Rice Cooker 1 (RDP01-RC01) | DI64: off | DJ64: =Mesin_IC!Q147 -> 0.99972222 | DK64: =Peralatan_IC!I62 -> 300 | DL64: 0.1 | DM64: =Mesin_IC!Q144 -> 0 | DQ64: Mesin Cuci 2 (RCC01-WM02) | DR64: off | DS64: =Mesin_IC!K177 -> 1 | DV64: =Mesin_IC!K174 -> 0
B65: C. | C65: Konstruksi | K65: C. | L65: Konstruksi | T65: C. | U65: Konstruksi | AE65: Jendela 1(RTM01-JD01) | AG65: =Dinamis_IC!K55 -> 0.97685185 | AJ65: =Dinamis_IC!K52 -> 1 | AN65: Radio 1 (RKG01-RA01) | AO65: off | AP65: =Mesin_IC!K54 -> 0.99972222 | AQ65: 0 | AR65: 0.1 | AS65: =Mesin_IC!K51 -> 0 | AW65: HP 1 (RTU01-HP01) | AX65: off | AY65: =Mesin_IC!E116 -> 1 | AZ65: =Peralatan_IC!I28 -> 60 | BA65: 0.1 | BB65: =Mesin_IC!E113 -> 0 | BD65: 3 | BE65: Statis | BF65: Tempat Tidur 2 (RTA01-TD02) | BG65: on | BH65: =Statis_IC!W179 -> 0.99921553 | BJ65: =SUM(BJ79:BJ82) -> 0.63888889 | BK65: =Statis_IC!W176 -> 0.0083333333 | BM65: 2 | BN65: Dinamis | BO65: Pintu 6 (RTU02-PT06) | BQ65: =Dinamis_IC!E179 -> 0.97685185 | BT65: =Dinamis_IC!E176 -> 1 | BV65: 3 | BW65: Statis | BX65: Kloset 1 (RKM01-KL01) | BZ65: =Statis_IC!E272 -> 0.97685185 | CC65: =Statis_IC!E269 -> 1 | CE65: C. | CF65: Konstruksi | CP65: Meja 2 (RGD01-MJ02) | CQ65: off | CR65: =Statis_IC!W86 -> 0.97685185 | CU65: =Statis_IC!W83 -> 1 | CY65: Pompa Air 2 (RMK01-WP02) | CZ65: off | DA65: =Mesin_IC!AC116 -> 0.99972222 | DB65: =Peralatan_IC!I56 -> 0 | DC65: 0.1 | DD65: =Mesin_IC!AC113 -> 0 | DH65: Kompor Gas 1 (RDP01-ST01) | DI65: off | DO65: 2 | DP65: Dinamis | DQ65: Kran 2 (RCC01-WT02) | DS65: =Dinamis_IC!W86 -> 0.97685185 | DV65: =Dinamis_IC!W83 -> 1
B66: 1 | C66: Plafond | K66: 1 | L66: Plafond | T66: 1 | U66: Plafond | AC66: 3 | AD66: Statis | AE66: Sofa 1 (RTM01-SF01) | AF66: on | AG66: =Statis_IC!K55 -> 0.97685185 | AI66: =AI86/10 -> 0 | AJ66: =Statis_IC!K52 -> 1 | AN66: TV 2 (RKG01-TV02) | AO66: off | AP66: =Mesin_IC!E85 -> 0.99972222 | AQ66: =Peralatan_IC!I21 -> 240 | AR66: 0.1 | AS66: =Mesin_IC!E82 -> 0 | AW66: HP 2 (RTU01-HP02) | AX66: off | AY66: =Mesin_IC!K116 -> 1 | AZ66: =Peralatan_IC!I29 -> 60 | BA66: 0.1 | BB66: =Mesin_IC!K113 -> 0 | BF66: Lemari 2 (RTA01-LM02) | BH66: =Dinamis_IC!Q86 -> 0.97685185 | BK66: =Dinamis_IC!Q83 -> 1 | BO66: Jendela 6 (RTU02-JD06) | BQ66: =Dinamis_IC!K117 -> 0.97685185 | BT66: =Dinamis_IC!K114 -> 1 | BV66: C. | BW66: Konstruksi | CE66: 1 | CF66: Plafond | CN66: C. | CO66: Konstruksi | CY66: Rice Cooker 2 (RMK01-RC02) | CZ66: off | DA66: =Mesin_IC!E147 -> 0.99972222 | DB66: =Peralatan_IC!I54 -> 720 | DC66: 0.1 | DD66: =Mesin_IC!E144 -> 0 | DF66: 2 | DG66: Dinamis | DH66: Kran 1 (RDP01-WT01) | DJ66: =Dinamis_IC!W117 -> 0.97685185 | DM66: =Dinamis_IC!W114 -> 1 | DQ66: Pintu 12 (RCC01-PT12) | DS66: =Dinamis_IC!K179 -> 0.97685185 | DV66: =Dinamis_IC!K176 -> 1
B67: 2 | C67: Dinding | K67: 2 | L67: Dinding | T67: 2 | U67: Dinding | V67: Dinding 1 (RTS01-D01) | AE67: Sofa 2 (RTM01-SF02) | AG67: =Statis_IC!K86 -> 0.97685185 | AJ67: =Statis_IC!K83 -> 1 | AL67: 2 | AM67: Dinamis | AW67: HP 3 (RTU01-HP03) | AX67: off | AY67: =Mesin_IC!Q116 -> 1 | AZ67: =Peralatan_IC!I30 -> 60 | BA67: 0.1 | BB67: =Mesin_IC!Q113 -> 0 | BD67: C. | BE67: Konstruksi | BM67: 3 | BN67: Statis | BO67: Tempat Tidur 3 (RTU02-TD03) | BP67: on | BQ67: =Statis_IC!W210 -> 0.99872685 | BS67: =SUM(BS81:BS84) -> 1.1666667 | BT67: =Statis_IC!W207 -> 0.0083333333 | BV67: 1 | BW67: Plafond | CE67: 2 | CF67: Dinding | CG67: Dinding 5 (RKD01-D05) | CN67: 1 | CO67: Plafond | CW67: 2 | CX67: Dinamis | CY67: Pintu 11 (RMK01-PT11) | DA67: =Dinamis_IC!E210 -> 0.97685185 | DD67: =Dinamis_IC!E207 -> 1 | DF67: 3 | DG67: Statis | DH67: Bouven 2 (RDP01-BV02) | DJ67: =Statis_IC!E55 -> 0.97685185 | DM67: =Statis_IC!E52 -> 1 | DO67: 3 | DP67: Statis
B68: 3 | C68: Lantai | D68: Lantai 14 (RHD01-LT14) | G68: 10 | H68: =1*G68/10 -> 1 | I68: 0 | K68: 3 | L68: Lantai | M68: Lantai 13 (RGS01-LT13) | T68: 3 | U68: Lantai | V68: Lantai 1 (RTS01-LT01) | AE68: Sofa 3 (RTM01-SF03) | AG68: =Statis_IC!K117 -> 0.97685185 | AJ68: =Statis_IC!K114 -> 1 | AL68: 3 | AM68: Statis | AN68: Karpet 1 (RKG01-KR01) | AP68: =Statis_IC!Q179 -> 0.97685185 | AS68: =Statis_IC!Q176 -> 1 | AU68: 2 | AV68: Dinamis | AW68: Pintu 4 (RTU01-PT04) | AY68: =Dinamis_IC!E117 -> 0.97685185 | BB68: =Dinamis_IC!E114 -> 1 | BD68: 1 | BE68: Plafond | BO68: Rak 1 (RTU02-RK01) | BQ68: =Statis_IC!K241 -> 0.97777778 | BV68: 2 | BW68: Dinding | BX68: Dinding 8 (RKM01-D08) | CG68: Dinding 6 (RKD01-D06) | CN68: 2 | CO68: Dinding | CP68: Dinding 9 (RGD01-D09) | CY68: Jendela 11 (RMK01-JD11) | DA68: =Dinamis_IC!K148 -> 0.97685185 | DD68: =Dinamis_IC!K145 -> 1 | DH68: Bouven 3 (RDP01-BV03) | DJ68: =Statis_IC!E86 -> 0.97685185 | DM68: =Statis_IC!E83 -> 1 | DO68: C. | DP68: Konstruksi
B69: D. | C69: Utilitas | K69: D. | L69: Utilitas | T69: D. | U69: Utilitas | AE69: Sofa 4 (RTM01-SF04) | AG69: =Statis_IC!K148 -> 0.97685185 | AJ69: =Statis_IC!K145 -> 1 | AN69: Sofa 8 (RKG01-SF08) | AP69: =Statis_IC!Q210 -> 0.97685185 | AS69: =Statis_IC!Q207 -> 1 | AW69: Jendela 4 (RTU01-JD04) | AY69: =Dinamis_IC!K86 -> 0.97685185 | BB69: =Dinamis_IC!K83 -> 1 | BD69: 2 | BE69: Dinding | BF69: Dinding 5 (RTA01-D05) | BO69: Bouven 5 (RTU02-BV05) | BQ69: =Statis_IC!E148 -> 0.97685185 | BT69: =Dinamis_IC!E114 -> 1 | BV69: 3 | BW69: Lantai | BX69: Lantai 8 (RKM01-LA08) | CG69: Dinding 9 (RKD01-D09) | CP69: Dinding 5 (RGD01-D05) | CW69: 3 | CX69: Statis | CY69: Meja 3 (RMK01-MJ03) | DA69: =Statis_IC!W117 -> 0.97685185 | DD69: =Statis_IC!W114 -> 1 | DH69: Bouven 4 (RDP01-BV04) | DJ69: =Statis_IC!E117 -> 0.97685185 | DM69: =Statis_IC!E114 -> 1 | DO69: 1 | DP69: Plafond
B70: 1 | C70: Listrik | K70: 1 | L70: Listrik | T70: 1 | U70: Listrik | V70: Saklar 1 (RTS01-SK01) | AE70: Sofa 5 (RTM01-SF05) | AG70: =Statis_IC!K179 -> 0.97685185 | AJ70: =Statis_IC!K176 -> 1 | AN70: Sofa 9 (RKG01-SF09) | AP70: =Statis_IC!E179 -> 1 | AS70: =Statis_IC!E176 -> 0 | AU70: 3 | AV70: Statis | AW70: Tempat Tidur 1 (RTU01-TD01) | AX70: on | AY70: =Statis_IC!W148 -> 0.99935957 | BA70: =SUM(BA84:BA90) -> 0.48333333 | BB70: =Statis_IC!W145 -> 0.0083333333 | BD70: 3 | BE70: Lantai | BF70: Lantai 5 (RTA01-LT05) | BG70: =SUM(BG77:BG82) -> 0.2 | BM70: C. | BN70: Konstruksi | BV70: D. | BW70: Utilitas | CE70: 3 | CF70: Lantai | CN70: 3 | CO70: Lantai | CP70: Lantai 9 (RGD01-LT09) | CY70: Kursi 1 (RMK01-KU01) | DA70: =Statis_IC!Q179 -> 0.97685185 | DD70: =Statis_IC!Q176 -> 1 | DH70: Tempat Sampah 1 (RDP01-TS01) | DJ70: =Statis_IC!K272 -> 0.97685185 | DM70: =Statis_IC!K269 -> 1 | DO70: 2 | DP70: Dinding | DQ70: Dinding 10 (RCC01-D10)
B71: 2 | C71: Air | K71: 2 | L71: Air | V71: Saklar 2 (RTS01-SK02) | AE71: Sofa 6 (RTM01-SF06) | AG71: =Statis_IC!K210 -> 0.97685185 | AJ71: =Statis_IC!K207 -> 1 | AN71: Sofa 10 (RKG01-SF10) | AP71: =Statis_IC!E210 -> 0.97685185 | AS71: =Statis_IC!E207 -> 1 | AW71: Lemari 1 (RTU01-LM01) | AY71: =Dinamis_IC!Q55 -> 0.97685185 | BB71: =Dinamis_IC!Q52 -> 1 | BD71: D. | BE71: Utilitas | BM71: 1 | BN71: Plafond | BV71: 1 | BW71: Listrik | CE71: D. | CF71: Utilitas | CN71: D. | CO71: Utilitas | CY71: Kursi 2 (RMK01-KU02) | DA71: =Statis_IC!Q86 -> 0.97685185 | DD71: =Statis_IC!Q83 -> 1 | DH71: Bak Cuci Piring (RDP01-SK01) | DQ71: Dinding 11 (RCC01-D11)
B72: 3 | C72: Gas | K72: 3 | L72: Gas | T72: 2 | U72: Air | AE72: Sofa 7 (RTM01-SF07) | AG72: =Statis_IC!E241 -> 0.97685185 | AJ72: =Statis_IC!E238 -> 1 | AL72: C. | AM72: Konstruksi | AU72: C. | AV72: Konstruksi | BD72: 1 | BE72: Listrik | BF72: Saklar 8 (RTA01-SK08) | BM72: 2 | BN72: Dinding | BO72: Dinding 6 (RTU02-D06) | BV72: 2 | BW72: Air | BX72: Bak Mandi 1 (RKM01-BM01) | CE72: 1 | CF72: Listrik | CG72: Saklar 12 (RKD01-SK12) | CN72: 1 | CO72: Listrik | CP72: Saklar 14 (RGD01-SK14) | CY72: Kursi 3 (RMK01-KU03) | DA72: =Statis_IC!Q117 -> 0.97685185 | DD72: =Statis_IC!Q114 -> 1 | DF72: C. | DG72: Konstruksi | DO72: 3 | DP72: Lantai | DQ72: Lantai 12 (RCC01-LT12)
B73: E. | C73: Aktifitas | K73: E. | L73: Aktifitas | T73: 3 | U73: Gas | AE73: Meja 1 (RTM01-MJ01) | AG73: =Statis_IC!W55 -> 0.97685185 | AJ73: =Statis_IC!W52 -> 1 | AL73: 1 | AM73: Plafond | AU73: 1 | AV73: Plafond | BF73: Saklar 9 (RTA01-SK09) | BO73: Dinding 8 (RTU02-D08) | BV73: 3 | BW73: Gas | CG73: Saklar 13 (RKD01-SK13) | CN73: 2 | CO73: Air | CW73: C. | CX73: Konstruksi | DF73: 1 | DG73: Plafond | DO73: D. | DP73: Utilitas
B74: 1 | C74: Jenis Aktifitas | K74: 1 | L74: Jenis Aktifitas | T74: E. | U74: Aktifitas | AC74: C. | AD74: Konstruksi | AL74: 2 | AM74: Dinding | AN74: Dinding 6 (RKG01-D06) | AU74: 2 | AV74: Dinding | AW74: Dinding 4 (RTU01-D04) | BD74: 2 | BE74: Air | BM74: 3 | BN74: Lantai | BO74: Lantai 6 (RTU02-LT06) | BP74: =SUM(BP79:BP84) -> 0.2 | BV74: E. | BW74: Aktifitas | CE74: 2 | CF74: Air | CN74: 3 | CO74: Gas | CW74: 1 | CX74: Plafond | DF74: 2 | DG74: Dinding | DH74: Dinding 8 (RDP01-D08) | DO74: 1 | DP74: Listrik | DQ74: Saklar 18 (RCC01-SK18)
B75: 2 | C75: Siapa terlibat | K75: 2 | L75: Siapa terlibat | T75: 1 | U75: Jenis Aktifitas | AC75: 1 | AD75: Plafond | AN75: Dinding 7 (RKG01-D07) | AU75: 3 | AV75: Lantai | AW75: Lantai 4 (RTU01-LT04) | AX75: =SUM(AX82:AX90) -> 0.3 | BD75: 3 | BE75: Gas | BM75: D. | BN75: Utilitas | BV75: 1 | BW75: Jenis Aktifitas | CE75: 3 | CF75: Gas | CN75: E. | CO75: Aktifitas | CW75: 2 | CX75: Dinding | CY75: Dinding 11 (RMK01-D11) | DH75: Dinding 10 (RDP01-D10) | DO75: 2 | DP75: Air
B76: 3 | C76: waktu aktifitas berjalan | K76: 3 | L76: waktu aktifitas berjalan | T76: 2 | U76: Siapa terlibat | AC76: 2 | AD76: Dinding | AE76: Dinding 2 (RTM01-D02) | AL76: 3 | AM76: Lantai | AN76: Lantai 7 (RKG01-LT07) | AU76: D. | AV76: Utilitas | BD76: E. | BE76: Aktifitas | BM76: 1 | BN76: Listrik | BV76: 2 | BW76: Siapa terlibat | CE76: E. | CF76: Aktifitas | CN76: 1 | CO76: Jenis Aktifitas | CW76: 3 | CX76: Lantai | CY76: Lantai 11 (RMK01-LT11) | DH76: Dinding 11 (RDP01-D11) | DO76: 3 | DP76: Gas | DQ76: Gas 2 (RCC01-GS02)
T77: 3 | U77: waktu aktifitas berjalan | AC77: 3 | AD77: Lantai | AE77: Lantai 2 (RTM01-LT02) | AF77: =AF84 -> 0 | AL77: D. | AM77: Utilitas | AU77: 1 | AV77: Listrik | AW77: Saklar 6 (RTU01-SK06) | BD77: 1 | BE77: Jenis Aktifitas | BF77: Tidur | BG77: 0.1 | BM77: 2 | BN77: Air | BV77: 3 | BW77: waktu aktifitas berjalan | CE77: 1 | CF77: Jenis Aktifitas | CN77: 2 | CO77: Siapa terlibat | CW77: D. | CX77: Utilitas | DF77: 3 | DG77: Lantai | DH77: Lantai 10 (RDP01-LT10) | DO77: E. | DP77: Aktifitas
AC78: D. | AD78: Utilitas | AL78: 1 | AM78: Listrik | AN78: Saklar 5 (RKG01-SK05) | AW78: Saklar 7 (RTU01-SK07) | BD78: 2 | BE78: Siapa terlibat | BF78: AN21 | BM78: 3 | BN78: Gas | CE78: 2 | CF78: Siapa terlibat | CN78: 3 | CO78: waktu aktifitas berjalan | CW78: 1 | CX78: Listrik | CY78: Saklar 15 (RMK01-SK15) | DF78: D. | DG78: Utilitas | DO78: 1 | DP78: Jenis Aktifitas
AC79: 1 | AD79: Listrik | AE79: Saklar 3 (RTM01-SK03) | AL79: 2 | AM79: Air | AU79: 2 | AV79: Air | BD79: 3 | BE79: waktu aktifitas berjalan | BF79: 540 | BI79: 120 | BJ79: =BI79/BF79 -> 0.22222222 | BM79: 1 | BN79: Jenis Aktifitas | BO79: Tidur | BP79: 0.1 | CE79: 3 | CF79: waktu aktifitas berjalan | CW79: 2 | CX79: Air | CY79: Galon 1 (RMK01-GL01) | DF79: 1 | DG79: Listrik | DH79: Saklar 16 (RDP01-SK16) | DO79: 2 | DP79: Siapa terlibat
AE80: Saklar 4 (RTM01-SK04) | AL80: 3 | AM80: Gas | AU80: 3 | AV80: Gas | BD80: 1 | BE80: Jenis Aktifitas | BF80: Tidur | BG80: 0.1 | BM80: 2 | BN80: Siapa terlibat | BO80: NE21 | CW80: 3 | CX80: Gas | DH80: Saklar 17 (RDP01-SK17) | DO80: 3 | DP80: waktu aktifitas berjalan
AC81: 2 | AD81: Air | AL81: E. | AM81: Aktifitas | AU81: E. | AV81: Aktifitas | BD81: 2 | BE81: Siapa terlibat | BF81: AN22 | BM81: 3 | BN81: waktu aktifitas berjalan | BO81: 120 | BR81: 120 | BS81: =BR81/BO81 -> 1 | CW81: E. | CX81: Aktifitas | DF81: 2 | DG81: Air
AC82: 3 | AD82: Gas | AL82: 1 | AM82: Jenis Aktifitas | AU82: 1 | AV82: Jenis Aktifitas | AW82: Tidur | AX82: 0.1 | BD82: 3 | BE82: waktu aktifitas berjalan | BF82: 720 | BI82: 300 | BJ82: =BI82/BF82 -> 0.41666667 | BM82: 1 | BN82: Jenis Aktifitas | BO82: Tidur | BP82: 0.1 | CW82: 1 | CX82: Jenis Aktifitas | DF82: 3 | DG82: Gas | DH82: Gas 1 (RDP01-GS01) | DK82: =DK86*0.0024 -> 0
AC83: E. | AD83: Aktifitas | AL83: 2 | AM83: Siapa terlibat | AU83: 2 | AV83: Siapa terlibat | AW83: AY21 | BM83: 2 | BN83: Siapa terlibat | BO83: NE21 | CW83: 2 | CX83: Siapa terlibat | DF83: E. | DG83: Aktifitas
AC84: 1 | AD84: Jenis Aktifitas | AL84: 3 | AM84: waktu aktifitas berjalan | AU84: 3 | AV84: waktu aktifitas berjalan | AW84: 300 | AZ84: 120 | BA84: =AZ84/AW84 -> 0.4 | BM84: 3 | BN84: waktu aktifitas berjalan | BO84: 360 | BR84: 60 | BS84: =BR84/BO84 -> 0.16666667 | CW84: 3 | CX84: waktu aktifitas berjalan | DF84: 1 | DG84: Jenis Aktifitas | DH84: Memasak di pagi hari
AC85: 2 | AD85: Siapa terlibat | AU85: 1 | AV85: Jenis Aktifitas | AW85: Tidur | AX85: 0.1 | DF85: 2 | DG85: Siapa terlibat | DH85: Nenek (NK21)
AC86: 3 | AD86: waktu aktifitas berjalan | AU86: 2 | AV86: Siapa terlibat | AW86: AY21 | DF86: 3 | DG86: waktu aktifitas berjalan | DH86: 0 | DK86: 0 | DL86: =DK86/DH86 -> #DIV/0!
AU87: 3 | AV87: waktu aktifitas berjalan | AW87: 180 | AZ87: 0 | BA87: =AZ87/AW87 -> 0 | DF87: 1 | DG87: Jenis Aktifitas | DH87: Memasak di pagi hari
AU88: 1 | AV88: Jenis Aktifitas | AW88: Tidur | AX88: 0.1 | DF88: 2 | DG88: Siapa terlibat | DH88: Nenek (NK21)
AU89: 2 | AV89: Siapa terlibat | AW89: IB21 | DF89: 3 | DG89: waktu aktifitas berjalan | DH89: 60 | DK89: 0 | DL89: =DK89/DH89 -> 0
AU90: 3 | AV90: waktu aktifitas berjalan | AW90: 360 | AZ90: 30 | BA90: =AZ90/AW90 -> 0.083333333 | DF90: 1 | DG90: Jenis Aktifitas | DH90: Memasak di pagi hari
DF91: 2 | DG91: Siapa terlibat | DH91: Nenek (NK21)
DF92: 3 | DG92: waktu aktifitas berjalan | DH92: 60 | DK92: 45 | DL92: =DK92/DH92 -> 0.75
DF93: 1 | DG93: Jenis Aktifitas | DH93: Memasak di pagi hari
DF94: 2 | DG94: Siapa terlibat | DH94: Nenek (NK21)
DF95: 3 | DG95: waktu aktifitas berjalan | DH95: 60 | DK95: 45 | DL95: =DK95/DH95 -> 0.75
