Workbook

Sheet Rekap AO-ALL
C1: IC | I1: LOAD DATA TANGGAL DAN WAKTU
C2: FORMULA | I2: HASIL SIMULASI: jika objek digunakan (ON), tidak digunakan (OFF)
I3: DATA PERMANEN
B4: REKAPITULASI DATA MESIN
B5: NO. | C5: NAMA RUANG | D5: KODE RUANG | E5: NAMA OBYEK | F5: KODE OBYEK | G5: TANGGAL | H5: WAKTU | I5: STATUS ON/ OFF | J5: TOTAL | L5: NO. | M5: NAMA RUANG | N5: KODE RUANG | O5: NAMA OBYEK | P5: KODE OBYEK | Q5: TANGGAL | R5: WAKTU | S5: STATUS ON/ OFF | T5: TOTAL
B6: 1 | C6: Ruang Keluarga 1 | D6: RKG01 | E6: TV | F6: RKG01-TV01 | G6: 20/10/2020 | H6: 0.041666667 | L6: 1 | M6: Ruang Keluarga 1 | N6: RKG01 | O6: Kipas Angin | P6: RKG01-KP01 | Q6: 20/10/2020 | R6: 0.041666667
H7: 0.083333333 | R7: 0.083333333
H8: 0.125 | R8: 0.125
H9: 0.16666667 | R9: 0.16666667
H10: 0.20833333 | R10: 0.20833333
H11: 0.25 | R11: 0.25
H12: 0.29166667 | R12: 0.29166667
H13: 0.33333333 | R13: 0.33333333
H14: 0.375 | R14: 0.375
H15: 0.41666667 | R15: 0.41666667
H16: 0.45833333 | R16: 0.45833333
H17: 0.5 | R17: 0.5
H18: 0.54166667 | R18: 0.54166667
... H29: 1 | R29: 1

Sheet Rekap AO-LIGHT
C1: IC | I1: LOAD DATA TANGGAL DAN WAKTU
C2: FORMULA | I2: HASIL SIMULASI: jika objek digunakan (ON), tidak digunakan (OFF)
I3: DATA PERMANEN
B4: REKAPITULASI DATA LAMPU
B5: NO. | C5: NAMA RUANG | D5: KODE RUANG | E5: NAMA OBYEK | F5: KODE OBYEK | G5: TANGGAL | H5: WAKTU | I5: STATUS ON/ OFF | J5: TOTAL | L5: NO. | M5: NAMA RUANG | N5: KODE RUANG | O5: NAMA OBYEK | P5: KODE OBYEK | Q5: TANGGAL | R5: WAKTU | S5: STATUS ON/ OFF | T5: TOTAL
B6: 1 | C6: Ruang Keluarga 1 | D6: RKG01 | E6: LAMPU 01 | F6: RKG01-LA01 | G6: 20/10/2020 | H6: 0.041666667 | L6: 1 | M6: Ruang Keluarga 1 | N6: RKG01 | O6: LAMPU 02 | P6: RKG01-LA02 | Q6: 20/10/2020 | R6: 0.041666667
H7: 0.083333333 | R7: 0.083333333
H8: 0.125 | R8: 0.125
H9: 0.16666667 | R9: 0.16666667
H10: 0.20833333 | R10: 0.20833333
H11: 0.25 | R11: 0.25
H12: 0.29166667 | R12: 0.29166667
H13: 0.33333333 | R13: 0.33333333
H14: 0.375 | R14: 0.375
H15: 0.41666667 | R15: 0.41666667
H16: 0.45833333 | R16: 0.45833333
H17: 0.5 | R17: 0.5
H18: 0.54166667 | R18: 0.54166667
... H29: 1 | R29: 1

Sheet Rekap PA-KR-KP
C1: IC | F1: LOAD DATA TANGGAL DAN WAKTU
C2: FORMULA | F2: HASIL SIMULASI: jika objek digunakan (ON), tidak digunakan (OFF) ATAU informasi data dari Tandon/Bak)
F3: DATA PERMANEN
B4: REKAPITULASI DATA POMPA AIR (OTOMATIS)* | M4: REKAPITULASI DATA POMPA AIR (SAKLAR/JADWAL) | W4: REKAPITULASI DATA KRAN AIR | AF4: REKAPITULASI DATA KRAN AIR | AO4: REKAPITULASI DATA KRAN AIR | AU4: hanya untuk simulasi manual, menghitung vol air keluar selama aktivitas keran dibuka | AY4: REKAPITULASI DATA KOMPOR GAS
B5: NO. | C5: NAMA OBYEK | D5: KODE OBYEK | E5: TANGGAL | F5: WAKTU | G5: STATUS TANDON | H5: STATUS ON/ OFF | I5: LAJU L/MENIT | J5: TOTAL VOL. SUPPLY (L) | K5: TOTAL WAKTU SUPPLY (MENIT) | M5: NO. | N5: NAMA OBYEK | O5: KODE OBYEK | P5: TANGGAL | Q5: WAKTU | R5: STATUS ON/ OFF | S5: LAJU L/MENIT | T5: CURRENT VOL. (L) | U5: TOTAL VOL. (L) | W5: NO. | X5: NAMA OBYEK | Y5: KODE OBYEK | Z5: TANGGAL | AA5: WAKTU | AB5: STATUS ON/ OFF | AC5: LAJU L/JAM | AD5: TOTAL VOL. KELUAR (L) | AF5: NO. | AG5: NAMA OBYEK | AH5: KODE OBYEK | AI5: TANGGAL | AJ5: WAKTU | AK5: STATUS ON/ OFF | AL5: LAJU L/JAM | AM5: TOTAL VOL. KELUAR (L) | AO5: NO. | AP5: NAMA OBYEK | AQ5: KODE OBYEK | AR5: TANGGAL | AS5: WAKTU | AT5: STATUS ON/ OFF | AU5: WAKTU AKTIVITAS | AV5: LAJU L/MENIT | AW5: TOTAL VOL. KELUAR (L) | AY5: NO. | AZ5: NAMA OBYEK | BA5: KODE OBYEK | BB5: TANGGAL | BC5: WAKTU | BD5: STATUS ON/ OFF | BE5: CURRENT VOL. (Kg) | BF5: TOTAL VOL. KELUAR (Kg)
B6: 1 | C6: POMPA AIR 01 | D6: RGS01-WP01 | E6: 20/10/2020 | F6: 0.041666667 | G6: ='Rekap TD-BAK-GS'!G6 -> NORMAL | H6: =IF(G6="PENUH","OFF","ON") -> ON | I6: =IF(H6="ON",4500,0) -> 4500 | J6: 75 | K6: masuk ke data pompa | M6: 1 | N6: POMPA AIR 01 | O6: RGS01-WP01 | P6: 20/10/2020 | Q6: 0.041666667 | R6: OFF | S6: 30 | T6: ='Rekap TD-BAK-GS'!H6 -> 12000 | U6: 900 | W6: 1 | X6: KRAN 01 | Y6: RDP01-WT01 | Z6: 20/10/2020 | AA6: 0.041666667 | AB6: OFF | AC6: =IF(AB6="ON",277.2,0) -> 0 | AD6: 277.2 | AF6: 1 | AG6: KRAN 02 | AH6: RCC01-WT02 | AI6: 20/10/2020 | AJ6: 0.041666667 | AK6: OFF | AL6: =IF(AK6="ON",194.4,0) -> 0 | AM6: 194.4 | AO6: 1 | AP6: KRAN 03 | AQ6: RKM01-WT03 | AR6: 20/10/2020 | AS6: 0.041666667 | AT6: OFF | AU6: 0 | AV6: =IF(AT6="ON",5.43*AU6,0) -> 0 | AW6: 325.8 | AY6: 1 | AZ6: KOMPOR 01 | BA6: RDP01-ST01 | BB6: 20/10/2020 | BC6: 0.041666667
F7: 0.083333333 | G7: ='Rekap TD-BAK-GS'!G7 -> PENUH | H7: =IF(G7="PENUH","OFF","ON") -> OFF | I7: =IF(H7="ON",4500,0) -> 0 | J7: =J6+I7 -> 75 | Q7: 0.083333333 | R7: OFF | S7: 30 | T7: ='Rekap TD-BAK-GS'!H7 -> 15702.6 | U7: =IF(R6="ON",U6+S6,U6) -> 900 | AA7: 0.083333333 | AB7: OFF | AC7: =IF(AB7="ON",277.2,0) -> 0 | AD7: =AC7+AD6 -> 277.2 | AJ7: 0.083333333 | AK7: OFF | AL7: =IF(AK7="ON",194.4,0) -> 0 | AM7: =AL7+AM6 -> 194.4 | AS7: 0.083333333 | AT7: OFF | AU7: 0 | AV7: =IF(AT7="ON",5.43*AU7,0) -> 0 | AW7: =AV7+AW6 -> 325.8 | BC7: 0.083333333
F8: 0.125 | G8: ='Rekap TD-BAK-GS'!G8 -> PENUH | H8: =IF(G8="PENUH","OFF","ON") -> OFF | I8: =IF(H8="ON",4500,0) -> 0 | J8: =J7+I8 -> 75 | Q8: 0.125 | R8: OFF | S8: 30 | T8: ='Rekap TD-BAK-GS'!H8 -> 14905.2 | U8: =IF(R7="ON",U7+S7,U7) -> 900 | AA8: 0.125 | AB8: OFF | AC8: =IF(AB8="ON",277.2,0) -> 0 | AD8: =AC8+AD7 -> 277.2 | AJ8: 0.125 | AK8: OFF | AL8: =IF(AK8="ON",194.4,0) -> 0 | AM8: =AL8+AM7 -> 194.4 | AS8: 0.125 | AT8: OFF | AU8: 0 | AV8: =IF(AT8="ON",5.43*AU8,0) -> 0 | AW8: =AV8+AW7 -> 325.8 | BC8: 0.125
F9: 0.16666667 | G9: ='Rekap TD-BAK-GS'!G9 -> PENUH | H9: =IF(G9="PENUH","OFF","ON") -> OFF | I9: =IF(H9="ON",4500,0) -> 0 | J9: =J8+I9 -> 75 | Q9: 0.16666667 | R9: OFF | S9: 30 | T9: ='Rekap TD-BAK-GS'!H9 -> 14107.8 | U9: =IF(R8="ON",U8+S8,U8) -> 900 | AA9: 0.16666667 | AB9: OFF | AC9: =IF(AB9="ON",277.2,0) -> 0 | AD9: =AC9+AD8 -> 277.2 | AJ9: 0.16666667 | AK9: OFF | AL9: =IF(AK9="ON",194.4,0) -> 0 | AM9: =AL9+AM8 -> 194.4 | AS9: 0.16666667 | AT9: OFF | AU9: 0 | AV9: =IF(AT9="ON",5.43*AU9,0) -> 0 | AW9: =AV9+AW8 -> 325.8 | BC9: 0.16666667
F10: 0.20833333 | G10: ='Rekap TD-BAK-GS'!G10 -> PENUH | H10: =IF(G10="PENUH","OFF","ON") -> OFF | I10: =IF(H10="ON",4500,0) -> 0 | J10: =J9+I10 -> 75 | Q10: 0.20833333 | R10: OFF | S10: 30 | T10: ='Rekap TD-BAK-GS'!H10 -> 13310.4 | U10: =IF(R9="ON",U9+S9,U9) -> 900 | AA10: 0.20833333 | AB10: OFF | AC10: =IF(AB10="ON",277.2,0) -> 0 | AD10: =AC10+AD9 -> 277.2 | AJ10: 0.20833333 | AK10: OFF | AL10: =IF(AK10="ON",194.4,0) -> 0 | AM10: =AL10+AM9 -> 194.4 | AS10: 0.20833333 | AT10: OFF | AU10: 0 | AV10: =IF(AT10="ON",5.43*AU10,0) -> 0 | AW10: =AV10+AW9 -> 325.8 | BC10: 0.20833333
F11: 0.25 | G11: ='Rekap TD-BAK-GS'!G11 -> PENUH | H11: =IF(G11="PENUH","OFF","ON") -> OFF | I11: =IF(H11="ON",4500,0) -> 0 | J11: =J10+I11 -> 75 | Q11: 0.25 | R11: ON | S11: 30 | T11: ='Rekap TD-BAK-GS'!H11 -> 12513 | U11: =IF(R10="ON",U10+S10,U10) -> 900 | AA11: 0.25 | AB11: ON | AC11: =IF(AB11="ON",277.2,0) -> 277.2 | AD11: =AC11+AD10 -> 554.4 | AJ11: 0.25 | AK11: OFF | AL11: =IF(AK11="ON",194.4,0) -> 0 | AM11: =AL11+AM10 -> 194.4 | AS11: 0.25 | AT11: ON | AU11: 20 | AV11: =IF(AT11="ON",5.43*AU11,0) -> 108.6 | AW11: =AV11+AW10 -> 434.4 | BC11: 0.25
F12: 0.29166667 | G12: ='Rekap TD-BAK-GS'!G12 -> NORMAL | H12: =IF(G12="PENUH","OFF","ON") -> ON | I12: =IF(H12="ON",4500,0) -> 4500 | J12: =J11+I12 -> 4575 | Q12: 0.29166667 | R12: ON | S12: 30 | T12: ='Rekap TD-BAK-GS'!H12 -> 11329.8 | U12: =IF(R11="ON",U11+S11,U11) -> 930 | AA12: 0.29166667 | AB12: OFF | AC12: =IF(AB12="ON",277.2,0) -> 0 | AD12: =AC12+AD11 -> 554.4 | AJ12: 0.29166667 | AK12: OFF | AL12: =IF(AK12="ON",194.4,0) -> 0 | AM12: =AL12+AM11 -> 194.4 | AS12: 0.29166667 | AT12: OFF | AU12: 0 | AV12: =IF(AT12="ON",5.43*AU12,0) -> 0 | AW12: =AV12+AW11 -> 434.4 | BC12: 0.29166667
F13: 0.33333333 | G13: ='Rekap TD-BAK-GS'!G13 -> PENUH | H13: =IF(G13="PENUH","OFF","ON") -> OFF | I13: =IF(H13="ON",4500,0) -> 0 | J13: =J12+I13 -> 4575 | Q13: 0.33333333 | R13: ON | S13: 30 | T13: ='Rekap TD-BAK-GS'!H13 -> 14646.6 | U13: =IF(R12="ON",U12+S12,U12) -> 960 | AA13: 0.33333333 | AB13: ON | AC13: =IF(AB13="ON",277.2,0) -> 277.2 | AD13: =AC13+AD12 -> 831.6 | AJ13: 0.33333333 | AK13: ON | AL13: =IF(AK13="ON",194.4,0) -> 194.4 | AM13: =AL13+AM12 -> 388.8 | AS13: 0.33333333 | AT13: OFF | AU13: 0 | AV13: =IF(AT13="ON",5.43*AU13,0) -> 0 | AW13: =AV13+AW12 -> 434.4 | BC13: 0.33333333
F14: 0.375 | G14: ='Rekap TD-BAK-GS'!G14 -> PENUH | H14: =IF(G14="PENUH","OFF","ON") -> OFF | I14: =IF(H14="ON",4500,0) -> 0 | J14: =J13+I14 -> 4575 | Q14: 0.375 | R14: OFF | S14: 30 | T14: ='Rekap TD-BAK-GS'!H14 -> 12991.8 | U14: =IF(R13="ON",U13+S13,U13) -> 990 | AA14: 0.375 | AB14: OFF | AC14: =IF(AB14="ON",277.2,0) -> 0 | AD14: =AC14+AD13 -> 831.6 | AJ14: 0.375 | AK14: OFF | AL14: =IF(AK14="ON",194.4,0) -> 0 | AM14: =AL14+AM13 -> 388.8 | AS14: 0.375 | AT14: OFF | AU14: 0 | AV14: =IF(AT14="ON",5.43*AU14,0) -> 0 | AW14: =AV14+AW13 -> 434.4 | BC14: 0.375
F15: 0.41666667 | G15: ='Rekap TD-BAK-GS'!G15 -> NORMAL | H15: =IF(G15="PENUH","OFF","ON") -> ON | I15: =IF(H15="ON",4500,0) -> 4500 | J15: =J14+I15 -> 9075 | Q15: 0.41666667 | R15: OFF | S15: 30 | T15: ='Rekap TD-BAK-GS'!H15 -> 11337 | U15: =IF(R14="ON",U14+S14,U14) -> 990 | AA15: 0.41666667 | AB15: OFF | AC15: =IF(AB15="ON",277.2,0) -> 0 | AD15: =AC15+AD14 -> 831.6 | AJ15: 0.41666667 | AK15: OFF | AL15: =IF(AK15="ON",194.4,0) -> 0 | AM15: =AL15+AM14 -> 388.8 | AS15: 0.41666667 | AT15: OFF | AU15: 0 | AV15: =IF(AT15="ON",5.43*AU15,0) -> 0 | AW15: =AV15+AW14 -> 434.4 | BC15: 0.41666667
F16: 0.45833333 | G16: ='Rekap TD-BAK-GS'!G16 -> PENUH | H16: =IF(G16="PENUH","OFF","ON") -> OFF | I16: =IF(H16="ON",4500,0) -> 0 | J16: =J15+I16 -> 9075 | Q16: 0.45833333 | R16: OFF | S16: 30 | T16: ='Rekap TD-BAK-GS'!H16 -> 14182.2 | U16: =IF(R15="ON",U15+S15,U15) -> 990 | AA16: 0.45833333 | AB16: OFF | AC16: =IF(AB16="ON",277.2,0) -> 0 | AD16: =AC16+AD15 -> 831.6 | AJ16: 0.45833333 | AK16: OFF | AL16: =IF(AK16="ON",194.4,0) -> 0 | AM16: =AL16+AM15 -> 388.8 | AS16: 0.45833333 | AT16: ON | AU16: 15 | AV16: =IF(AT16="ON",5.43*AU16,0) -> 81.45 | AW16: =AV16+AW15 -> 515.85 | BC16: 0.45833333
F17: 0.5 | G17: ='Rekap TD-BAK-GS'!G17 -> PENUH | H17: =IF(G17="PENUH","OFF","ON") -> OFF | I17: =IF(H17="ON",4500,0) -> 0 | J17: =J16+I17 -> 9075 | Q17: 0.5 | R17: OFF | S17: 30 | T17: ='Rekap TD-BAK-GS'!H17 -> 12445.95 | U17: =IF(R16="ON",U16+S16,U16) -> 990 | AA17: 0.5 | AB17: OFF | AC17: =IF(AB17="ON",277.2,0) -> 0 | AD17: =AC17+AD16 -> 831.6 | AJ17: 0.5 | AK17: OFF | AL17: =IF(AK17="ON",194.4,0) -> 0 | AM17: =AL17+AM16 -> 388.8 | AS17: 0.5 | AT17: OFF | AU17: 0 | AV17: =IF(AT17="ON",5.43*AU17,0) -> 0 | AW17: =AV17+AW16 -> 515.85 | BC17: 0.5
F18: 0.54166667 | G18: ='Rekap TD-BAK-GS'!G18 -> NORMAL | H18: =IF(G18="PENUH","OFF","ON") -> ON | I18: =IF(H18="ON",4500,0) -> 4500 | J18: =J17+I18 -> 13575 | Q18: 0.54166667 | R18: OFF | S18: 30 | T18: ='Rekap TD-BAK-GS'!H18 -> 10709.7 | U18: =IF(R17="ON",U17+S17,U17) -> 990 | AA18: 0.54166667 | AB18: OFF | AC18: =IF(AB18="ON",277.2,0) -> 0 | AD18: =AC18+AD17 -> 831.6 | AJ18: 0.54166667 | AK18: OFF | AL18: =IF(AK18="ON",194.4,0) -> 0 | AM18: =AL18+AM17 -> 388.8 | AS18: 0.54166667 | AT18: OFF | AU18: 0 | AV18: =IF(AT18="ON",5.43*AU18,0) -> 0 | AW18: =AV18+AW17 -> 515.85 | BC18: 0.54166667
... F29: 1 | G29: ='Rekap TD-BAK-GS'!G29 -> NORMAL | H29: =IF(G29="PENUH","OFF","ON") -> ON | I29: =IF(H29="ON",4500,0) -> 4500 | J29: =J28+I29 -> 40575 | Q29: 1 | R29: OFF | S29: 30 | T29: ='Rekap TD-BAK-GS'!H29 -> 11146.05 | U29: =IF(R28="ON",U28+S28,U28) -> 1020 | AA29: 1 | AB29: OFF | AC29: =IF(AB29="ON",277.2,0) -> 0 | AD29: =AC29+AD28 -> 1663.2 | AJ29: 1 | AK29: OFF | AL29: =IF(AK29="ON",194.4,0) -> 0 | AM29: =AL29+AM28 -> 583.2 | AS29: 1 | AT29: OFF | AU29: 0 | AV29: =IF(AT29="ON",5.43*AU29,0) -> 0 | AW29: =AV29+AW28 -> 705.9 | BC29: 1
C30: *Untuk Rumah 03, tidak dipakai dalam perhitungan Data Linkungan 19 Juli (Rumah 02) | T30: info dari tandon atau bak | AK30: jika aktivitas mencuci baju terpilih, status ON

Sheet Rekap TD-BAK-GS
C1: IC | F1: LOAD DATA TANGGAL DAN WAKTU
C2: FORMULA | F2: HASIL SIMULASI: jika objek digunakan (ON), tidak digunakan (OFF)
F3: DATA PERMANEN
B4: REKAPITULASI DATA TANDON AIR | G4: stastus vol: Penuh, Normal, Kosong | I4: tergantung status vol normal = 0, vol. kosong = laju pompa 75 L/m, vol. penuh = 0 | J4: tergantung kran yang dibuka | M4: REKAPITULASI DATA BAK | T4: TERPAKAI/AKTIVITAS | U4: INPUT DARI KRAN | V4: IF ada aktivitas mandi dan buka kran, keduanya tinggal dijumlahkan, jika hanya aktivitas mandi tanpa menyalakan kran, berarti hanya vol keluar | X4: REKAPITULASI DATA GAS A | AE4: TERPAKAI/1 x masak 30 menit= 0.143 kg | AF4: IF kosong + gas baru; jika tidak ada cadangan, waktu aktivitas mundur 30 menit beli gas, jika ada cadangan waktu mundur 5 menit ganti gas | AI4: REKAPITULASI DATA GALON AIR MINUM
B5: NO. | C5: NAMA OBYEK | D5: KODE OBYEK | E5: TANGGAL | F5: WAKTU | G5: STATUS VOL. | H5: CURRENT VOL. (L) | I5: TOTAL VOL. MASUK (L) | J5: TOTAL VOL. KELUAR (L) | K5: TOTAL VOL. MENIT BERIKUTNYA (L) | M5: NO. | N5: NAMA OBYEK | O5: KODE OBYEK | P5: TANGGAL | Q5: WAKTU | R5: STATUS VOL. | S5: CURRENT VOL. (L) | T5: TOTAL VOL. KELUAR (L/JAM) | U5: TOTAL VOL. MASUK (L/JAM) | V5: TOTAL VOL. BAK MENIT BERIKUTNYA (L) | X5: NO. | Y5: NAMA OBYEK | Z5: KODE OBYEK | AA5: TANGGAL | AB5: WAKTU | AC5: STATUS VOL. | AD5: CURRENT VOL. (Kg) | AE5: VOL. KELUAR (Kg)* | AF5: VOL. MASUK (Kg) | AG5: TOTAL VOL. KELUAR (Kg) | AI5: NO. | AJ5: NAMA OBYEK | AK5: KODE OBYEK | AL5: TANGGAL | AM5: WAKTU | AN5: STATUS VOL. | AO5: CURRENT VOL. (L) | AP5: VOL. KELUAR (L)* | AQ5: VOL. MASUK (L) | AR5: TOTAL VOL. KELUAR (L)
B6: 1 | C6: TANDON AIR 01 | D6: TD01 | E6: 20/10/2020 | F6: 0.041666667 | G6: =IF(H6<200,"KOSONG",IF(H6>12000,"PENUH",IF(H6>=6000,"NORMAL","KOSONG"))) -> NORMAL | H6: 12000 | I6: ='Rekap PA-KR-KP'!I6 -> 4500 | J6: ='Rekap PA-KR-KP'!AD6+'Rekap PA-KR-KP'!AM6+'Rekap PA-KR-KP'!AW6 -> 797.4 | K6: =H6+I6-J6 -> 15702.6 | M6: 1 | N6: BAK 01 | O6: RKM01-BK01 | P6: 20/10/2020 | Q6: 0.041666667 | R6: =IF(S6<20,"KOSONG",IF(S6>288,"PENUH",IF(S6>=144,"NORMAL",IF(S6<20,"KOSONG","NORMAL")))) -> NORMAL | S6: 288 | T6: 0 | U6: ='Rekap PA-KR-KP'!AV6 -> 0 | V6: =S6-T6+U6 -> 288 | X6: 1 | Y6: GAS 01 | Z6: RDP01-GS01 | AA6: 20/10/2020 | AB6: 0.041666667 | AC6: =IF(AD6<0.5,"KURANG",IF(AD6>1.5,"NORMAL",IF(AD6=3,"NORMAL","KURANG"))) -> NORMAL | AD6: 2.4 | AE6: 0 | AF6: ='Rekap PA-KR-KP'!BH6 -> 0 | AG6: 0 | AI6: 1 | AJ6: GALON 01 | AK6: RDP01-GL01 | AL6: 20/10/2020 | AM6: 0.041666667 | AN6: =IF(AO6<2000,"KURANG",IF(AO6>8500,"NORMAL",IF(AO6=19000,"NORMAL","KURANG"))) -> NORMAL | AO6: 12000 | AP6: 0 | AQ6: ='Rekap PA-KR-KP'!BT6 -> 0 | AR6: 0
F7: 0.083333333 | G7: =IF(H7<200,"KOSONG",IF(H7>12000,"PENUH",IF(H7>=6000,"NORMAL","KOSONG"))) -> PENUH | H7: =K6 -> 15702.6 | I7: ='Rekap PA-KR-KP'!I7 -> 0 | J7: ='Rekap PA-KR-KP'!AD7+'Rekap PA-KR-KP'!AM7+'Rekap PA-KR-KP'!AW7 -> 797.4 | K7: =H7+I7-J7 -> 14905.2 | Q7: 0.083333333 | R7: =IF(S7<20,"KOSONG",IF(S7>288,"PENUH",IF(S7>=144,"NORMAL",IF(S7<20,"KOSONG","NORMAL")))) -> NORMAL | S7: =V6 -> 288 | T7: 0 | U7: ='Rekap PA-KR-KP'!AV7 -> 0 | V7: =S7-T7+U7 -> 288 | AB7: 0.083333333 | AC7: =IF(AD7<0.5,"KURANG",IF(AD7>1.5,"NORMAL",IF(AD7=3,"NORMAL","KURANG"))) -> NORMAL | AD7: =AD6-AE6+AF6 -> 2.4 | AE7: 0 | AF7: ='Rekap PA-KR-KP'!BH7 -> 0 | AG7: =AE6+AG6 -> 0 | AM7: 0.083333333 | AN7: =IF(AO7<2000,"KURANG",IF(AO7>8500,"NORMAL",IF(AO7=19000,"NORMAL","KURANG"))) -> NORMAL | AO7: =AO6-AP6+AQ6 -> 12000 | AP7: 0 | AQ7: ='Rekap PA-KR-KP'!BT7 -> 0 | AR7: =AP6+AR6 -> 0
F8: 0.125 | G8: =IF(H8<200,"KOSONG",IF(H8>12000,"PENUH",IF(H8>=6000,"NORMAL","KOSONG"))) -> PENUH | H8: =K7 -> 14905.2 | I8: ='Rekap PA-KR-KP'!I8 -> 0 | J8: ='Rekap PA-KR-KP'!AD8+'Rekap PA-KR-KP'!AM8+'Rekap PA-KR-KP'!AW8 -> 797.4 | K8: =H8+I8-J8 -> 14107.8 | Q8: 0.125 | R8: =IF(S8<20,"KOSONG",IF(S8>288,"PENUH",IF(S8>=144,"NORMAL",IF(S8<20,"KOSONG","NORMAL")))) -> NORMAL | S8: =V7 -> 288 | T8: 6 | U8: ='Rekap PA-KR-KP'!AV8 -> 0 | V8: =S8-T8+U8 -> 282 | AB8: 0.125 | AC8: =IF(AD8<0.5,"KURANG",IF(AD8>1.5,"NORMAL",IF(AD8=3,"NORMAL","KURANG"))) -> NORMAL | AD8: =AD7-AE7+AF7 -> 2.4 | AE8: 0 | AF8: ='Rekap PA-KR-KP'!BH8 -> 0 | AG8: =AE7+AG7 -> 0 | AM8: 0.125 | AN8: =IF(AO8<2000,"KURANG",IF(AO8>8500,"NORMAL",IF(AO8=19000,"NORMAL","KURANG"))) -> NORMAL | AO8: =AO7-AP7+AQ7 -> 12000 | AP8: 0 | AQ8: ='Rekap PA-KR-KP'!BT8 -> 0 | AR8: =AP7+AR7 -> 0
F9: 0.16666667 | G9: =IF(H9<200,"KOSONG",IF(H9>12000,"PENUH",IF(H9>=6000,"NORMAL","KOSONG"))) -> PENUH | H9: =K8 -> 14107.8 | I9: ='Rekap PA-KR-KP'!I9 -> 0 | J9: ='Rekap PA-KR-KP'!AD9+'Rekap PA-KR-KP'!AM9+'Rekap PA-KR-KP'!AW9 -> 797.4 | K9: =H9+I9-J9 -> 13310.4 | Q9: 0.16666667 | R9: =IF(S9<20,"KOSONG",IF(S9>288,"PENUH",IF(S9>=144,"NORMAL",IF(S9<20,"KOSONG","NORMAL")))) -> NORMAL | S9: =V8 -> 282 | T9: 0 | U9: ='Rekap PA-KR-KP'!AV9 -> 0 | V9: =S9-T9+U9 -> 282 | AB9: 0.16666667 | AC9: =IF(AD9<0.5,"KURANG",IF(AD9>1.5,"NORMAL",IF(AD9=3,"NORMAL","KURANG"))) -> NORMAL | AD9: =AD8-AE8+AF8 -> 2.4 | AE9: 0 | AF9: ='Rekap PA-KR-KP'!BH9 -> 0 | AG9: =AE8+AG8 -> 0 | AM9: 0.16666667 | AN9: =IF(AO9<2000,"KURANG",IF(AO9>8500,"NORMAL",IF(AO9=19000,"NORMAL","KURANG"))) -> NORMAL | AO9: =AO8-AP8+AQ8 -> 12000 | AP9: 0 | AQ9: ='Rekap PA-KR-KP'!BT9 -> 0 | AR9: =AP8+AR8 -> 0
F10: 0.20833333 | G10: =IF(H10<200,"KOSONG",IF(H10>12000,"PENUH",IF(H10>=6000,"NORMAL","KOSONG"))) -> PENUH | H10: =K9 -> 13310.4 | I10: ='Rekap PA-KR-KP'!I10 -> 0 | J10: ='Rekap PA-KR-KP'!AD10+'Rekap PA-KR-KP'!AM10+'Rekap PA-KR-KP'!AW10 -> 797.4 | K10: =H10+I10-J10 -> 12513 | Q10: 0.20833333 | R10: =IF(S10<20,"KOSONG",IF(S10>288,"PENUH",IF(S10>=144,"NORMAL",IF(S10<20,"KOSONG","NORMAL")))) -> NORMAL | S10: =V9 -> 282 | T10: 12 | U10: ='Rekap PA-KR-KP'!AV10 -> 0 | V10: =S10-T10+U10 -> 270 | AB10: 0.20833333 | AC10: =IF(AD10<0.5,"KURANG",IF(AD10>1.5,"NORMAL",IF(AD10=3,"NORMAL","KURANG"))) -> NORMAL | AD10: =AD9-AE9+AF9 -> 2.4 | AE10: 0 | AF10: ='Rekap PA-KR-KP'!BH10 -> 0 | AG10: =AE9+AG9 -> 0 | AM10: 0.20833333 | AN10: =IF(AO10<2000,"KURANG",IF(AO10>8500,"NORMAL",IF(AO10=19000,"NORMAL","KURANG"))) -> NORMAL | AO10: =AO9-AP9+AQ9 -> 12000 | AP10: 0 | AQ10: ='Rekap PA-KR-KP'!BT10 -> 0 | AR10: =AP9+AR9 -> 0
F11: 0.25 | G11: =IF(H11<200,"KOSONG",IF(H11>12000,"PENUH",IF(H11>=6000,"NORMAL","KOSONG"))) -> PENUH | H11: =K10 -> 12513 | I11: ='Rekap PA-KR-KP'!I11 -> 0 | J11: ='Rekap PA-KR-KP'!AD11+'Rekap PA-KR-KP'!AM11+'Rekap PA-KR-KP'!AW11 -> 1183.2 | K11: =H11+I11-J11 -> 11329.8 | Q11: 0.25 | R11: =IF(S11<20,"KOSONG",IF(S11>288,"PENUH",IF(S11>=144,"NORMAL",IF(S11<20,"KOSONG","NORMAL")))) -> NORMAL | S11: =V10 -> 270 | T11: 90 | U11: ='Rekap PA-KR-KP'!AV11 -> 108.6 | V11: =S11-T11+U11 -> 288.6 | AB11: 0.25 | AC11: =IF(AD11<0.5,"KURANG",IF(AD11>1.5,"NORMAL",IF(AD11=3,"NORMAL","KURANG"))) -> NORMAL | AD11: =AD10-AE10+AF10 -> 2.4 | AE11: 0.143 | AF11: ='Rekap PA-KR-KP'!BH11 -> 0 | AG11: =AE10+AG10 -> 0 | AM11: 0.25 | AN11: =IF(AO11<2000,"KURANG",IF(AO11>8500,"NORMAL",IF(AO11=19000,"NORMAL","KURANG"))) -> NORMAL | AO11: =AO10-AP10+AQ10 -> 12000 | AP11: 0 | AQ11: ='Rekap PA-KR-KP'!BT11 -> 0 | AR11: =AP10+AR10 -> 0
F12: 0.29166667 | G12: =IF(H12<200,"KOSONG",IF(H12>12000,"PENUH",IF(H12>=6000,"NORMAL","KOSONG"))) -> NORMAL | H12: =K11 -> 11329.8 | I12: ='Rekap PA-KR-KP'!I12 -> 4500 | J12: ='Rekap PA-KR-KP'!AD12+'Rekap PA-KR-KP'!AM12+'Rekap PA-KR-KP'!AW12 -> 1183.2 | K12: =H12+I12-J12 -> 14646.6 | Q12: 0.29166667 | R12: =IF(S12<20,"KOSONG",IF(S12>288,"PENUH",IF(S12>=144,"NORMAL",IF(S12<20,"KOSONG","NORMAL")))) -> PENUH | S12: =V11 -> 288.6 | T12: 90 | U12: ='Rekap PA-KR-KP'!AV12 -> 0 | V12: =S12-T12+U12 -> 198.6 | AB12: 0.29166667 | AC12: =IF(AD12<0.5,"KURANG",IF(AD12>1.5,"NORMAL",IF(AD12=3,"NORMAL","KURANG"))) -> NORMAL | AD12: =AD11-AE11+AF11 -> 2.257 | AE12: 0 | AF12: ='Rekap PA-KR-KP'!BH12 -> 0 | AG12: =AE11+AG11 -> 0.143 | AM12: 0.29166667 | AN12: =IF(AO12<2000,"KURANG",IF(AO12>8500,"NORMAL",IF(AO12=19000,"NORMAL","KURANG"))) -> NORMAL | AO12: =AO11-AP11+AQ11 -> 12000 | AP12: 600 | AQ12: ='Rekap PA-KR-KP'!BT12 -> 0 | AR12: =AP11+AR11 -> 0
F13: 0.33333333 | G13: =IF(H13<200,"KOSONG",IF(H13>12000,"PENUH",IF(H13>=6000,"NORMAL","KOSONG"))) -> PENUH | H13: =K12 -> 14646.6 | I13: ='Rekap PA-KR-KP'!I13 -> 0 | J13: ='Rekap PA-KR-KP'!AD13+'Rekap PA-KR-KP'!AM13+'Rekap PA-KR-KP'!AW13 -> 1654.8 | K13: =H13+I13-J13 -> 12991.8 | Q13: 0.33333333 | R13: =IF(S13<20,"KOSONG",IF(S13>288,"PENUH",IF(S13>=144,"NORMAL",IF(S13<20,"KOSONG","NORMAL")))) -> NORMAL | S13: =V12 -> 198.6 | T13: 90 | U13: ='Rekap PA-KR-KP'!AV13 -> 0 | V13: =S13-T13+U13 -> 108.6 | AB13: 0.33333333 | AC13: =IF(AD13<0.5,"KURANG",IF(AD13>1.5,"NORMAL",IF(AD13=3,"NORMAL","KURANG"))) -> NORMAL | AD13: =AD12-AE12+AF12 -> 2.257 | AE13: 0 | AF13: ='Rekap PA-KR-KP'!BH13 -> 0 | AG13: =AE12+AG12 -> 0.143 | AM13: 0.33333333 | AN13: =IF(AO13<2000,"KURANG",IF(AO13>8500,"NORMAL",IF(AO13=19000,"NORMAL","KURANG"))) -> NORMAL | AO13: =AO12-AP12+AQ12 -> 11400 | AP13: 600 | AQ13: ='Rekap PA-KR-KP'!BT13 -> 0 | AR13: =AP12+AR12 -> 600
F14: 0.375 | G14: =IF(H14<200,"KOSONG",IF(H14>12000,"PENUH",IF(H14>=6000,"NORMAL","KOSONG"))) -> PENUH | H14: =K13 -> 12991.8 | I14: ='Rekap PA-KR-KP'!I14 -> 0 | J14: ='Rekap PA-KR-KP'!AD14+'Rekap PA-KR-KP'!AM14+'Rekap PA-KR-KP'!AW14 -> 1654.8 | K14: =H14+I14-J14 -> 11337 | Q14: 0.375 | R14: =IF(S14<20,"KOSONG",IF(S14>288,"PENUH",IF(S14>=144,"NORMAL",IF(S14<20,"KOSONG","NORMAL")))) -> NORMAL | S14: =V13 -> 108.6 | T14: 0 | U14: ='Rekap PA-KR-KP'!AV14 -> 0 | V14: =S14-T14+U14 -> 108.6 | AB14: 0.375 | AC14: =IF(AD14<0.5,"KURANG",IF(AD14>1.5,"NORMAL",IF(AD14=3,"NORMAL","KURANG"))) -> NORMAL | AD14: =AD13-AE13+AF13 -> 2.257 | AE14: 0 | AF14: ='Rekap PA-KR-KP'!BH14 -> 0 | AG14: =AE13+AG13 -> 0.143 | AM14: 0.375 | AN14: =IF(AO14<2000,"KURANG",IF(AO14>8500,"NORMAL",IF(AO14=19000,"NORMAL","KURANG"))) -> NORMAL | AO14: =AO13-AP13+AQ13 -> 10800 | AP14: 800 | AQ14: ='Rekap PA-KR-KP'!BT14 -> 0 | AR14: =AP13+AR13 -> 1200
F15: 0.41666667 | G15: =IF(H15<200,"KOSONG",IF(H15>12000,"PENUH",IF(H15>=6000,"NORMAL","KOSONG"))) -> NORMAL | H15: =K14 -> 11337 | I15: ='Rekap PA-KR-KP'!I15 -> 4500 | J15: ='Rekap PA-KR-KP'!AD15+'Rekap PA-KR-KP'!AM15+'Rekap PA-KR-KP'!AW15 -> 1654.8 | K15: =H15+I15-J15 -> 14182.2 | Q15: 0.41666667 | R15: =IF(S15<20,"KOSONG",IF(S15>288,"PENUH",IF(S15>=144,"NORMAL",IF(S15<20,"KOSONG","NORMAL")))) -> NORMAL | S15: =V14 -> 108.6 | T15: 0 | U15: ='Rekap PA-KR-KP'!AV15 -> 0 | V15: =S15-T15+U15 -> 108.6 | AB15: 0.41666667 | AC15: =IF(AD15<0.5,"KURANG",IF(AD15>1.5,"NORMAL",IF(AD15=3,"NORMAL","KURANG"))) -> NORMAL | AD15: =AD14-AE14+AF14 -> 2.257 | AE15: 0 | AF15: ='Rekap PA-KR-KP'!BH15 -> 0 | AG15: =AE14+AG14 -> 0.143 | AM15: 0.41666667 | AN15: =IF(AO15<2000,"KURANG",IF(AO15>8500,"NORMAL",IF(AO15=19000,"NORMAL","KURANG"))) -> NORMAL | AO15: =AO14-AP14+AQ14 -> 10000 | AP15: 500 | AQ15: ='Rekap PA-KR-KP'!BT15 -> 0 | AR15: =AP14+AR14 -> 2000
F16: 0.45833333 | G16: =IF(H16<200,"KOSONG",IF(H16>12000,"PENUH",IF(H16>=6000,"NORMAL","KOSONG"))) -> PENUH | H16: =K15 -> 14182.2 | I16: ='Rekap PA-KR-KP'!I16 -> 0 | J16: ='Rekap PA-KR-KP'!AD16+'Rekap PA-KR-KP'!AM16+'Rekap PA-KR-KP'!AW16 -> 1736.25 | K16: =H16+I16-J16 -> 12445.95 | Q16: 0.45833333 | R16: =IF(S16<20,"KOSONG",IF(S16>288,"PENUH",IF(S16>=144,"NORMAL",IF(S16<20,"KOSONG","NORMAL")))) -> NORMAL | S16: =V15 -> 108.6 | T16: 12 | U16: ='Rekap PA-KR-KP'!AV16 -> 81.45 | V16: =S16-T16+U16 -> 178.05 | AB16: 0.45833333 | AC16: =IF(AD16<0.5,"KURANG",IF(AD16>1.5,"NORMAL",IF(AD16=3,"NORMAL","KURANG"))) -> NORMAL | AD16: =AD15-AE15+AF15 -> 2.257 | AE16: 0.143 | AF16: ='Rekap PA-KR-KP'!BH16 -> 0 | AG16: =AE15+AG15 -> 0.143 | AM16: 0.45833333 | AN16: =IF(AO16<2000,"KURANG",IF(AO16>8500,"NORMAL",IF(AO16=19000,"NORMAL","KURANG"))) -> NORMAL | AO16: =AO15-AP15+AQ15 -> 9500 | AP16: 600 | AQ16: ='Rekap PA-KR-KP'!BT16 -> 0 | AR16: =AP15+AR15 -> 2500
F17: 0.5 | G17: =IF(H17<200,"KOSONG",IF(H17>12000,"PENUH",IF(H17>=6000,"NORMAL","KOSONG"))) -> PENUH | H17: =K16 -> 12445.95 | I17: ='Rekap PA-KR-KP'!I17 -> 0 | J17: ='Rekap PA-KR-KP'!AD17+'Rekap PA-KR-KP'!AM17+'Rekap PA-KR-KP'!AW17 -> 1736.25 | K17: =H17+I17-J17 -> 10709.7 | Q17: 0.5 | R17: =IF(S17<20,"KOSONG",IF(S17>288,"PENUH",IF(S17>=144,"NORMAL",IF(S17<20,"KOSONG","NORMAL")))) -> NORMAL | S17: =V16 -> 178.05 | T17: 6 | U17: ='Rekap PA-KR-KP'!AV17 -> 0 | V17: =S17-T17+U17 -> 172.05 | AB17: 0.5 | AC17: =IF(AD17<0.5,"KURANG",IF(AD17>1.5,"NORMAL",IF(AD17=3,"NORMAL","KURANG"))) -> NORMAL | AD17: =AD16-AE16+AF16 -> 2.114 | AE17: 0 | AF17: ='Rekap PA-KR-KP'!BH17 -> 0 | AG17: =AE16+AG16 -> 0.286 | AM17: 0.5 | AN17: =IF(AO17<2000,"KURANG",IF(AO17>8500,"NORMAL",IF(AO17=19000,"NORMAL","KURANG"))) -> NORMAL | AO17: =AO16-AP16+AQ16 -> 8900 | AP17: 850 | AQ17: ='Rekap PA-KR-KP'!BT17 -> 0 | AR17: =AP16+AR16 -> 3100
F18: 0.54166667 | G18: =IF(H18<200,"KOSONG",IF(H18>12000,"PENUH",IF(H18>=6000,"NORMAL","KOSONG"))) -> NORMAL | H18: =K17 -> 10709.7 | I18: ='Rekap PA-KR-KP'!I18 -> 4500 | J18: ='Rekap PA-KR-KP'!AD18+'Rekap PA-KR-KP'!AM18+'Rekap PA-KR-KP'!AW18 -> 1736.25 | K18: =H18+I18-J18 -> 13473.45 | Q18: 0.54166667 | R18: =IF(S18<20,"KOSONG",IF(S18>288,"PENUH",IF(S18>=144,"NORMAL",IF(S18<20,"KOSONG","NORMAL")))) -> NORMAL | S18: =V17 -> 172.05 | T18: 12 | U18: ='Rekap PA-KR-KP'!AV18 -> 0 | V18: =S18-T18+U18 -> 160.05 | AB18: 0.54166667 | AC18: =IF(AD18<0.5,"KURANG",IF(AD18>1.5,"NORMAL",IF(AD18=3,"NORMAL","KURANG"))) -> NORMAL | AD18: =AD17-AE17+AF17 -> 2.114 | AE18: 0 | AF18: ='Rekap PA-KR-KP'!BH18 -> 0 | AG18: =AE17+AG17 -> 0.286 | AM18: 0.54166667 | AN18: =IF(AO18<2000,"KURANG",IF(AO18>8500,"NORMAL",IF(AO18=19000,"NORMAL","KURANG"))) -> KURANG | AO18: =AO17-AP17+AQ17 -> 8050 | AP18: 450 | AQ18: ='Rekap PA-KR-KP'!BT18 -> 0 | AR18: =AP17+AR17 -> 3950
... F29: 1 | G29: =IF(H29<200,"KOSONG",IF(H29>12000,"PENUH",IF(H29>=6000,"NORMAL","KOSONG"))) -> NORMAL | H29: =K28 -> 11146.05 | I29: ='Rekap PA-KR-KP'!I29 -> 4500 | J29: ='Rekap PA-KR-KP'!AD29+'Rekap PA-KR-KP'!AM29+'Rekap PA-KR-KP'!AW29 -> 2952.3 | K29: =H29+I29-J29 -> 12693.75 | Q29: 1 | R29: =IF(S29<20,"KOSONG",IF(S29>288,"PENUH",IF(S29>=144,"NORMAL",IF(S29<20,"KOSONG","NORMAL")))) -> NORMAL | S29: =V28 -> 83.1 | T29: 0 | U29: ='Rekap PA-KR-KP'!AV29 -> 0 | V29: =S29-T29+U29 -> 83.1 | AB29: 1 | AC29: =IF(AD29<0.5,"KURANG",IF(AD29>1.5,"NORMAL",IF(AD29=3,"NORMAL","KURANG"))) -> NORMAL | AD29: =AD28-AE28+AF28 -> 1.971 | AE29: 0 | AF29: ='Rekap PA-KR-KP'!BH29 -> 0 | AG29: =AE28+AG28 -> 0.429 | AM29: 1 | AN29: =IF(AO29<2000,"KURANG",IF(AO29>8500,"NORMAL",IF(AO29=19000,"NORMAL","KURANG"))) -> KURANG | AO29: =AO28-AP28+AQ28 -> 3950 | AP29: 0 | AQ29: ='Rekap PA-KR-KP'!BT29 -> 0 | AR29: =AP28+AR28 -> 8050
