Workbook

Sheet EQ
B1: Ruang dan alat listrik bisa ditambah/ diperbaiki
B3: No | C3: Ruang | D3: Alat | E3: Jumlah | F3: Waktu | H3: Durasi (jam) | I3: Durasi (menit) | J3: LINK Durasi (jam) | K3: Daya (Watt) | L3: LINK Daya (KWj) | M3: Keterangan
F4: Nyala | G4: Mati
B6: 1 | C6: Rg. Tamu | D6: Lampu | E6: 1 | F6: 0.625 | G6: 0.91666667 | H6: =G6-F6 -> 0.29166667 | I6: =H6*1440 -> 420 | J6: =I6/60 -> 7 | K6: 50 | L6: =K6/1000 -> 0.05
D8: Laptop | E8: 1 | F8: 0.70833333 | G8: 0.83333333 | H8: =G8-F8 -> 0.125 | I8: =H8*1440 -> 180 | J8: =I8/60 -> 3 | K8: 18.8 | L8: =K8/1000 -> 0.0188
B10: 2 | C10: Rg. Keluarga | D10: Lampu | E10: 1 | F10: 0.625 | G10: 0.91666667 | H10: =G10-F10 -> 0.29166667 | I10: =H10*1440 -> 420 | J10: =I10/60 -> 7 | K10: 40 | L10: =K10/1000 -> 0.04
E11: 1 | F11: 0.29166667 | G11: 0.91666667 | H11: =G11-F11 -> 0.625 | I11: =H11*1440 -> 900 | J11: =I11/60 -> 15 | K11: 15 | L11: =K11/1000 -> 0.015
D13: Kipas | E13: 1 | F13: 0.41666667 | G13: 0.91666667 | H13: =G13-F13 -> 0.5 | I13: =H13*1440 -> 720 | J13: =I13/60 -> 12 | K13: 30 | L13: =K13/1000 -> 0.03
D14: TV | E14: 1 | F14: 0.75 | G14: 0.91666667 | H14: =G14-F14 -> 0.16666667 | I14: =H14*1440 -> 240 | J14: =I14/60 -> 4 | K14: 48.3 | L14: =K14/1000 -> 0.0483
D15: Radio | E15: 1 | J15: =I15/60 -> 0 | K15: 2.9 | L15: =K15/1000 -> 0.0029
D16: TV Kabel | E16: 1 | F16: 0.75 | G16: 0.91666667 | H16: =G16-F16 -> 0.16666667 | I16: =H16*1440 -> 240 | J16: =I16/60 -> 4 | K16: 7.7 | L16: =K16/1000 -> 0.0077
B18: 3 | C18: Kamar Depan | D18: Lampu | E18: 1 | F18: 0.70833333 | G18: 0.91666667 | H18: =G18-F18 -> 0.20833333 | I18: =H18*1440 -> 300 | J18: =I18/60 -> 5 | K18: 15 | L18: =K18/1000 -> 0.015
F19: 0.91666667 | G19: 1.25 | H19: =G19-F19 -> 0.33333333 | I19: =H19*1440 -> 480 | J19: =I19/60 -> 8 | K19: 5 | L19: =K19/1000 -> 0.005
D21: AC | E21: 1 | F21: 0.875 | G21: 1 | H21: =G21-F21 -> 0.125 | I21: =H21*1440 -> 180 | J21: =I21/60 -> 3 | K21: 657.3 | L21: =K21/1000 -> 0.6573
D22: Kipas | E22: 1 | F22: 0.33333333 | G22: 0.41666667 | H22: =G22-F22 -> 0.083333333 | I22: =H22*1440 -> 120 | J22: =I22/60 -> 2 | K22: 40.6 | L22: =K22/1000 -> 0.0406
D23: HP | E23: 1 | F23: 0.70833333 | G23: 0.75 | H23: =G23-F23 -> 0.041666667 | I23: =H23*1440 -> 60 | J23: =I23/60 -> 1 | K23: 2.3 | L23: =K23/1000 -> 0.0023
D24: HP | E24: 1 | F24: 0.75 | G24: 0.79166667 | H24: =G24-F24 -> 0.041666667 | I24: =H24*1440 -> 60 | J24: =I24/60 -> 1 | K24: 2.4 | L24: =K24/1000 -> 0.0024 | M24: Dimatikan 2-3x (10-20 menit)
D25: HP | E25: 1 | F25: 0.79166667 | G25: 0.83333333 | H25: =G25-F25 -> 0.041666667 | I25: =H25*1440 -> 60 | J25: =I25/60 -> 1 | K25: 2.3 | L25: =K25/1000 -> 0.0023
B27: 4 | C27: Kamar Tengah 1 | D27: Lampu | E27: 1 | F27: 0.70833333 | G27: 0.91666667 | H27: =G27-F27 -> 0.20833333 | I27: =H27*1440 -> 300 | J27: =I27/60 -> 5 | K27: 15 | L27: =K27/1000 -> 0.015
F28: 0.91666667 | G28: 1 | H28: =G28-F28 -> 0.083333333 | I28: =H28*1440 -> 120 | J28: =I28/60 -> 2 | K28: 5 | L28: =K28/1000 -> 0.005
J29: =I29/60 -> 0 | L29: =K29/1000 -> 0
B30: 5 | C30: Kamar Tengah 2 | D30: Lampu | E30: 1 | F30: 0.70833333 | G30: 0.91666667 | H30: =G30-F30 -> 0.20833333 | I30: =H30*1440 -> 300 | J30: =I30/60 -> 5 | K30: 15 | L30: =K30/1000 -> 0.015
E31: 1 | F31: 0.91666667 | G31: 1 | H31: =G31-F31 -> 0.083333333 | I31: =H31*1440 -> 120 | J31: =I31/60 -> 2 | K31: 5 | L31: =K31/1000 -> 0.005
D33: TV | E33: 1 | J33: =I33/60 -> 0 | K33: 59.7 | L33: =K33/1000 -> 0.0597 | M33: Standby power/tidak nyala
D34: Kipas | E34: 1 | F34: 0.74305556 | G34: 0.75694444 | H34: =G34-F34 -> 0.013888889 | I34: =H34*1440 -> 20 | J34: =I34/60 -> 0.33333333 | K34: 37 | L34: =K34/1000 -> 0.037
D35: Catokan | E35: 1 | J35: =I35/60 -> 0 | K35: 81.1 | L35: =K35/1000 -> 0.0811
B36: 6 | C36: Koridor | D36: Lampu | E36: 1 | F36: 0.71180556 | G36: 0.91666667 | H36: =G36-F36 -> 0.20486111 | I36: =H36*1440 -> 295 | J36: =I36/60 -> 4.9166667 | K36: 10 | L36: =K36/1000 -> 0.01
J37: =I37/60 -> 0 | L37: =K37/1000 -> 0
B39: 7 | C39: WC | D39: Lampu | E39: 1 | F39: 0.62847222 | G39: 0.91666667 | H39: =G39-F39 -> 0.28819444 | I39: =H39*1440 -> 415 | J39: =I39/60 -> 6.9166667 | K39: 15 | L39: =K39/1000 -> 0.015
J40: =I40/60 -> 0 | L40: =K40/1000 -> 0
B42: 8 | C42: Gudang | D42: Lampu | E42: 1 | F42: 0.70833333 | G42: 0.91666667 | H42: =G42-F42 -> 0.20833333 | I42: =H42*1440 -> 300 | J42: =I42/60 -> 5 | K42: 10 | L42: =K42/1000 -> 0.01
D44: Setrika | E44: 1 | I44: 393 | J44: =I44/60 -> 6.55 | K44: 350 | L44: =K44/1000 -> 0.35
B46: 9 | C46: Rg. Makan | D46: Lampu | E46: 1 | F46: 0.70833333 | G46: 0.91666667 | H46: =G46-F46 -> 0.20833333 | I46: =H46*1440 -> 300 | J46: =I46/60 -> 5 | K46: 15 | L46: =K46/1000 -> 0.015
D48: Kulkas | E48: 1 | F48: 0 | G48: 1 | H48: =G48-F48 -> 1 | I48: =H48*1440 -> 1440 | J48: =I48/60 -> 24 | K48: 79 | L48: =K48/1000 -> 0.079
D49: Rice Cooker | E49: 1 | F49: 0.20833333 | G49: 0.70833333 | H49: =G49-F49 -> 0.5 | I49: =H49*1440 -> 720 | J49: =I49/60 -> 12 | K49: 31.6 | L49: =K49/1000 -> 0.0316
D50: Blender | E50: 1 | F50: 0.25 | G50: 0.25347222 | H50: =G50-F50 -> 0.0034722222 | I50: =H50*1440 -> 5 | J50: =I50/60 -> 0.083333333 | K50: 101.5 | L50: =K50/1000 -> 0.1015
D51: Pompa | E51: 1 | J51: =I51/60 -> 0 | K51: 125 | L51: =K51/1000 -> 0.125
B53: 10 | C53: Dapur | D53: Lampu | E53: 1 | F53: 0 | G53: 1 | H53: =G53-F53 -> 1 | I53: =H53*1440 -> 1440 | J53: =I53/60 -> 24 | K53: 10 | L53: =K53/1000 -> 0.01
E54: 1 | F54: 0 | G54: 1 | H54: =G54-F54 -> 1 | I54: =H54*1440 -> 1440 | J54: =I54/60 -> 24 | K54: 10 | L54: =K54/1000 -> 0.01
D56: Kulkas | E56: 1 | F56: 0 | G56: 1 | H56: =G56-F56 -> 1 | I56: =H56*1440 -> 1440 | J56: =I56/60 -> 24 | K56: 78.8 | L56: =K56/1000 -> 0.0788
D57: Rice Cooker | E57: 1 | F57: 0.70833333 | G57: 0.91666667 | H57: =G57-F57 -> 0.20833333 | I57: =H57*1440 -> 300 | J57: =I57/60 -> 5 | K57: 73.2 | L57: =K57/1000 -> 0.0732
B59: 11 | C59: Rg. Cuci | D59: Lampu | E59: 1 | F59: 0 | G59: 1 | H59: =G59-F59 -> 1 | I59: =H59*1440 -> 1440 | J59: =I59/60 -> 24 | K59: 15 | L59: =K59/1000 -> 0.015
E60: 1 | F60: 0 | G60: 1 | H60: =G60-F60 -> 1 | I60: =H60*1440 -> 1440 | J60: =I60/60 -> 24 | K60: 15 | L60: =K60/1000 -> 0.015
D61: Mesin Cuci | E61: 1 | F61: 0.29166667 | G61: 0.375 | H61: =G61-F61 -> 0.083333333 | I61: =H61*1440 -> 120 | J61: =I61/60 -> 2 | K61: 146.8 | L61: =K61/1000 -> 0.1468
B62: 12 | C62: Garasi | D62: Lampu | E62: 1 | F62: 0.875 | G62: 1 | H62: =G62-F62 -> 0.125 | I62: =H62*1440 -> 180 | J62: =I62/60 -> 3 | K62: 20 | L62: =K62/1000 -> 0.02
D64: Pompa | E64: 1 | F64: 0.625 | G64: 0.64583333 | H64: =G64-F64 -> 0.020833333 | I64: =H64*1440 -> 30 | J64: =I64/60 -> 0.5 | K64: 125 | L64: =K64/1000 -> 0.125
B65: 13 | C65: Teras | D65: Lampu | E65: 1 | F65: 0.875 | G65: 1 | H65: =G65-F65 -> 0.125 | I65: =H65*1440 -> 180 | J65: =I65/60 -> 3 | K65: 30 | L65: =K65/1000 -> 0.03

Sheet AO-ALL
B2: CONTOH
B3: COMPONENTS
B4: ACTIVE OBJECT
B5: No | C5: Variable i | D5: Variable ii | E5: Parameter | F5: Note
B6: A. Active Attribute
C7: Name | E7: Mesin Cuci
C8: Code | E8: RCC01-WM01 | H8: Nama objek pada sheet Current State didahului dengan nama ruang: RCC01-WM01 (Ruang Cuci 1 - Mesin Cuci 1)
C9: Date Created | F9: tanggal dibeli | H9: Tanggal diproduksi menentukan umur objek
C10: Lifespan | E10: =15*12*30 -> 5400 | F10: hari | H10: Masa pemakaian yang disarankan sesuai spesifikasi produk. Tahun dikonversi ke hari
C11: Age | E11: 12 | F11: hari | H11: Tambahan 1 poin, replace setiap digunakan "on" dari sheet DL
C12: Sisa Umur | E12: =E10-E11-(E13+E15)/2*10 -> 5387 | F12: hari | H12: Sisa umur = Lifespan - Age - (Total Cumulative Energy Consumption Maintenance + Cleanliness level)/2 X 10
C13: Maintenance | D13: Current State | E13: =((E11/E10)*45-E14) -> 0.1 | F13: level | H13: Tingkat perlu maintance berkala. Contoh setiap 120 hari (4 bulan) atau 45 kali maintenance dalam 15 tahun = ((Age/Lifespan) x Jumlah maintenance yang disarankan selama Lifespan - Sub kumulatif maintenance dilakukan)
D14: Total Cumulative Maintenance | E14: 0 | F14: kumulatif maintenance | H14: Jumlah maintenance yang dilakukan. Setiap maintenance tambah 1 poin dari Current State
C15: Cleanliness | D15: Current State | E15: ='[1]Data Lingkungan_IC'!Z21 -> 0.1 | F15: level | H15: Tingkat kotor replace dari sheet DL. Setiap kali digunakan mendapat 0.1 poin. Jika ada aktivitas membersihkan, poin berkurang = 0 (bersih)
C16: Condition | E16: =(E12/E10) -> 0.99759259 | F16: rusak, kurang bagus, bagus, sangat bagus | H16: Skala kondisi = Rusak < 0.25 < Kurang bagus < 0.5 < Bagus < 0.75 < Sangat bagus < 1 = Sisa Umur/Lifespan
C17: Machine Activity | D17: Function | E17: Cleaning
D18: Status | E18: off | H18: Status on/off replace setiap digunakan dari sheet DL, setiap "on" akan menambah 1 poin ke baris Age kolom Parameter
D19: Heat Emission | F19: degC
D20: Energy Type | E20: Listrik
D21: Energy Consumption Rate | E21: 0.0188 | F21: kw/j | H21: Survei alat (sudah disurvei)
D22: Current Consumption Time | E22: 0.5 | F22: jam | H22: Replace dari sheet DL
D23: Current Energy Consumption | E23: =E22*E21 -> 0.0094 | H23: Current Consumption Time x Energy Consumption Rate
D24: Total Cumulative Energy Consumption | E24: =E23 -> 0.0094 | F24: kumulatif konsumsi energi | H24: Penjumlahan Sub Total Cumulative Energy Consumption
B26: ABM | H26: ABM | N26: ABM | T26: ABM | Z26: ABM | AF26: ABM
B27: COMPONENTS | H27: COMPONENTS | N27: COMPONENTS | T27: COMPONENTS | Z27: COMPONENTS | AF27: COMPONENTS
B28: ACTIVE OBJECT | H28: ACTIVE OBJECT | N28: ACTIVE OBJECT | T28: ACTIVE OBJECT | Z28: ACTIVE OBJECT | AF28: ACTIVE OBJECT
B29: No | C29: Variable i | D29: Variable ii | E29: Parameter | F29: Note | H29: No | I29: Variable i | J29: Variable ii | K29: Parameter | L29: Note | N29: No | O29: Variable i | P29: Variable ii | Q29: Parameter | R29: Note | T29: No | U29: Variable i | V29: Variable ii | W29: Parameter | X29: Note | Z29: No | AA29: Variable i | AB29: Variable ii | AC29: Parameter | AD29: Note | AF29: No | AG29: Variable i | AH29: Variable ii | AI29: Parameter | AJ29: Note
B30: A. Active Attribute | H30: A. Active Attribute | N30: A. Active Attribute | T30: A. Active Attribute | Z30: A. Active Attribute | AF30: A. Active Attribute
C31: Name | E31: TV | I31: Name | K31: Radio | O31: Name | Q31: AC | U31: Name | W31: Kipas Angin | AA31: Name | AC31: Hair Straightener | AG31: Name | AI31: Refrigerator
C32: Code | E32: RKG01-TV01 | I32: Code | K32: RTU02-RA01 | O32: Code | Q32: RTU01-AC01 | U32: Code | W32: RKG01-KP01 | AA32: Code | AC32: RTU02-HS01 | AG32: Code | AI32: RDP01-RE01
C33: Date Created | F33: tanggal dibeli | I33: Date Created | L33: tanggal dibeli | O33: Date Created | R33: tanggal dibeli | U33: Date Created | X33: tanggal dibeli | AA33: Date Created | AD33: tanggal dibeli | AG33: Date Created | AJ33: tanggal dibeli
C34: Lifespan | E34: =5*12*30 -> 1800 | F34: hari | I34: Lifespan | K34: =5*12*30 -> 1800 | L34: hari | O34: Lifespan | Q34: =5*12*30 -> 1800 | R34: hari | U34: Lifespan | W34: =5*12*30 -> 1800 | X34: hari | AA34: Lifespan | AC34: =5*12*30 -> 1800 | AD34: hari | AG34: Lifespan | AI34: =5*12*30 -> 1800 | AJ34: hari
C35: Age | E35: 0 | F35: hari | I35: Age | K35: 0 | L35: hari | O35: Age | Q35: 0 | R35: hari | U35: Age | W35: 0 | X35: hari | AA35: Age | AC35: 0 | AD35: hari | AG35: Age | AI35: 0 | AJ35: hari
C36: Sisa Umur | E36: =E34-E35-(E37+E39)/2*10 -> 1799.5 | F36: hari | I36: Sisa Umur | K36: =K34-K35-(K37+K39)/2*10 -> 1799.5 | L36: hari | O36: Sisa Umur | Q36: =Q34-Q35-(Q37+Q39)/2*10 -> 1799.5 | R36: hari | U36: Sisa Umur | W36: =W34-W35-(W37+W39)/2*10 -> 1799.5 | X36: hari | AA36: Sisa Umur | AC36: =AC34-AC35-(AC37+AC39)/2*10 -> 1800 | AD36: hari | AG36: Sisa Umur | AI36: =AI34-AI35-(AI37+AI39)/2*10 -> 1799.5 | AJ36: hari
C37: Maintenance | D37: Current State | E37: =((E35/E34)*10-E38) -> 0 | F37: level | I37: Maintenance | J37: Current State | K37: =((K35/K34)*10-K38) -> 0 | L37: level | O37: Maintenance | P37: Current State | Q37: =((Q35/Q34)*10-Q38) -> 0 | R37: level | U37: Maintenance | V37: Current State | W37: =((W35/W34)*10-W38) -> 0 | X37: level | AA37: Maintenance | AB37: Current State | AC37: =((AC35/AC34)*10-AC38) -> 0 | AD37: level | AG37: Maintenance | AH37: Current State | AI37: =((AI35/AI34)*10-AI38) -> 0 | AJ37: level
D38: Total Cumulative Maintenance | E38: 0 | F38: kumulatif maintenance | J38: Total Cumulative Maintenance | K38: 0 | L38: kumulatif maintenance | P38: Total Cumulative Maintenance | Q38: 0 | R38: kumulatif maintenance | V38: Total Cumulative Maintenance | W38: 0 | X38: kumulatif maintenance | AB38: Total Cumulative Maintenance | AC38: 0 | AD38: kumulatif maintenance | AH38: Total Cumulative Maintenance | AI38: 0 | AJ38: kumulatif maintenance
C39: Cleanliness | D39: Current State | E39: ='[2]Data Lingkungan (DL)'!AR63 -> 0.1 | F39: level | I39: Cleanliness | J39: Current State | K39: ='[2]Data Lingkungan (DL)'!AR64 -> 0.1 | L39: level | O39: Cleanliness | P39: Current State | Q39: ='[1]Data Lingkungan_IC'!BA64 -> 0.1 | R39: level | U39: Cleanliness | V39: Current State | W39: ='[1]Data Lingkungan_IC'!AR63 -> 0.1 | X39: level | AA39: Cleanliness | AB39: Current State | AC39: ='[1]Data Lingkungan_IC'!BS64 -> 0 | AD39: level | AG39: Cleanliness | AH39: Current State | AI39: ='[1]Data Lingkungan_IC'!DL63 -> 0.1 | AJ39: level
C40: Condition | E40: =(E36/E34) -> 0.99972222 | F40: rusak, kurang bagus, bagus, sangat bagus | I40: Condition | K40: =(K36/K34) -> 0.99972222 | L40: rusak, kurang bagus, bagus, sangat bagus | O40: Condition | Q40: =(Q36/Q34) -> 0.99972222 | R40: rusak, kurang bagus, bagus, sangat bagus | U40: Condition | W40: =(W36/W34) -> 0.99972222 | X40: rusak, kurang bagus, bagus, sangat bagus | AA40: Condition | AC40: =(AC36/AC34) -> 1 | AD40: rusak, kurang bagus, bagus, sangat bagus | AG40: Condition | AI40: =(AI36/AI34) -> 0.99972222 | AJ40: rusak, kurang bagus, bagus, sangat bagus
C41: Machine Activity | D41: Function | I41: Machine Activity | J41: Function | O41: Machine Activity | P41: Function | U41: Machine Activity | V41: Function | AA41: Machine Activity | AB41: Function | AG41: Machine Activity | AH41: Function
D42: Status | E42: ='[2]Data Lingkungan (DL)'!AO63 -> off | J42: Status | K42: ='[2]Data Lingkungan (DL)'!AO64 -> off | P42: Status | Q42: ='[2]Data Lingkungan (DL)'!AX63 -> on | V42: Status | W42: ='[2]Data Lingkungan (DL)'!AO62 -> off | AB42: Status | AC42: ='[2]Data Lingkungan (DL)'!BP63 -> off | AH42: Status | AI42: ='[2]Data Lingkungan (DL)'!DI62 -> on
D43: Heat Emission | F43: degC | J43: Heat Emission | L43: degC | P43: Heat Emission | R43: degC | V43: Heat Emission | X43: degC | AB43: Heat Emission | AD43: degC | AH43: Heat Emission | AJ43: degC
D44: Energy Type | E44: Listrik | J44: Energy Type | K44: Listrik | P44: Energy Type | Q44: Listrik | V44: Energy Type | W44: Listrik | AB44: Energy Type | AC44: Listrik | AH44: Energy Type | AI44: Listrik
D45: Energy Consumption Rate | E45: =EQ!L14 -> 0.0483 | F45: kw/j | J45: Energy Consumption Rate | K45: =EQ!L15 -> 0.0029 | L45: kw/j | P45: Energy Consumption Rate | Q45: =EQ!L21 -> 0.6573 | R45: kw/j | V45: Energy Consumption Rate | W45: =EQ!L13 -> 0.03 | X45: kw/j | AB45: Energy Consumption Rate | AC45: =EQ!L35 -> 0.0811 | AD45: kw/j | AH45: Energy Consumption Rate | AI45: =EQ!L56 -> 0.0788 | AJ45: kw/j
D46: Current Consumption Time | E46: =EQ!J14 -> 4 | F46: jam | J46: Current Consumption Time | K46: =EQ!J15 -> 0 | L46: jam | P46: Current Consumption Time | Q46: =EQ!J21 -> 3 | R46: jam | V46: Current Consumption Time | W46: =EQ!J13 -> 12 | X46: jam | AB46: Current Consumption Time | AC46: =EQ!J35 -> 0 | AD46: jam | AH46: Current Consumption Time | AI46: =EQ!J56 -> 24 | AJ46: jam
D47: Current Energy Consumption | E47: =E46*E45 -> 0.1932 | J47: Current Energy Consumption | K47: =K46*K45 -> 0 | P47: Current Energy Consumption | Q47: =Q46*Q45 -> 1.9719 | V47: Current Energy Consumption | W47: =W46*W45 -> 0.36 | AB47: Current Energy Consumption | AC47: =AC46*AC45 -> 0 | AH47: Current Energy Consumption | AI47: =AI46*AI45 -> 1.8912
D48: Total Cumulative Energy Consumption | E48: 0 | F48: kumulatif konsumsi energi | J48: Total Cumulative Energy Consumption | K48: 0 | L48: kumulatif konsumsi energi | P48: Total Cumulative Energy Consumption | Q48: 0 | R48: kumulatif konsumsi energi | V48: Total Cumulative Energy Consumption | W48: 0 | X48: kumulatif konsumsi energi | AB48: Total Cumulative Energy Consumption | AC48: 0 | AD48: kumulatif konsumsi energi | AH48: Total Cumulative Energy Consumption | AI48: 0 | AJ48: kumulatif konsumsi energi
P49: Capacity | Q49: 0 | R49: btu/jam
B51: ABM | H51: ABM | N51: ABM | T51: ABM | Z51: ABM | AF51: ABM
B52: COMPONENTS | H52: COMPONENTS | N52: COMPONENTS | T52: COMPONENTS | Z52: COMPONENTS | AF52: COMPONENTS
B53: ACTIVE OBJECT | H53: ACTIVE OBJECT | N53: ACTIVE OBJECT | T53: ACTIVE OBJECT | Z53: ACTIVE OBJECT | AF53: ACTIVE OBJECT
B54: No | C54: Variable i | D54: Variable ii | E54: Parameter | F54: Note | H54: No | I54: Variable i | J54: Variable ii | K54: Parameter | L54: Note | N54: No | O54: Variable i | P54: Variable ii | Q54: Parameter | R54: Note | T54: No | U54: Variable i | V54: Variable ii | W54: Parameter | X54: Note | Z54: No | AA54: Variable i | AB54: Variable ii | AC54: Parameter | AD54: Note | AF54: No | AG54: Variable i | AH54: Variable ii | AI54: Parameter | AJ54: Note
B55: A. Active Attribute | H55: A. Active Attribute | N55: A. Active Attribute | T55: A. Active Attribute | Z55: A. Active Attribute | AF55: A. Active Attribute
C56: Name | E56: TV Kabel (Indovision) | I56: Name | K56: Laptop | O56: Name | Q56: Dry Iron | U56: Name | W56: Kipas Angin | AA56: Name | AC56: Blender | AG56: Name | AI56: Refrigerator
C57: Code | E57: RTU02-TV02 | I57: Code | K57: LP01 | O57: Code | Q57: RGD01-IR01 | U57: Code | W57: RTU01-KP02 | AA57: Code | AC57: RMK01-BL01 | AG57: Code | AI57: RMK01-RE02
C58: Date Created | F58: tanggal dibeli | I58: Date Created | L58: tanggal dibeli | O58: Date Created | R58: tanggal dibeli | U58: Date Created | X58: tanggal dibeli | AA58: Date Created | AD58: tanggal dibeli | AG58: Date Created | AJ58: tanggal dibeli
C59: Lifespan | E59: =5*12*30 -> 1800 | F59: hari | I59: Lifespan | K59: =5*12*30 -> 1800 | L59: hari | O59: Lifespan | Q59: =5*12*30 -> 1800 | R59: hari | U59: Lifespan | W59: =5*12*30 -> 1800 | X59: hari | AA59: Lifespan | AC59: =5*12*30 -> 1800 | AD59: hari | AG59: Lifespan | AI59: =5*12*30 -> 1800 | AJ59: hari
C60: Age | E60: 0 | F60: hari | I60: Age | K60: 0 | L60: hari | O60: Age | Q60: 0 | R60: hari | U60: Age | W60: 0 | X60: hari | AA60: Age | AC60: 0 | AD60: hari | AG60: Age | AI60: 0 | AJ60: hari
C61: Sisa Umur | E61: =E59-E60-(E62+E64)/2*10 -> 1799.5 | F61: hari | I61: Sisa Umur | K61: =K59-K60-(K62+K64)/2*10 -> 1800 | L61: hari | O61: Sisa Umur | Q61: =Q59-Q60-(Q62+Q64)/2*10 -> 1799.5 | R61: hari | U61: Sisa Umur | W61: =W59-W60-(W62+W64)/2*10 -> 1799.5 | X61: hari | AA61: Sisa Umur | AC61: =AC59-AC60-(AC62+AC64)/2*10 -> 1799.5 | AD61: hari | AG61: Sisa Umur | AI61: =AI59-AI60-(AI62+AI64)/2*10 -> 1799.5 | AJ61: hari
C62: Maintenance | D62: Current State | E62: =((E60/E59)*10-E63) -> 0 | F62: level | I62: Maintenance | J62: Current State | K62: =((K60/K59)*10-K63) -> 0 | L62: level | O62: Maintenance | P62: Current State | Q62: =((Q60/Q59)*10-Q63) -> 0 | R62: level | U62: Maintenance | V62: Current State | W62: =((W60/W59)*10-W63) -> 0 | X62: level | AA62: Maintenance | AB62: Current State | AC62: =((AC60/AC59)*10-AC63) -> 0 | AD62: level | AG62: Maintenance | AH62: Current State | AI62: =((AI60/AI59)*10-AI63) -> 0 | AJ62: level
D63: Total Cumulative Maintenance | E63: 0 | F63: kumulatif maintenance | J63: Total Cumulative Maintenance | K63: 0 | L63: kumulatif maintenance | P63: Total Cumulative Maintenance | Q63: 0 | R63: kumulatif maintenance | V63: Total Cumulative Maintenance | W63: 0 | X63: kumulatif maintenance | AB63: Total Cumulative Maintenance | AC63: 0 | AD63: kumulatif maintenance | AH63: Total Cumulative Maintenance | AI63: 0 | AJ63: kumulatif maintenance
C64: Cleanliness | D64: Current State | E64: ='[2]Data Lingkungan (DL)'!AR65 -> 0.1 | F64: level | I64: Cleanliness | J64: Current State | K64: 0 | L64: level | O64: Cleanliness | P64: Current State | Q64: ='[1]Data Lingkungan_IC'!CT62 -> 0.1 | R64: level | U64: Cleanliness | V64: Current State | W64: ='[1]Data Lingkungan_IC'!BA63 -> 0.1 | X64: level | AA64: Cleanliness | AB64: Current State | AC64: ='[1]Data Lingkungan_IC'!DC62 -> 0.1 | AD64: level | AG64: Cleanliness | AH64: Current State | AI64: ='[1]Data Lingkungan_IC'!DC64 -> 0.1 | AJ64: level
C65: Condition | E65: =(E61/E59) -> 0.99972222 | F65: rusak, kurang bagus, bagus, sangat bagus | I65: Condition | K65: =(K61/K59) -> 1 | L65: rusak, kurang bagus, bagus, sangat bagus | O65: Condition | Q65: =(Q61/Q59) -> 0.99972222 | R65: rusak, kurang bagus, bagus, sangat bagus | U65: Condition | W65: =(W61/W59) -> 0.99972222 | X65: rusak, kurang bagus, bagus, sangat bagus | AA65: Condition | AC65: =(AC61/AC59) -> 0.99972222 | AD65: rusak, kurang bagus, bagus, sangat bagus | AG65: Condition | AI65: =(AI61/AI59) -> 0.99972222 | AJ65: rusak, kurang bagus, bagus, sangat bagus
C66: Machine Activity | D66: Function | I66: Machine Activity | J66: Function | K66: Komputasi | O66: Machine Activity | P66: Function | U66: Machine Activity | V66: Function | AA66: Machine Activity | AB66: Function | AG66: Machine Activity | AH66: Function
D67: Status | E67: ='[2]Data Lingkungan (DL)'!AO65 -> off | J67: Status | K67: ='[2]Data Lingkungan (DL)'!AF62 -> off | P67: Status | Q67: ='[2]Data Lingkungan (DL)'!CQ61 -> off | V67: Status | W67: ='[2]Data Lingkungan (DL)'!AX62 -> on | AB67: Status | AC67: ='[2]Data Lingkungan (DL)'!CZ61 -> off | AH67: Status | AI67: ='[2]Data Lingkungan (DL)'!CZ62 -> on
D68: Heat Emission | F68: degC | J68: Heat Emission | L68: degC | P68: Heat Emission | R68: degC | V68: Heat Emission | X68: degC | AB68: Heat Emission | AD68: degC | AH68: Heat Emission | AJ68: degC
D69: Energy Type | E69: Listrik | J69: Energy Type | K69: Listrik | P69: Energy Type | Q69: Listrik | V69: Energy Type | W69: Listrik | AB69: Energy Type | AC69: Listrik | AH69: Energy Type | AI69: Listrik
D70: Energy Consumption Rate | E70: =EQ!L16 -> 0.0077 | F70: kw/j | J70: Energy Consumption Rate | K70: =EQ!L8 -> 0.0188 | L70: kw/j | P70: Energy Consumption Rate | Q70: =EQ!L44 -> 0.35 | R70: kw/j | V70: Energy Consumption Rate | W70: =EQ!L22 -> 0.0406 | X70: kw/j | AB70: Energy Consumption Rate | AC70: =EQ!L50 -> 0.1015 | AD70: kw/j | AH70: Energy Consumption Rate | AI70: =EQ!L48 -> 0.079 | AJ70: kw/j
D71: Current Consumption Time | E71: =EQ!J16 -> 4 | F71: jam | J71: Current Consumption Time | K71: =EQ!J8 -> 3 | L71: jam | P71: Current Consumption Time | Q71: =EQ!J44 -> 6.55 | R71: jam | V71: Current Consumption Time | W71: =EQ!J22 -> 2 | X71: jam | AB71: Current Consumption Time | AC71: =EQ!J50 -> 0.083333333 | AD71: jam | AH71: Current Consumption Time | AI71: =EQ!J48 -> 24 | AJ71: jam
D72: Current Energy Consumption | E72: =E71*E70 -> 0.0308 | J72: Current Energy Consumption | K72: =K71*K70 -> 0.0564 | P72: Current Energy Consumption | Q72: =Q71*Q70 -> 2.2925 | V72: Current Energy Consumption | W72: =W71*W70 -> 0.0812 | AB72: Current Energy Consumption | AC72: =AC71*AC70 -> 0.0084583333 | AH72: Current Energy Consumption | AI72: =AI71*AI70 -> 1.896
D73: Total Cumulative Energy Consumption | E73: 0 | F73: kumulatif konsumsi energi | J73: Total Cumulative Energy Consumption | K73: 0 | L73: kumulatif konsumsi energi | P73: Total Cumulative Energy Consumption | Q73: 0 | R73: kumulatif konsumsi energi | V73: Total Cumulative Energy Consumption | W73: 0 | X73: kumulatif konsumsi energi | AB73: Total Cumulative Energy Consumption | AC73: 0 | AD73: kumulatif konsumsi energi | AH73: Total Cumulative Energy Consumption | AI73: 0 | AJ73: kumulatif konsumsi energi
B76: ABM | H76: ABM | N76: ABM | T76: ABM | Z76: ABM
B77: COMPONENTS | H77: COMPONENTS | N77: COMPONENTS | T77: COMPONENTS | Z77: COMPONENTS
B78: ACTIVE OBJECT | H78: ACTIVE OBJECT | N78: ACTIVE OBJECT | T78: ACTIVE OBJECT | Z78: ACTIVE OBJECT
B79: No | C79: Variable i | D79: Variable ii | E79: Parameter | F79: Note | H79: No | I79: Variable i | J79: Variable ii | K79: Parameter | L79: Note | N79: No | O79: Variable i | P79: Variable ii | Q79: Parameter | R79: Note | T79: No | U79: Variable i | V79: Variable ii | W79: Parameter | X79: Note | Z79: No | AA79: Variable i | AB79: Variable ii | AC79: Parameter | AD79: Note
B80: A. Active Attribute | H80: A. Active Attribute | N80: A. Active Attribute | T80: A. Active Attribute | Z80: A. Active Attribute
C81: Name | E81: HP | I81: Name | K81: HP | O81: Name | Q81: HP | U81: Name | W81: Kipas Angin | AA81: Name | AC81: Water Pump
C82: Code | E82: HP01 | I82: Code | K82: HP02 | O82: Code | Q82: HP03 | U82: Code | W82: RTU02-KP03 | AA82: Code | AC82: RMK01-WP02
C83: Date Created | F83: tanggal dibeli | I83: Date Created | L83: tanggal dibeli | O83: Date Created | R83: tanggal dibeli | U83: Date Created | X83: tanggal dibeli | AA83: Date Created | AD83: tanggal dibeli
C84: Lifespan | E84: =5*12*30 -> 1800 | F84: hari | I84: Lifespan | K84: =5*12*30 -> 1800 | L84: hari | O84: Lifespan | Q84: =5*12*30 -> 1800 | R84: hari | U84: Lifespan | W84: =5*12*30 -> 1800 | X84: hari | AA84: Lifespan | AC84: =5*12*30 -> 1800 | AD84: hari
C85: Age | E85: 0 | F85: hari | I85: Age | K85: 0 | L85: hari | O85: Age | Q85: 0 | R85: hari | U85: Age | W85: 0 | X85: hari | AA85: Age | AC85: 0 | AD85: hari
C86: Sisa Umur | E86: =E84-E85-(E87+E89)/2*10 -> 1800 | F86: hari | I86: Sisa Umur | K86: =K84-K85-(K87+K89)/2*10 -> 1800 | L86: hari | O86: Sisa Umur | Q86: =Q84-Q85-(Q87+Q89)/2*10 -> 1800 | R86: hari | U86: Sisa Umur | W86: =W84-W85-(W87+W89)/2*10 -> 1799.5 | X86: hari | AA86: Sisa Umur | AC86: =AC84-AC85-(AC87+AC89)/2*10 -> 1799.5 | AD86: hari
C87: Maintenance | D87: Current State | E87: =((E85/E84)*10-E88) -> 0 | F87: level | I87: Maintenance | J87: Current State | K87: =((K85/K84)*10-K88) -> 0 | L87: level | O87: Maintenance | P87: Current State | Q87: =((Q85/Q84)*10-Q88) -> 0 | R87: level | U87: Maintenance | V87: Current State | W87: =((W85/W84)*10-W88) -> 0 | X87: level | AA87: Maintenance | AB87: Current State | AC87: =((AC85/AC84)*10-AC88) -> 0 | AD87: level
D88: Total Cumulative Maintenance | E88: 0 | F88: kumulatif maintenance | J88: Total Cumulative Maintenance | K88: 0 | L88: kumulatif maintenance | P88: Total Cumulative Maintenance | Q88: 0 | R88: kumulatif maintenance | V88: Total Cumulative Maintenance | W88: 0 | X88: kumulatif maintenance | AB88: Total Cumulative Maintenance | AC88: 0 | AD88: kumulatif maintenance
C89: Cleanliness | D89: Current State | E89: 0 | F89: level | I89: Cleanliness | J89: Current State | K89: 0 | L89: level | O89: Cleanliness | P89: Current State | Q89: 0 | R89: level | U89: Cleanliness | V89: Current State | W89: ='[1]Data Lingkungan_IC'!BS63 -> 0.1 | X89: level | AA89: Cleanliness | AB89: Current State | AC89: ='[1]Data Lingkungan_IC'!DC65 -> 0.1 | AD89: level
C90: Condition | E90: =(E86/E84) -> 1 | F90: rusak, kurang bagus, bagus, sangat bagus | I90: Condition | K90: =(K86/K84) -> 1 | L90: rusak, kurang bagus, bagus, sangat bagus | O90: Condition | Q90: =(Q86/Q84) -> 1 | R90: rusak, kurang bagus, bagus, sangat bagus | U90: Condition | W90: =(W86/W84) -> 0.99972222 | X90: rusak, kurang bagus, bagus, sangat bagus | AA90: Condition | AC90: =(AC86/AC84) -> 0.99972222 | AD90: rusak, kurang bagus, bagus, sangat bagus
C91: Machine Activity | D91: Function | I91: Machine Activity | J91: Function | O91: Machine Activity | P91: Function | U91: Machine Activity | V91: Function | AA91: Machine Activity | AB91: Function
D92: Status | E92: ='[2]Data Lingkungan (DL)'!AX64 -> off | J92: Status | K92: ='[2]Data Lingkungan (DL)'!AX65 -> off | P92: Status | Q92: ='[2]Data Lingkungan (DL)'!AX66 -> off | V92: Status | W92: ='[2]Data Lingkungan (DL)'!BP62 -> off | AB92: Status | AC92: ='[2]Data Lingkungan (DL)'!CZ63 -> off
D93: Heat Emission | F93: degC | J93: Heat Emission | L93: degC | P93: Heat Emission | R93: degC | V93: Heat Emission | X93: degC | AB93: Heat Emission | AD93: degC | AH93: Heat Emission | AJ93: degC
D94: Energy Type | E94: Listrik | J94: Energy Type | K94: Listrik | P94: Energy Type | Q94: Listrik | V94: Energy Type | W94: Listrik | AB94: Energy Type | AC94: Listrik
D95: Energy Consumption Rate | E95: =EQ!L23 -> 0.0023 | F95: kw/j | J95: Energy Consumption Rate | K95: =EQ!L24 -> 0.0024 | L95: kw/j | P95: Energy Consumption Rate | Q95: =EQ!L25 -> 0.0023 | R95: kw/j | V95: Energy Consumption Rate | W95: =EQ!L34 -> 0.037 | X95: kw/j | AB95: Energy Consumption Rate | AC95: =EQ!L51 -> 0.125 | AD95: kw/j
D96: Current Consumption Time | E96: =EQ!J23 -> 1 | F96: jam | J96: Current Consumption Time | K96: =EQ!J24 -> 1 | L96: jam | P96: Current Consumption Time | Q96: =EQ!J25 -> 1 | R96: jam | V96: Current Consumption Time | W96: =EQ!J34 -> 0.33333333 | X96: jam | AB96: Current Consumption Time | AC96: =EQ!J51 -> 0 | AD96: jam
D97: Current Energy Consumption | E97: =E96*E95 -> 0.0023 | J97: Current Energy Consumption | K97: =K96*K95 -> 0.0024 | P97: Current Energy Consumption | Q97: =Q96*Q95 -> 0.0023 | V97: Current Energy Consumption | W97: =W96*W95 -> 0.012333333 | AB97: Current Energy Consumption | AC97: =AC96*AC95 -> 0
D98: Total Cumulative Energy Consumption | E98: 0 | F98: kumulatif konsumsi energi | J98: Total Cumulative Energy Consumption | K98: 0 | L98: kumulatif konsumsi energi | P98: Total Cumulative Energy Consumption | Q98: 0 | R98: kumulatif konsumsi energi | V98: Total Cumulative Energy Consumption | W98: 0 | X98: kumulatif konsumsi energi | AB98: Total Cumulative Energy Consumption | AC98: 0 | AD98: kumulatif konsumsi energi
B101: ABM | H101: ABM | N101: ABM | T101: ABM | Z101: ABM
B102: COMPONENTS | H102: COMPONENTS | N102: COMPONENTS | T102: COMPONENTS | Z102: COMPONENTS
B103: ACTIVE OBJECT | H103: ACTIVE OBJECT | N103: ACTIVE OBJECT | T103: ACTIVE OBJECT | Z103: ACTIVE OBJECT
B104: No | C104: Variable i | D104: Variable ii | E104: Parameter | F104: Note | H104: No | I104: Variable i | J104: Variable ii | K104: Parameter | L104: Note | N104: No | O104: Variable i | P104: Variable ii | Q104: Parameter | R104: Note | T104: No | U104: Variable i | V104: Variable ii | W104: Parameter | X104: Note | Z104: No | AA104: Variable i | AB104: Variable ii | AC104: Parameter | AD104: Note
B105: A. Active Attribute | H105: A. Active Attribute | N105: A. Active Attribute | T105: A. Active Attribute | Z105: A. Active Attribute
C106: Name | E106: Rice Cooker | I106: Name | K106: Washing Machine | O106: Name | Q106: Rice Cooker | U106: Name | W106: Water Pump | AA106: Name | AC106: Washing Machine
C107: Code | E107: RMK01-RC02 | I107: Code | K107: RCC01-WM01 | O107: Code | Q107: RDP01-RC01 | U107: Code | W107: RGS01-WP01 | AA107: Code | AC107: RCC01-WM02
...
