Workbook

Sheet ES_ALL
A1: PAULA
A2: No | B2: Kode | C2: Tingkat Emosi dan Sosial
C3: Kondisi Psikologis | K3: Pengaruh Sosial Ketika Menghadapi Orang Lain
C4: Emosi | E4: Suasana Hati | G4: Stres | I4: Kesepian | K4: Kesungkanan | L4: Ayah | M4: Ibu | N4: Nenek | O4: Anak 1 | P4: Anak 2 | Q4: Tamu
C5: Posisi normal | D5: Laju ke normal | E5: Posisi normal | F5: Laju ke normal | G5: Posisi normal | H5: Laju ke normal | I5: Posisi normal | J5: Laju ke normal | K5: Karakter Sosial | L5: Tingkat pengaruh | M5: Tingkat pengaruh | N5: Tingkat pengaruh | O5: Tingkat pengaruh | P5: Tingkat pengaruh | Q5: Tingkat pengaruh
A6: 1 | B6: AYAH
A7: 2 | B7: IBU
A8: 3 | B8: ANAK 1
A9: 4 | B9: ANAK 2
A10: 5 | B10: NENEK
A12: SILVI
A13: No | B13: Kode | C13: Tingkat Emosi dan Sosial
C14: Kondisi Psikologis | K14: Pengaruh Sosial Ketika Menghadapi Orang Lain
C15: Emosi | E15: Suasana Hati | G15: Stres | I15: Kesepian | K15: Kesungkanan | L15: Ayah | M15: Ibu | N15: Nenek | O15: Anak 1 | P15: Anak 2 | Q15: Tamu
C16: Posisi normal | D16: Laju ke normal | E16: Posisi normal | F16: Laju ke normal | G16: Posisi normal | H16: Laju ke normal | I16: Posisi normal | J16: Laju ke normal | K16: Karakter Sosial | L16: Tingkat pengaruh | M16: Tingkat pengaruh | N16: Tingkat pengaruh | O16: Tingkat pengaruh | P16: Tingkat pengaruh | Q16: Tingkat pengaruh
A17: 1 | B17: AYAH
A18: 2 | B18: IBU
A19: 3 | B19: ANAK 1
A20: 4 | B20: ANAK 2
A21: 5 | B21: CUCU
A22: 5 | B22: ART
A24: ADIT
A25: No | B25: Kode | C25: Tingkat Emosi dan Sosial
C26: Kondisi Psikologis | K26: Pengaruh Sosial Ketika Menghadapi Orang Lain
C27: Emosi | E27: Suasana Hati | G27: Stres | I27: Kesepian | K27: Kesungkanan | L27: Ayah | M27: Ibu | N27: Nenek | O27: Anak 1 | P27: Anak 2 | Q27: Tamu
C28: Posisi normal | D28: Laju ke normal | E28: Posisi normal | F28: Laju ke normal | G28: Posisi normal | H28: Laju ke normal | I28: Posisi normal | J28: Laju ke normal | K28: Karakter Sosial | L28: Tingkat pengaruh | M28: Tingkat pengaruh | N28: Tingkat pengaruh | O28: Tingkat pengaruh | P28: Tingkat pengaruh | Q28: Tingkat pengaruh
A29: 1 | B29: AYAH
A30: 2 | B30: IBU
A31: 3 | B31: ANAK 1
A32: 4 | B32: KAKEK
A33: 5 | B33: NENEK

Sheet DP_PAULA
A1: DATA RENCANA AYAH_PAULA
A2: No | B2: Kode | C2: Aktivitas | D2: KATEGORI AKTIVITAS | N2: WAKTU AKTIVITAS
D3: Aturan | H3: Kebiasaan | K3: Rencana Reguler | N3: Rentang Waktu | O3: Kelompok Waktu | T3: Rencana Insidental | V3: Rentang waktu Insidental | W3: Durasi (menit)
D4: Ya | E4: Tidak | F4: R2 | G4: R1 | H4: Ya | I4: Tidak | J4: H1 | K4: Ya | L4: Tidak | M4: P1 | O4: Pg | P4: Si | Q4: Sr | R4: Ml | S4: Al | T4: Ya / Tidak | U4: Slot waktu
A5: 1 | B5: BT | C5: Bangun tidur di pagi hari
A6: 2 | B6: BD | C6: Berdoa setelah bangun tidur di pagi hari
A7: 3 | B7: MD1 | C7: Mandi di pagi hari
A8: 4 | B8: MA1 | C8: Memandikan anak di pagi hari
A9: 5 | B9: MK2 | C9: Makan pagi
A10: 6 | B10: MC3 | C10: Membaca e-book (gadget)
A11: 7 | B11: KJ1 | C11: Berangkat kerja
A12: 8 | B12: KJ3 | C12: Pulang kerja
A13: 9 | B13: TDS | C13: Tidur siang
A14: 10 | B14: MK4 | C14: Makan siang
A15: 11 | B15: GR | C15: Memarkir kendaraan di garasi
A16: 12 | B16: MD2 | C16: Mandi di sore hari
... A40: 36 | B40: GL | C40: Mengganti galon
A42: DATA RENCANA KAKAK_PAULA
A43: No | B43: Kode | C43: Aktivitas | D43: KATEGORI AKTIVITAS | N43: WAKTU AKTIVITAS
D44: Aturan | H44: Kebiasaan | K44: Rencana Reguler | N44: Rentang Waktu | O44: Kelompok Waktu | T44: Rencana Insidental | V44: Rentang waktu Insidental | W44: Durasi (menit)
D45: Ya | E45: Tidak | F45: R2 | G45: R1 | H45: Ya | I45: Tidak | J45: H1 | K45: Ya | L45: Tidak | M45: P1 | O45: Pg | P45: Si | Q45: Sr | R45: Ml | S45: Al | T45: Ya / Tidak | U45: Slot waktu
A46: 1 | B46: BT | C46: Bangun tidur di pagi hari
A47: 2 | B47: BD | C47: Berdoa setelah bangun tidur di pagi hari
A48: 3 | B48: MD1 | C48: Mandi di pagi hari
A49: 4 | B49: MK2 | C49: Makan pagi
A50: 5 | B50: MC2 | C50: Membaca buku
A51: 6 | B51: KJ4 | C51: Les / homeshooling
A52: 7 | B52: KJ6 | C52: Belajar/bekerja tanpa komputer
A53: 8 | B53: TDS | C53: Tidur siang
A54: 9 | B54: MK4 | C54: Makan siang
A55: 10 | B55: MD2 | C55: Mandi di sore hari
A56: 11 | B56: CP2 | C56: Meletakkan pakaian kotor setelah mandi
A57: 12 | B57: CP3 | C57: Mengambil pakaian bersih sebelum mandi
... A78: 33 | B78: IB | C78: Ibadah (di rumah responden)
A89: DATA RENCANA IBU_PAULA
A90: No | B90: Kode | C90: Aktivitas | D90: KATEGORI AKTIVITAS | N90: WAKTU AKTIVITAS
D91: Aturan | H91: Kebiasaan | K91: Rencana Reguler | N91: Rentang Waktu | O91: Kelompok Waktu | T91: Rencana Insidental | V91: Rentang waktu Insidental | W91: Durasi (menit)
D92: Ya | E92: Tidak | F92: R2 | G92: R1 | H92: Ya | I92: Tidak | J92: H1 | K92: Ya | L92: Tidak | M92: P1 | O92: Pg | P92: Si | Q92: Sr | R92: Ml | S92: Al | T92: Ya / Tidak | U92: Slot waktu
A93: 1 | B93: BT | C93: Bangun tidur di pagi hari
A94: 2 | B94: BD | C94: Berdoa setelah bangun tidur di pagi hari
A95: 3 | B95: SP | C95: Membuang sampah
A96: 4 | B96: M1 | C96: Membersihkan teras
A97: 5 | B97: M2 | C97: Membersihkan Ruang tamu
A98: 6 | B98: M3 | C98: Membersihkan Ruang Keluarga
A99: 7 | B99: M4 | C99: Membersihkan Ruang Tidur Utama
A100: 8 | B100: M5 | C100: Membersihkan Ruang Tidur Anak 1,2
A101: 9 | B101: M6 | C101: Membersihkan Ruang Tidur Nenek
A102: 10 | B102: M7 | C102: Membersihkan dapur
A103: 11 | B103: M8 | C103: Membersihkan ruang makan
A104: 12 | B104: M9 | C104: Membersihkan gudang
... A157: 65 | B157: GL | C157: Mengganti galon
A173: DATA RENCANA NENEK_PAULA
A174: No | B174: Kode | C174: Aktivitas | D174: KATEGORI AKTIVITAS | N174: WAKTU AKTIVITAS
D175: Aturan | H175: Kebiasaan | K175: Rencana Reguler | N175: Rentang Waktu | O175: Kelompok Waktu | T175: Rencana Insidental | V175: Rentang waktu Insidental | W175: Durasi (menit)
D176: Ya | E176: Tidak | F176: R2 | G176: R1 | H176: Ya | I176: Tidak | J176: H1 | K176: Ya | L176: Tidak | M176: P1 | O176: Pg | P176: Si | Q176: Sr | R176: Ml | S176: Al | T176: Ya / Tidak | U176: Slot waktu
A177: 1 | B177: BT | C177: Bangun tidur di pagi hari
A178: 2 | B178: BD | C178: Berdoa setelah bangun tidur di pagi hari
A179: 3 | B179: MT1 | C179: Menyiram tanaman di pagi hari
A180: 4 | B180: SP | C180: Membuang sampah
A181: 5 | B181: MD1 | C181: Mandi di pagi hari
A182: 6 | B182: MK1 | C182: Menyuapi anak makan pagi
A183: 7 | B183: MK2 | C183: Makan pagi
A184: 8 | B184: GS1 | C184: Memasak dengan gas
A185: 9 | B185: GS2 | C185: Memasak di pagi dg. Peralatan listrik
A186: 10 | B186: GS3 | C186: Memasak di sore dengan gas
A187: 11 | B187: GS4 | C187: Memasak di sore dg. Peralatan listrik
A188: 12 | B188: PG1 | C188: Mencuci piring dan gelas
... A227: 51 | B227: RS2 | C227: Pulang Kontrol dari RS
A229: DATA RENCANA ADIK_PAULA
A230: No | B230: Kode | C230: Aktivitas | D230: KATEGORI AKTIVITAS | N230: WAKTU AKTIVITAS
D231: Aturan | H231: Kebiasaan | K231: Rencana Reguler | N231: Rentang Waktu | O231: Kelompok Waktu | T231: Rencana Insidental | V231: Rentang waktu Insidental | W231: Durasi (menit)
D232: Ya | E232: Tidak | F232: R2 | G232: R1 | H232: Ya | I232: Tidak | J232: H1 | K232: Ya | L232: Tidak | M232: P1 | O232: Pg | P232: Si | Q232: Sr | R232: Ml | S232: Al | T232: Ya / Tidak | U232: Slot waktu
A233: 1 | B233: BT | C233: Bangun tidur di pagi hari
A234: 2 | B234: BD | C234: Berdoa setelah bangun tidur di pagi hari
A235: 3 | B235: MD1 | C235: Mandi di pagi hari
A236: 4 | B236: MK2 | C236: Makan pagi
A237: 5 | B237: TDS | C237: Tidur siang
A238: 6 | B238: MK4 | C238: Makan siang
A239: 7 | B239: MD2 | C239: Mandi di sore hari
A240: 8 | B240: MK6 | C240: Makan malam
A241: 9 | B241: BP | C241: Berpakaian dan berdandan
A242: 10 | B242: MG3 | C242: Menggambar tanpa gadget
A243: 11 | B243: TDM | C243: Tidur malam
A244: 12 | B244: TD | C244: Tidur (diluar waktu tidur malam & siang)
... A255: 23 | B255: IB | C255: Ibadah (di rumah responden)

Sheet SYARAT_PAULA
A1: SYARAT AYAH_PAULA
A2: NO | B2: KODE | C2: AKTIVITAS | D2: Peluang Dilakukan | E2: Tingkat Kemampuan Minimal | F2: FAKTOR FISIK LINGKUNGAN | V2: FAKTOR SUMBER DAYA | AL2: FAKTOR RUANG | BG2: RUANG UNTUK AKTIVITAS
V3: Air/Listrik/Gas/Makanan/Bahan Makanan/Bahan Bacaan | AL3: Kursi/Sofa/Karpet/Pintu/Tempat Tidur/Alat Kebersihan/ Alat Berkebun | BG3: Ruang Alternatif 1 | BH3: Ruang Alternatif 2 | BI3: Kondisi Ruang Alt 1 | BJ3: Jika Hidup Pilih | BK3: Jika Mati Pilih
F4: F1 Cahaya | N4: F2 Suhu | V4: R1 | AD4: R2 | AL4: D1 | AT4: D2 | BB4: D3
F5: Ya / Tidak | G5: Batas | H5: Kondisi Terkini | I5: Aktivitas Pendukung Sebelum | J5: Peluang Dilakukan | K5: Aktivitas Pendukung Setelah | L5: Peluang Dilakukan | M5: Obyek Lampu | N5: Ya / Tidak | O5: Batas | P5: Kondisi Terkini | Q5: Aktivitas Pendukung Sebelum | R5: Peluang Dilakukan | S5: Aktivitas Pendukung Setelah | T5: Peluang Dilakukan | U5: Obyek Pengatur Suhu Ruang | V5: Ya / Tidak | W5: Komponen | X5: Kondisi Terkini | Y5: Aktivitas Pendukung Sebelum | Z5: Peluang Dilakukan | AA5: Aktivitas Pendukung Setelah | AB5: Peluang Dilakukan | AC5: Obyek Lingkungan | AD5: Ya / Tidak | AE5: Komponen | AF5: Kondisi Terkini | AG5: Aktivitas Pendukung Sebelum | AH5: Peluang Dilakukan | AI5: Aktivitas Pendukung Setelah | AJ5: Peluang Dilakukan | AK5: Obyek Lingkungan | AL5: Ya / Tidak | AM5: Komponen | AN5: Kondisi Terkini | AO5: Aktivitas Pendukung Sebelum | AP5: Peluang Dilakukan | AQ5: Aktivitas Pendukung Setelah | AR5: Peluang Dilakukan | AS5: Obyek Lingkungan | AT5: Ya / Tidak | AU5: Komponen | AV5: Kondisi Terkini | AW5: Aktivitas Pendukung Sebelum | AX5: Peluang Dilakukan | AY5: Aktivitas Pendukung Setelah | AZ5: Peluang Dilakukan | BA5: Obyek Lingkungan | BB5: Ya / Tidak | BC5: Komponen | BD5: Kondisi Terkini | BE5: Jika Komponen Mati Pilih | BF5: Alat
A6: =DP_PAULA!A5 -> 1 | B6: =DP_PAULA!B5 -> BT | C6: =DP_PAULA!C5 -> Bangun tidur di pagi hari | E6: 2 | F6: Tidak | G6: 0 | H6: 0 | I6: 0 | M6: 0 | N6: Tidak | O6: 0 | P6: 0 | Q6: 0 | U6: 0 | V6: Tidak | W6: 0 | X6: 0 | Y6: 0 | AC6: 0 | AD6: Tidak | AE6: 0 | AF6: 0 | AG6: 0 | AK6: 0 | AL6: Ya | AM6: Tempat Tidur | AN6: Mati | AO6: T4 | AS6: TD1 | AT6: Tidak | AU6: 0 | AV6: 0 | AW6: 0 | BA6: 0 | BB6: Tidak | BC6: 0 | BD6: 0 | BE6: 0 | BF6: 0 | BG6: Rg Tidur Utama | BI6: Hidup | BJ6: J2 | BK6: J1
A7: =DP_PAULA!A6 -> 2 | B7: =DP_PAULA!B6 -> BD | C7: =DP_PAULA!C6 -> Berdoa setelah bangun tidur di pagi hari | E7: 2 | F7: Ya | G7: 100 | H7: 40 | I7: S1 | M7: L18 | N7: Tidak | O7: 0 | P7: 0 | Q7: 0 | U7: 0 | V7: Tidak | W7: 0 | X7: 0 | Y7: 0 | AC7: 0 | AD7: Tidak | AE7: 0 | AF7: 0 | AG7: 0 | AK7: 0 | AL7: Ya | AM7: Tempat Tidur | AN7: Mati | AO7: T4 | AS7: TD1 | AT7: Tidak | AU7: 0 | AV7: 0 | AW7: 0 | BA7: 0 | BB7: Tidak | BC7: 0 | BD7: 0 | BE7: 0 | BF7: 0 | BG7: Rg Tidur Utama | BI7: Hidup | BJ7: J2 | BK7: J1
A8: =DP_PAULA!A7 -> 3 | B8: =DP_PAULA!B7 -> MD1 | C8: =DP_PAULA!C7 -> Mandi di pagi hari | E8: 4 | F8: Ya | G8: 100 | H8: 40 | I8: S1 | M8: L10 | N8: Tidak | O8: 0 | P8: 0 | Q8: 0 | U8: 0 | V8: Ya | W8: Air | X8: Hidup | Y8: O1 | AC8: WT03 | AD8: Tidak | AE8: 0 | AF8: 0 | AG8: 0 | AK8: 0 | AL8: Ya | AM8: Pintu | AN8: Mati | AO8: G3 | AS8: P8 | AT8: Tidak | AU8: 0 | AV8: 0 | AW8: 0 | BA8: 0 | BG8: KM | BI8: Hidup | BJ8: J2 | BK8: J1
A9: =DP_PAULA!A8 -> 4 | B9: =DP_PAULA!B8 -> MA1 | C9: =DP_PAULA!C8 -> Memandikan anak di pagi hari | E9: 4 | F9: Ya | G9: 100 | H9: 40 | I9: S1 | M9: L10 | N9: Tidak | O9: 0 | P9: 0 | Q9: 0 | U9: 0 | V9: Ya | W9: Air | X9: Hidup | Y9: O1 | AC9: WT03 | AD9: Tidak | AE9: 0 | AF9: 0 | AG9: 0 | AK9: 0 | AL9: Ya | AM9: Pintu | AN9: Mati | AO9: G4 | AS9: P8 | AT9: Tidak | AU9: 0 | AV9: 0 | AW9: 0 | BA9: 0 | BG9: KM | BI9: Hidup | BJ9: J2 | BK9: J1
A10: =DP_PAULA!A9 -> 5 | B10: =DP_PAULA!B9 -> MK2 | C10: =DP_PAULA!C9 -> Makan pagi | E10: 2 | F10: Ya | G10: 100 | H10: 40 | I10: S1 | M10: L11 | N10: Tidak | O10: 0 | P10: 0 | Q10: 0 | U10: 0 | V10: Ya | W10: Makanan | X10: Hidup | Y10: G5 | AC10: RC02 | AD10: Tidak | AE10: 0 | AF10: 0 | AG10: 0 | AK10: 0 | AL10: Ya | AM10: Kursi/Karpet/Sofa | AN10: Mati | AO10: K/KR/S | AS10: K01 | AT10: Tidak | AU10: 0 | AV10: 0 | AW10: 0 | BA10: 0 | BG10: RMKn | BI10: Hidup | BJ10: J2 | BK10: J1
A11: =DP_PAULA!A10 -> 6 | B11: =DP_PAULA!B10 -> MC3 | C11: =DP_PAULA!C10 -> Membaca e-book (gadget) | E11: 4 | F11: Ya | G11: 100 | H11: 40 | I11: S1 | M11: L6/ L4/ L5 | N11: Tidak | O11: 0 | P11: 0 | Q11: 0 | U11: 0 | V11: Ya | W11: Listrik | X11: Hidup | Y11: S6 | AD11: Tidak | AE11: 0 | AF11: 0 | AG11: 0 | AK11: 0 | AL11: Ya | AM11: Kursi/Karpet/Sofa | AN11: Mati | AO11: K/KR/S | AS11: S10/ KR01 | AT11: Ya | AU11: Kursi/Karpet/Sofa | AV11: Mati | AW11: K/KR/S | BA11: S04 | BG11: R Keluarga | BH11: R Tamu | BI11: Hidup | BJ11: J2 | BK11: J1
A12: =DP_PAULA!A11 -> 7 | B12: =DP_PAULA!B11 -> KJ1 | C12: =DP_PAULA!C11 -> Berangkat kerja | E12: 4 | F12: Tidak | G12: 0 | H12: 0 | I12: 0 | M12: 0 | N12: Tidak | O12: 0 | P12: 0 | Q12: 0 | U12: 0 | V12: Tidak | W12: 0 | X12: 0 | Y12: 0 | AC12: 0 | AD12: Tidak | AE12: 0 | AF12: 0 | AG12: 0 | AK12: 0 | AL12: Tidak | AM12: 0 | AN12: 0 | AO12: 0 | AS12: 0 | AT12: Tidak | AU12: 0 | AV12: 0 | AW12: 0 | BA12: 0 | BG12: Garasi | BI12: Hidup | BJ12: J2 | BK12: J1
A13: =DP_PAULA!A12 -> 8 | B13: =DP_PAULA!B12 -> KJ3 | C13: =DP_PAULA!C12 -> Pulang kerja | E13: 4 | F13: Tidak | G13: 0 | H13: 0 | I13: 0 | M13: 0 | N13: Tidak | O13: 0 | P13: 0 | Q13: 0 | U13: 0 | V13: Tidak | W13: 0 | X13: 0 | Y13: 0 | AC13: 0 | AD13: Tidak | AE13: 0 | AF13: 0 | AG13: 0 | AK13: 0 | AL13: Tidak | AM13: 0 | AN13: 0 | AO13: 0 | AS13: 0 | AT13: Tidak | AU13: 0 | AV13: 0 | AW13: 0 | BA13: 0 | BG13: Garasi | BI13: Hidup | BJ13: J2 | BK13: J1
A14: =DP_PAULA!A13 -> 9 | B14: =DP_PAULA!B13 -> TDS | C14: =DP_PAULA!C13 -> Tidur siang | E14: 2 | F14: Ya | G14: 100 | H14: 40 | I14: S1 | M14: L3 | N14: Ya | O14: 25 | P14: 27 | Q14: S2 | U14: AC01/ KP02 | V14: Tidak | W14: 0 | X14: 0 | Y14: 0 | AC14: 0 | AD14: Tidak | AE14: 0 | AF14: 0 | AG14: 0 | AK14: 0 | AL14: Ya | AM14: Tempat Tidur | AN14: Mati | AO14: T2 | AS14: TD1 | AT14: Tidak | AU14: 0 | AV14: 0 | AW14: 0 | BA14: 0 | BG14: Rg Tidur Utama | BI14: Hidup | BJ14: J2 | BK14: J1
A15: =DP_PAULA!A14 -> 10 | B15: =DP_PAULA!B14 -> MK4 | C15: =DP_PAULA!C14 -> Makan siang | E15: 2 | F15: Ya | G15: 100 | H15: 40 | I15: S1 | M15: L11 | N15: Tidak | O15: 0 | P15: 0 | Q15: 0 | U15: 0 | V15: Ya | W15: Makanan | X15: Hidup | Y15: G5 | AC15: RC02 | AD15: Tidak | AE15: 0 | AF15: 0 | AG15: 0 | AK15: 0 | AL15: Ya | AM15: Kursi/Karpet/Sofa | AN15: Mati | AO15: K/KR/S | AS15: K01 | AT15: Tidak | AU15: 0 | AV15: 0 | AW15: 0 | BA15: 0 | BG15: R Makan | BH15: R keluarga | BI15: Hidup | BJ15: J2 | BK15: J1
A16: =DP_PAULA!A15 -> 11 | B16: =DP_PAULA!B15 -> GR | C16: =DP_PAULA!C15 -> Memarkir kendaraan di garasi | E16: 8 | F16: Ya | G16: 100 | H16: 40 | I16: S1 | M16: L2 | N16: Tidak | O16: 0 | P16: 0 | Q16: 0 | U16: 0 | V16: Tidak | W16: 0 | X16: 0 | Y16: 0 | AC16: 0 | AD16: Tidak | AE16: 0 | AF16: 0 | AG16: 0 | AK16: 0 | AL16: Ya | AM16: Pintu | AN16: Mati | AO16: G2 | AS16: P13 | AT16: Tidak | AU16: 0 | AV16: 0 | AW16: 0 | BA16: 0 | BG16: Garasi | BI16: Hidup | BJ16: J2 | BK16: J1
A17: =DP_PAULA!A16 -> 12 | B17: =DP_PAULA!B16 -> MD2 | C17: =DP_PAULA!C16 -> Mandi di sore hari | E17: 4 | F17: Ya | G17: 100 | H17: 40 | I17: S1 | M17: L10 | N17: Tidak | O17: 0 | P17: 0 | Q17: 0 | U17: 0 | V17: Ya | W17: Air | X17: Hidup | Y17: O1 | AC17: WT03 | AD17: Tidak | AE17: 0 | AF17: 0 | AG17: 0 | AK17: 0 | AL17: Ya | AM17: Pintu | AN17: Mati | AO17: G2 | AS17: P8 | AT17: Tidak | AU17: 0 | AV17: 0 | AW17: 0 | BA17: 0 | BG17: KM | BI17: Hidup | BJ17: J2 | BK17: J1
A18: =DP_PAULA!A17 -> 13 | B18: =DP_PAULA!B17 -> CP2 | C18: =DP_PAULA!C17 -> Meletakkan pakaian kotor setelah mandi | E18: 2 | F18: Ya | G18: 100 | H18: 40 | I18: S1 | M18: L13 | N18: Tidak | O18: 0 | P18: 0 | Q18: 0 | U18: 0 | V18: Tidak | W18: 0 | X18: 0 | Y18: 0 | AC18: 0 | AD18: Tidak | AE18: 0 | AF18: 0 | AG18: 0 | AK18: 0 | AL18: Ya | AM18: Pintu | AN18: Mati | AO18: G2 | AS18: P11 | AT18: Tidak | AU18: 0 | AV18: 0 | AW18: 0 | BA18: 0 | BG18: R Cuci | BI18: Hidup | BJ18: J2 | BK18: J1
A19: =DP_PAULA!A18 -> 14 | B19: =DP_PAULA!B18 -> CP3 | C19: =DP_PAULA!C18 -> Mengambil pakaian bersih sebelum mandi | E19: 2 | F19: Ya | G19: 100 | H19: 40 | I19: S1 | M19: L3 | N19: Tidak | O19: 0 | P19: 0 | Q19: 0 | U19: 0 | V19: Tidak | W19: 0 | X19: 0 | Y19: 0 | AC19: 0 | AD19: Tidak | AE19: 0 | AF19: 0 | AG19: 0 | AK19: 0 | AL19: Ya | AM19: Pintu | AN19: Mati | AO19: G2 | AS19: P4 | AT19: Tidak | AU19: 0 | AV19: 0 | AW19: 0 | BA19: 0 | BG19: RT Utama | BI19: Hidup | BJ19: J2 | BK19: J1
A20: =DP_PAULA!A19 -> 15 | B20: =DP_PAULA!B19 -> MK6 | C20: =DP_PAULA!C19 -> Makan malam | E20: 2 | F20: Ya | G20: 100 | H20: 40 | I20: S1 | M20: L11 | N20: Tidak | O20: 0 | P20: 0 | Q20: 0 | U20: 0 | V20: Ya | W20: Makanan | X20: Hidup | Y20: G5 | AC20: RC02 | AD20: Tidak | AE20: 0 | AF20: 0 | AG20: 0 | AK20: 0 | AL20: Ya | AM20: Kursi/Karpet/Sofa | AN20: Mati | AO20: K/KR/S | AS20: K01 | AT20: Tidak | AU20: 0 | AV20: 0 | AW20: 0 | BA20: 0 | BG20: R Makan | BH20: R keluarga | BI20: Hidup | BJ20: J2 | BK20: J1
A21: =DP_PAULA!A20 -> 16 | B21: =DP_PAULA!B20 -> BP | C21: =DP_PAULA!C20 -> Berpakaian dan berdandan | E21: 2 | F21: Ya | G21: 100 | H21: 40 | I21: S1 | M21: L3 | N21: Tidak | O21: 0 | P21: 0 | Q21: 0 | U21: 0 | V21: Tidak | W21: 0 | X21: 0 | Y21: 0 | AC21: 0 | AD21: Tidak | AE21: 0 | AF21: 0 | AG21: 0 | AK21: 0 | AL21: Ya | AM21: Pintu | AN21: Mati | AO21: G2 | AS21: P4 | AT21: Tidak | AU21: 0 | AV21: 0 | AW21: 0 | BA21: 0 | BC21: Karpet | BD21: Hidup | BE21: Kr1 | BG21: Rg Tidur Utama | BH21: Rg Tidur 2 | BI21: Hidup | BJ21: J2 | BK21: J1
A22: =DP_PAULA!A21 -> 17 | B22: =DP_PAULA!B21 -> TDM | C22: =DP_PAULA!C21 -> Tidur malam | E22: 2 | F22: Ya | G22: 100 | H22: 40 | I22: S1 | M22: L3/ L18 | N22: Ya | O22: 25 | P22: 27 | Q22: S2 | U22: AC01/ KP02 | V22: Tidak | W22: 0 | X22: 0 | Y22: 0 | AC22: 0 | AD22: Tidak | AE22: 0 | AF22: 0 | AG22: 0 | AK22: 0 | AL22: Ya | AM22: Tempat Tidur | AN22: Mati | AO22: T2 | AS22: P4 | AT22: Tidak | AU22: 0 | AV22: 0 | AW22: 0 | BA22: 0 | BG22: Rg Tidur Utama | BI22: Hidup | BJ22: J2 | BK22: J1
A23: =DP_PAULA!A22 -> 18 | B23: =DP_PAULA!B22 -> TD | C23: =DP_PAULA!C22 -> Tidur (diluar waktu tidur malam & siang) | E23: 2 | F23: Ya | G23: 100 | H23: 40 | I23: S1 | M23: L3/ L18 | N23: Ya | O23: 25 | P23: 27 | Q23: S2 | U23: AC01/ KP02 | V23: Tidak | W23: 0 | X23: 0 | Y23: 0 | AC23: 0 | AD23: Tidak | AE23: 0 | AF23: 0 | AG23: 0 | AK23: 0 | AL23: Ya | AM23: Tempat Tidur | AN23: Mati | AO23: T2 | AS23: P4 | AT23: Tidak | AU23: 0 | AV23: 0 | AW23: 0 | BA23: 0 | BG23: Rg Tidur Utama | BI23: Hidup | BJ23: J2 | BK23: J1
A24: =DP_PAULA!A23 -> 19 | B24: =DP_PAULA!B23 -> TO | C24: =DP_PAULA!C23 -> Toilet (hanya BAK/BAB) | E24: 4 | F24: Ya | G24: 100 | H24: 40 | I24: S1 | M24: L10 | N24: Tidak | O24: 0 | P24: 0 | Q24: 0 | U24: 0 | V24: Ya | W24: Air | X24: Hidup | Y24: O1 | AC24: WT03 | AD24: Tidak | AE24: 0 | AF24: 0 | AG24: 0 | AK24: 0 | AL24: Ya | AM24: Pintu | AN24: Mati | AO24: G2 | AS24: P8 | AT24: Tidak | AU24: 0 | AV24: 0 | AW24: 0 | BA24: 0 | BG24: KM | BI24: Hidup | BJ24: J2 | BK24: J1
A25: =DP_PAULA!A24 -> 20 | B25: =DP_PAULA!B24 -> MD | C25: =DP_PAULA!C24 -> Mandi (diluar waktu mandi pagi dan sore) | E25: 4 | F25: Ya | G25: 100 | H25: 40 | I25: S1 | M25: L10 | N25: Tidak | O25: 0 | P25: 0 | Q25: 0 | U25: 0 | V25: Ya | W25: Air | X25: Hidup | Y25: O1 | AC25: WT03 | AD25: Tidak | AE25: 0 | AF25: 0 | AG25: 0 | AK25: 0 | AL25: Ya | AM25: Pintu | AN25: Mati | AO25: G2 | AS25: P8 | AT25: Tidak | AU25: 0 | AV25: 0 | AW25: 0 | BA25: 0 | BG25: KM | BI25: Hidup | BJ25: J2 | BK25: J1
A26: =DP_PAULA!A25 -> 21 | B26: =DP_PAULA!B25 -> BK | C26: =DP_PAULA!C25 -> Bercukur | E26: 6 | F26: Ya | G26: 100 | H26: 40 | I26: S1 | M26: L10 | N26: Tidak | O26: 0 | P26: 0 | Q26: 0 | U26: 0 | V26: Ya | W26: Air | X26: Hidup | Y26: O1 | AC26: WT03 | AD26: Tidak | AE26: 0 | AF26: 0 | AG26: 0 | AK26: 0 | AL26: Ya | AM26: Pintu | AN26: Mati | AO26: G2 | AS26: P8 | AT26: Tidak | AU26: 0 | AV26: 0 | AW26: 0 | BA26: 0 | BG26: KM | BI26: Hidup | BJ26: J2 | BK26: J1
A27: =DP_PAULA!A26 -> 22 | B27: =DP_PAULA!B26 -> MK | C27: =DP_PAULA!C26 -> Makan (diluar waktu makan pagi, siang, malam) | E27: 2 | F27: Ya | G27: 100 | H27: 40 | I27: S1 | M27: L11/ L6 | N27: Tidak | O27: 0 | P27: 0 | Q27: 0 | U27: 0 | V27: Ya | W27: Makanan | X27: Hidup | Y27: G5 | AC27: RC02/RC01 | AD27: Tidak | AE27: 0 | AF27: 0 | AG27: 0 | AK27: 0 | AL27: Ya | AM27: Kursi/Karpet/Sofa | AN27: Mati | AO27: K/KR/S | AS27: K01 | AT27: Tidak | AU27: 0 | AV27: 0 | AW27: 0 | BA27: 0 | BG27: R Makan | BH27: Rg Keluarga | BI27: Hidup | BJ27: J2 | BK27: J1
A28: =DP_PAULA!A27 -> 23 | B28: =DP_PAULA!B27 -> MN1 | C28: =DP_PAULA!C27 -> Minum setelah makan pagi | E28: 2 | F28: Ya | G28: 100 | H28: 40 | I28: S1 | M28: L12/ L11 | N28: Tidak | O28: 0 | P28: 0 | Q28: 0 | U28: 0 | V28: Ya | W28: Listrik | X28: Hidup | Y28: L2 | AC28: DP01 | AD28: Ya | AE28: Air | AF28: Hidup | AG28: O1 | AK28: 0 | AL28: Ya | AM28: Kursi/Karpet/Sofa | AN28: Mati | AO28: K/KR/S | AS28: K01 | AT28: Tidak | AU28: 0 | AV28: 0 | AW28: 0 | BA28: 0 | BG28: Dapur | BH28: R Makan | BI28: Hidup | BJ28: J2 | BK28: J1
A29: =DP_PAULA!A28 -> 24 | B29: =DP_PAULA!B28 -> MN2 | C29: =DP_PAULA!C28 -> Minum setelah makan siang | E29: 2 | F29: Ya | G29: 100 | H29: 40 | I29: S1 | M29: L12/ L11 | N29: Tidak | O29: 0 | P29: 0 | Q29: 0 | U29: 0 | V29: Ya | W29: Listrik | X29: Hidup | Y29: L2 | AC29: DP01 | AD29: Ya | AE29: Air | AF29: Hidup | AG29: O1 | AK29: 0 | AL29: Ya | AM29: Kursi/Karpet/Sofa | AN29: Mati | AO29: K/KR/S | AS29: K01 | AT29: Tidak | AU29: 0 | AV29: 0 | AW29: 0 | BA29: 0 | BG29: Dapur | BH29: R Makan | BI29: Hidup | BJ29: J2 | BK29: J1
A30: =DP_PAULA!A29 -> 25 | B30: =DP_PAULA!B29 -> MN3 | C30: =DP_PAULA!C29 -> Minum setelah makan malam | E30: 2 | F30: Ya | G30: 100 | H30: 40 | I30: S1 | M30: L12/ L11 | N30: Tidak | O30: 0 | P30: 0 | Q30: 0 | U30: 0 | V30: Ya | W30: Listrik | X30: Hidup | Y30: L2 | AC30: DP01 | AD30: Ya | AE30: Air | AF30: Hidup | AG30: O1 | AK30: 0 | AL30: Ya | AM30: Kursi/Karpet/Sofa | AN30: Mati | AO30: K/KR/S | AS30: K01 | AT30: Tidak | AU30: 0 | AV30: 0 | AW30: 0 | BA30: 0 | BG30: Dapur | BH30: R Makan | BI30: Hidup | BJ30: J2 | BK30: J1
A31: =DP_PAULA!A30 -> 26 | B31: =DP_PAULA!B30 -> MN4 | C31: =DP_PAULA!C30 -> Minum (diluar waktu makan pagi, siang, malam) | E31: 2 | F31: Ya | G31: 100 | H31: 40 | I31: S1 | M31: L12/ L11 | N31: Tidak | O31: 0 | P31: 0 | Q31: 0 | U31: 0 | V31: Ya | W31: Listrik | X31: Hidup | Y31: L2 | AC31: DP01 | AD31: Ya | AE31: Air | AF31: Hidup | AG31: O1 | AK31: 0 | AL31: Ya | AM31: Kursi/Karpet/Sofa | AN31: Mati | AO31: K/KR/S | AS31: K01 | AT31: Tidak | AU31: 0 | AV31: 0 | AW31: 0 | BA31: 0 | BG31: Dapur | BH31: R Makan | BI31: Hidup | BJ31: J2 | BK31: J1
A32: =DP_PAULA!A31 -> 27 | B32: =DP_PAULA!B31 -> MP | C32: =DP_PAULA!C31 -> Mengganti lampu | E32: 8 | F32: Ya | G32: 0 | H32: 40 | I32: S8 | M32: 0 | N32: Tidak | O32: 0 | P32: 0 | Q32: 0 | U32: 0 | V32: Ya | W32: Listrik | X32: Mati | Y32: L1 | AD32: Tidak | AE32: 0 | AF32: 0 | AG32: 0 | AK32: 0 | AL32: Tidak | AM32: 0 | AN32: 0 | AO32: 0 | AS32: 0 | AT32: Tidak | AU32: 0 | AV32: 0 | AW32: 0 | BA32: 0 | BI32: Hidup | BJ32: J2 | BK32: J1
A33: =DP_PAULA!A32 -> 28 | B33: =DP_PAULA!B32 -> BS | C33: =DP_PAULA!C32 -> Bersantai (waktu ditentukan responden) | E33: 2 | F33: Ya | G33: 100 | H33: 40 | I33: S1 | M33: L3/ L6 | N33: Ya | O33: 25 | P33: 27 | Q33: S2 | U33: AC01/ KP02 | V33: Tidak | W33: 0 | X33: 0 | Y33: 0 | AC33: 0 | AD33: Tidak | AE33: 0 | AF33: 0 | AG33: 0 | AK33: 0 | AL33: Ya | AM33: Tempat Tidur | AN33: Mati | AO33: T2 | AS33: TD1 | AT33: Ya | AU33: Kursi/Karpet/Sofa | AV33: Mati | AW33: K/KR/S | BA33: S10 | BG33: Rg Tidur Utama | BH33: Rg Keluarga | BI33: Hidup | BJ33: J2 | BK33: J1
A34: =DP_PAULA!A33 -> 29 | B34: =DP_PAULA!B33 -> GD1 | C34: =DP_PAULA!C33 -> Mengisi ulang daya gadget | E34: 2 | F34: Ya | G34: 100 | H34: 40 | I34: S1 | M34: L3/ L7 | N34: Tidak | O34: 0 | P34: 0 | Q34: 0 | U34: 0 | V34: Ya | W34: Listrik | X34: Mati | Y34: L2 | AD34: Tidak | AE34: 0 | AF34: 0 | AG34: 0 | AK34: 0 | AL34: Tidak | AM34: 0 | AN34: 0 | AO34: 0 | AS34: 0 | AT34: Tidak | AU34: 0 | AV34: 0 | AW34: 0 | BA34: 0 | BG34: Rg Tidur Utama | BH34: Rg Keluarga | BI34: Hidup | BJ34: J2 | BK34: J1
A35: =DP_PAULA!A34 -> 30 | B35: =DP_PAULA!B34 -> GD2 | C35: =DP_PAULA!C34 -> Mengoperasikan gadget | E35: 2 | F35: Ya | G35: 100 | H35: 40 | I35: S1 | M35: L3/ L6 | N35: Tidak | O35: 0 | P35: 0 | Q35: 0 | U35: 0 | V35: Tidak | W35: 0 | X35: 0 | Y35: 0 | AC35: 0 | AD35: Tidak | AE35: 0 | AF35: 0 | AG35: 0 | AK35: 0 | AL35: Ya | AM35: Tempat Tidur | AN35: Mati | AO35: T2 | AS35: TD1 | AT35: Ya | AU35: Kursi/Karpet/Sofa | AV35: Mati | AW35: K/KR/S | BA35: S10/ KR01 | BG35: Rg Tidur Utama | BH35: Rg Keluarga | BI35: Hidup | BJ35: J2 | BK35: J1
A36: =DP_PAULA!A35 -> 31 | B36: =DP_PAULA!B35 -> TV | C36: =DP_PAULA!C35 -> Menonton TV (waktu ditentukan responden) | E36: 2 | F36: Ya | G36: 100 | H36: 40 | I36: S1 | M36: L6 | N36: Ya | O36: 25 | P36: 27 | Q36: S2 | U36: KP01 | V36: Ya | W36: Listrik | X36: Mati | Y36: L2 | AC36: TV01 | AD36: Tidak | AE36: 0 | AF36: 0 | AG36: 0 | AK36: 0 | AL36: Ya | AM36: Kursi/Karpet/Sofa | AN36: Mati | AO36: K/KR/S | AS36: S10/ KR01 | AT36: Tidak | AU36: 0 | AV36: 0 | AW36: 0 | BA36: 0 | BG36: Rg Keluarga | BI36: Hidup | BJ36: J2 | BK36: J1
A37: =DP_PAULA!A36 -> 32 | B37: =DP_PAULA!B36 -> BM1 | C37: =DP_PAULA!C36 -> Mengawasi anak/adik bermain | E37: 4 | F37: Ya | G37: 100 | H37: 40 | I37: S1 | M37: L6/ L4/ L5 | N37: Ya | O37: 25 | P37: 27 | Q37: S2 | U37: KP01 | V37: Tidak | W37: 0 | X37: 0 | Y37: 0 | AC37: 0 | AD37: Tidak | AE37: 0 | AF37: 0 | AG37: 0 | AK37: 0 | AL37: Ya | AM37: Kursi/Karpet/Sofa | AN37: Mati | AO37: K/KR/S | AS37: S10/ KR01 | AT37: Ya | AU37: Kursi/Karpet/Sofa | AV37: Mati | AW37: K/KR/S | BA37: S04 | BG37: Rg Keluarga | BH37: R Tamu | BI37: Hidup | BJ37: J2 | BK37: J1
A38: =DP_PAULA!A37 -> 33 | B38: =DP_PAULA!B37 -> MT | C38: =DP_PAULA!C37 -> Menerima tamu | E38: 6 | F38: Ya | G38: 100 | H38: 40 | I38: S1 | M38: L4/ L5/ L6 | N38: Tidak | O38: 0 | P38: 0 | Q38: 0 | U38: 0 | V38: Tidak | W38: 0 | X38: 0 | Y38: 0 | AC38: 0 | AD38: Tidak | AE38: 0 | AF38: 0 | AG38: 0 | AK38: 0 | AL38: Ya | AM38: Kursi/Karpet/Sofa | AN38: Mati | AO38: K/KR/S | AS38: S04 | AT38: Ya | AU38: Kursi/Karpet/Sofa | AV38: Mati | AW38: K/KR/S | BA38: S10 | BG38: R Tamu | BH38: Rg Keluarga | BI38: Hidup | BJ38: J2 | BK38: J1
A39: =DP_PAULA!A38 -> 34 | B39: =DP_PAULA!B38 -> KS | C39: =DP_PAULA!C38 -> Kegiatan sosial | E39: 8 | F39: Ya | G39: 100 | H39: 40 | I39: S1 | M39: L4/ L5/ L2 | N39: Tidak | O39: 0 | P39: 0 | Q39: 0 | U39: 0 | V39: Tidak | W39: 0 | X39: 0 | Y39: 0 | AC39: 0 | AD39: Tidak | AE39: 0 | AF39: 0 | AG39: 0 | AK39: 0 | AL39: Ya | AM39: Kursi/Karpet/Sofa | AN39: Mati | AO39: K/KR/S | AS39: S04 | AT39: Tidak | AU39: 0 | AV39: 0 | AW39: 0 | BA39: 0 | BG39: R Tamu | BH39: Garasi | BI39: Hidup | BJ39: J2 | BK39: J1
A40: =DP_PAULA!A39 -> 35 | B40: =DP_PAULA!B39 -> IB | C40: =DP_PAULA!C39 -> Ibadah (di rumah responden) | E40: 4 | F40: Ya | G40: 100 | H40: 40 | I40: S1 | M40: L4/ L5 | N40: Tidak | O40: 0 | P40: 0 | Q40: 0 | U40: 0 | V40: Tidak | W40: 0 | X40: 0 | Y40: 0 | AC40: 0 | AD40: Tidak | AE40: 0 | AF40: 0 | AG40: 0 | AK40: 0 | AL40: Ya | AM40: Kursi/Karpet/Sofa | AN40: Mati | AO40: K/KR/S | AS40: S04 | AT40: Tidak | AU40: 0 | AV40: 0 | AW40: 0 | BA40: 0 | BG40: R Tamu | BI40: Hidup | BJ40: J2 | BK40: J1
A41: =DP_PAULA!A40 -> 36 | B41: =DP_PAULA!B40 -> GL | C41: =DP_PAULA!C40 -> Mengganti galon | E41: 8 | F41: Ya | G41: 100 | H41: 40 | I41: S1 | M41: L11 | N41: Tidak | O41: 0 | P41: 0 | Q41: 0 | U41: 0 | V41: Ya | W41: Listrik | X41: Mati | Y41: L1 | AC41: DP01 | AD41: Tidak | AE41: 0 | AF41: 0 | AG41: 0 | AK41: 0 | AL41: Tidak | AM41: 0 | AN41: 0 | AO41: 0 | AS41: 0 | AT41: Tidak | AU41: 0 | AV41: 0 | AW41: 0 | BA41: 0 | BG41: R Makan | BI41: Hidup | BJ41: J2 | BK41: J1
A43: SYARAT KAKAK_PAULA
A44: NO | B44: KODE | C44: AKTIVITAS | D44: Peluang Dilakukan | E44: Tingkat Kemampuan Minimal | F44: FAKTOR FISIK LINGKUNGAN | V44: FAKTOR SUMBER DAYA | AL44: FAKTOR RUANG | BG44: RUANG UNTUK AKTIVITAS
V45: Air/Listrik/Gas/Makanan/Bahan Makanan/Bahan Bacaan | AL45: Kursi/Sofa/Karpet/Pintu/Tempat Tidur/Alat Kebersihan/ Alat Berkebun | BG45: Ruang Alternatif 1 | BH45: Ruang Alternatif 2 | BI45: Kondisi Ruang Alt 1 | BJ45: Jika Hidup Pilih | BK45: Jika Mati Pilih
F46: F1 Cahaya | N46: F2 Suhu | V46: R1 | AD46: R2 | AL46: D1 | AT46: D2 | BB46: D3
F47: Ya / Tidak | G47: Batas | H47: Kondisi Terkini | I47: Aktivitas Pendukung Sebelum | J47: Peluang Dilakukan | K47: Aktivitas Pendukung Setelah | L47: Peluang Dilakukan | M47: Obyek Lampu | N47: Ya / Tidak | O47: Batas | P47: Kondisi Terkini | Q47: Aktivitas Pendukung Sebelum | R47: Peluang Dilakukan | S47: Aktivitas Pendukung Setelah | T47: Peluang Dilakukan | U47: Obyek Pengatur Suhu Ruang | V47: Ya / Tidak | W47: Komponen | X47: Kondisi Terkini | Y47: Aktivitas Pendukung Sebelum | Z47: Peluang Dilakukan | AA47: Aktivitas Pendukung Setelah | AB47: Peluang Dilakukan | AC47: Obyek Lingkungan | AD47: Ya / Tidak | AE47: Komponen | AF47: Kondisi Terkini | AG47: Aktivitas Pendukung Sebelum | AH47: Peluang Dilakukan | AI47: Aktivitas Pendukung Setelah | AJ47: Peluang Dilakukan | AK47: Obyek Lingkungan | AL47: Ya / Tidak | AM47: Komponen | AN47: Kondisi Terkini | AO47: Aktivitas Pendukung Sebelum | AP47: Peluang Dilakukan | AQ47: Aktivitas Pendukung Setelah | AR47: Peluang Dilakukan | AS47: Obyek Lingkungan | AT47: Ya / Tidak | AU47: Komponen | AV47: Kondisi Terkini | AW47: Aktivitas Pendukung Sebelum | AX47: Peluang Dilakukan | AY47: Aktivitas Pendukung Setelah | AZ47: Peluang Dilakukan | BA47: Obyek Lingkungan | BB47: Ya / Tidak | BC47: Komponen | BD47: Kondisi Terkini | BE47: Jika Komponen Mati Pilih | BF47: Alat
A48: =DP_PAULA!A46 -> 1 | B48: =DP_PAULA!B46 -> BT | C48: =DP_PAULA!C46 -> Bangun tidur di pagi hari | E48: 4 | F48: Tidak | G48: 0 | H48: 0 | I48: 0 | M48: 0 | N48: Tidak | O48: 0 | P48: 0 | Q48: 0 | U48: 0 | V48: Tidak | W48: 0 | X48: 0 | Y48: 0 | AC48: 0 | AD48: Tidak | AE48: 0 | AF48: 0 | AG48: 0 | AK48: 0 | AL48: Ya | AM48: Tempat Tidur | AN48: Mati | AO48: T4 | AS48: TD2 | AT48: Tidak | AU48: 0 | AV48: 0 | AW48: 0 | BA48: 0 | BG48: Rg Tidur Utama | BI48: Hidup | BJ48: J2 | BK48: J1
A49: =DP_PAULA!A47 -> 2 | B49: =DP_PAULA!B47 -> BD | C49: =DP_PAULA!C47 -> Berdoa setelah bangun tidur di pagi hari | F49: Ya | G49: 100 | H49: 40 | I49: S1 | M49: L17 | N49: Tidak | O49: 0 | P49: 0 | Q49: 0 | U49: 0 | V49: Tidak | W49: 0 | X49: 0 | Y49: 0 | AC49: 0 | AD49: Tidak | AE49: 0 | AF49: 0 | AG49: 0 | AK49: 0 | AL49: Ya | AM49: Tempat Tidur | AN49: Mati | AO49: T4 | AS49: TD2 | AT49: Tidak | AU49: 0 | AV49: 0 | AW49: 0 | BA49: 0 | BG49: Rg Tidur Utama | BI49: Hidup | BJ49: J2 | BK49: J1
A50: =DP_PAULA!A48 -> 3 | B50: =DP_PAULA!B48 -> MD1 | C50: =DP_PAULA!C48 -> Mandi di pagi hari | F50: Ya | G50: 100 | H50: 40 | I50: S1 | M50: L10 | N50: Tidak | O50: 0 | P50: 0 | Q50: 0 | U50: 0 | V50: Ya | W50: Air | X50: Hidup | Y50: O1 | AC50: WT03 | AD50: Tidak | AE50: 0 | AF50: 0 | AG50: 0 | AK50: 0 | AL50: Ya | AM50: Pintu | AN50: Mati | AO50: G2 | AS50: P8 | AT50: Tidak | AU50: 0 | AV50: 0 | AW50: 0 | BA50: 0 | BG50: KM | BI50: Hidup | BJ50: J2 | BK50: J1
A51: =DP_PAULA!A49 -> 4 | B51: =DP_PAULA!B49 -> MK2 | C51: =DP_PAULA!C49 -> Makan pagi | F51: Ya | G51: 100 | H51: 40 | I51: S1 | M51: L11/ L6 | N51: Ya | O51: 25 | P51: 27 | Q51: S2 | U51: J12/ PJ1 | V51: Ya | W51: Makanan | X51: Hidup | Y51: G5 | AC51: RC02 | AD51: Tidak | AE51: 0 | AF51: 0 | AG51: 0 | AK51: 0 | AL51: Ya | AM51: Kursi/Karpet/Sofa | AN51: Mati | AO51: K/KR/S | AS51: K01 | AT51: Ya | AU51: Kursi/Karpet/Sofa | AV51: Mati | AW51: K/KR/S | BA51: KR1 | BG51: R Makan | BH51: Rg Keluarga | BI51: Hidup | BJ51: J2 | BK51: J1
A52: =DP_PAULA!A50 -> 5 | B52: =DP_PAULA!B50 -> MC2 | C52: =DP_PAULA!C50 -> Membaca buku | F52: Ya | G52: 100 | H52: 40 | I52: S1 | M52: L7/ L4/ L5 | N52: Ya | O52: 25 | P52: 27 | Q52: S2 | U52: /PJ1 | V52: Ya | W52: Bahan Bacaan | X52: Hidup | Y52: B2 | AC52: 0 | AD52: Tidak | AE52: 0 | AF52: 0 | AG52: 0 | AK52: 0 | AL52: Ya | AM52: Tempat Tidur | AN52: Mati | AO52: T4 | AS52: TD2 | AT52: Ya | AU52: Kursi/Karpet/Sofa | AV52: Mati | AW52: K/KR/S | BA52: S05 | BG52: Rg Tidur 2 | BH52: Rg Tamu | BI52: Hidup | BJ52: J2 | BK52: J1
A53: =DP_PAULA!A51 -> 6 | B53: =DP_PAULA!B51 -> KJ4 | C53: =DP_PAULA!C51 -> Les / homeshooling | F53: Ya | G53: 100 | H53: 40 | I53: S1 | M53: L4/ L5/ L2 | N53: Ya | O53: 25 | P53: 27 | Q53: S2 | U53: PJ1 | V53: Tidak | W53: 0 | X53: 0 | Y53: 0 | AC53: 0 | AD53: Tidak | AE53: 0 | AF53: 0 | AG53: 0 | AK53: 0 | AL53: Ya | AM53: Kursi/Karpet/Sofa | AN53: Mati | AO53: K/KR/S | AS53: S05 | AT53: Tidak | AU53: 0 | AV53: 0 | AW53: 0 | BA53: 0 | BG53: Rg Tamu | BH53: Teras | BI53: Hidup | BJ53: J2 | BK53: J1
A54: =DP_PAULA!A52 -> 7 | B54: =DP_PAULA!B52 -> KJ6 | C54: =DP_PAULA!C52 -> Belajar/bekerja tanpa komputer | F54: Ya | G54: 100 | H54: 40 | I54: S1 | M54: L4/ L5/ L7 | N54: Ya | O54: 25 | P54: 27 | Q54: S2 | U54: PJ1 | V54: Tidak | W54: 0 | X54: 0 | Y54: 0 | AC54: 0 | AD54: Tidak | AE54: 0 | AF54: 0 | AG54: 0 | AK54: 0 | AL54: Ya | AM54: Kursi/Karpet/Sofa | AN54: Mati | AO54: K/KR/S | AS54: S05 | AT54: Ya | AU54: Tempat Tidur | AV54: Mati | AW54: T2 | BA54: TD2 | BG54: Rg Tamu | BH54: Rg Tidur 2 | BI54: Hidup | BJ54: J2 | BK54: J1
A55: =DP_PAULA!A53 -> 8 | B55: =DP_PAULA!B53 -> TDS | C55: =DP_PAULA!C53 -> Tidur siang | F55: Ya | G55: 100 | H55: 40 | I55: S1 | M55: L17 | N55: Ya | O55: 25 | P55: 27 | Q55: S2 | V55: Tidak | W55: 0 | X55: 0 | Y55: 0 | AC55: 0 | AD55: Tidak | AE55: 0 | AF55: 0 | AG55: 0 | AK55: 0 | AL55: Ya | AM55: Tempat Tidur | AN55: Mati | AO55: T2 | AS55: TD1 | AT55: Ya | AU55: Tempat Tidur | AV55: Mati | AW55: T2 | BA55: TD2 | BG55: Rg Tidur Utama | BH55: Rg Tidur 2 | BI55: Hidup | BJ55: J2 | BK55: J1
A56: =DP_PAULA!A54 -> 9 | B56: =DP_PAULA!B54 -> MK4 | C56: =DP_PAULA!C54 -> Makan siang | F56: Ya | G56: 100 | H56: 40 | I56: S1 | M56: L11/ L6 | N56: Ya | O56: 25 | P56: 27 | Q56: S2 | U56: J12/ PJ1 | V56: Ya | W56: Makanan | X56: Hidup | Y56: G5 | AC56: RC02 | AD56: Tidak | AE56: 0 | AF56: 0 | AG56: 0 | AK56: 0 | AL56: Ya | AM56: Kursi/Karpet/Sofa | AN56: Mati | AO56: K/KR/S | AS56: K01 | AT56: Ya | AU56: Kursi/Karpet/Sofa | AV56: Mati | AW56: K/KR/S | BA56: KR1 | BG56: R Makan | BH56: Rg Keluarga | BI56: Hidup | BJ56: J2 | BK56: J1
A57: =DP_PAULA!A55 -> 10 | B57: =DP_PAULA!B55 -> MD2 | C57: =DP_PAULA!C55 -> Mandi di sore hari | F57: Ya | G57: 100 | H57: 40 | I57: S1 | M57: L10 | N57: Tidak | O57: 0 | P57: 0 | Q57: 0 | U57: 0 | V57: Ya | W57: Air | X57: Hidup | Y57: O1 | AC57: WT03 | AD57: Tidak | AE57: 0 | AF57: 0 | AG57: 0 | AK57: 0 | AL57: Ya | AM57: Pintu | AN57: Mati | AO57: G2 | AS57: P8 | AT57: Tidak | AU57: 0 | AV57: 0 | AW57: 0 | BA57: 0 | BG57: KM | BI57: Hidup | BJ57: J2 | BK57: J1
A58: =DP_PAULA!A56 -> 11 | B58: =DP_PAULA!B56 -> CP2 | C58: =DP_PAULA!C56 -> Meletakkan pakaian kotor setelah mandi | F58: Ya | G58: 100 | H58: 40 | I58: S1 | M58: L13 | N58: Tidak | O58: 0 | P58: 0 | Q58: 0 | U58: 0 | V58: Tidak | W58: 0 | X58: 0 | Y58: 0 | AC58: 0 | AD58: Tidak | AE58: 0 | AF58: 0 | AG58: 0 | AK58: 0 | AL58: Ya | AM58: Pintu | AN58: Mati | AO58: G2 | AS58: P11 | AT58: Tidak | AU58: 0 | AV58: 0 | AW58: 0 | BA58: 0 | BG58: R cuci | BI58: Hidup | BJ58: J2 | BK58: J1
A59: =DP_PAULA!A57 -> 12 | B59: =DP_PAULA!B57 -> CP3 | C59: =DP_PAULA!C57 -> Mengambil pakaian bersih sebelum mandi | F59: Ya | G59: 100 | H59: 40 | I59: S1 | M59: L7 | N59: Tidak | O59: 0 | P59: 0 | Q59: 0 | U59: 0 | V59: Tidak | W59: 0 | X59: 0 | Y59: 0 | AC59: 0 | AD59: Tidak | AE59: 0 | AF59: 0 | AG59: 0 | AK59: 0 | AL59: Ya | AM59: Pintu | AN59: Mati | AO59: G2 | AS59: P5 | AT59: Tidak | AU59: 0 | AV59: 0 | AW59: 0 | BA59: 0 | BG59: R cuci | BI59: Hidup | BJ59: J2 | BK59: J1
A60: =DP_PAULA!A58 -> 13 | B60: =DP_PAULA!B58 -> MK6 | C60: =DP_PAULA!C58 -> Makan malam | F60: Ya | G60: 100 | H60: 40 | I60: S1 | M60: L11/ L6 | N60: Tidak | O60: 0 | P60: 0 | Q60: 0 | U60: 0 | V60: Ya | W60: Listrik | X60: Hidup | Y60: L2 | AC60: RC02 | AD60: Tidak | AE60: 0 | AF60: 0 | AG60: 0 | AK60: 0 | AL60: Ya | AM60: Kursi/Karpet/Sofa | AN60: Mati | AO60: K/KR/S | AS60: K01 | AT60: Tidak | AU60: 0 | AV60: 0 | AW60: 0 | BA60: 0 | BG60: R Makan | BI60: Hidup | BJ60: J2 | BK60: J1
A61: =DP_PAULA!A59 -> 14 | B61: =DP_PAULA!B59 -> BP | C61: =DP_PAULA!C59 -> Berpakaian dan berdandan | F61: Ya | G61: 100 | H61: 40 | I61: S1 | M61: L7 | N61: Ya | O61: 25 | P61: 27 | Q61: S2 | V61: Tidak | W61: 0 | X61: 0 | Y61: 0 | AC61: 0 | AD61: Tidak | AE61: 0 | AF61: 0 | AG61: 0 | AK61: 0 | AL61: Ya | AM61: Pintu | AN61: Mati | AO61: G2 | AS61: P4 | AT61: Tidak | AU61: 0 | AV61: 0 | AW61: 0 | BA61: 0 | BG61: Rg Tidur Utama | BI61: Hidup | BJ61: J2 | BK61: J1
A62: =DP_PAULA!A60 -> 15 | B62: =DP_PAULA!B60 -> MG1 | C62: =DP_PAULA!C60 -> Menulis tanpa gadget | F62: Ya | G62: 100 | H62: 40 | I62: S1 | M62: L6 | N62: Ya | O62: 25 | P62: 27 | Q62: S2 | U62: KP01 | V62: Tidak | W62: 0 | X62: 0 | Y62: 0 | AC62: 0 | AD62: Tidak | AE62: 0 | AF62: 0 | AG62: 0 | AK62: 0 | AL62: Ya | AM62: Kursi/Karpet/Sofa | AN62: Mati | AO62: K/KR/S | AS62: KR01 | AT62: Tidak | AU62: 0 | AV62: 0 | AW62: 0 | BA62: 0 | BG62: Rg Keluarga | BI62: Hidup | BJ62: J2 | BK62: J1
A63: =DP_PAULA!A61 -> 16 | B63: =DP_PAULA!B61 -> MG3 | C63: =DP_PAULA!C61 -> Menggambar tanpa gadget | F63: Ya | G63: 100 | H63: 40 | I63: S1 | M63: L6/ L7 | N63: Ya | O63: 25 | P63: 27 | Q63: S2 | U63: KP01/ | V63: Tidak | W63: 0 | X63: 0 | Y63: 0 | AC63: 0 | AD63: Tidak | AE63: 0 | AF63: 0 | AG63: 0 | AK63: 0 | AL63: Ya | AM63: Kursi/Karpet/Sofa | AN63: Mati | AO63: K/KR/S | AS63: KR01 | AT63: Ya | AU63: Tempat Tidur | AV63: Mati | AW63: T2 | BA63: TD2 | BG63: Rg Keluarga | BH63: Rg Tidur 2 | BI63: Hidup | BJ63: J2 | BK63: J1
A64: =DP_PAULA!A62 -> 17 | B64: =DP_PAULA!B62 -> MG8 | C64: =DP_PAULA!C62 -> Belajar / menyelesaikan PR | F64: Ya | G64: 100 | H64: 40 | I64: S1 | M64: L6/ L4/ L5 | N64: Ya | O64: 25 | P64: 27 | Q64: S2 | U64: KP01/ PJ1 | V64: Tidak | W64: 0 | X64: 0 | Y64: 0 | AC64: 0 | AD64: Tidak | AE64: 0 | AF64: 0 | AG64: 0 | AK64: 0 | AL64: Ya | AM64: Kursi/Karpet/Sofa | AN64: Mati | AO64: K/KR/S | AS64: KR01 | AT64: Ya | AU64: Kursi/Karpet/Sofa | AV64: Mati | AW64: K/KR/S | BA64: S05 | BG64: Rg Keluarga | BH64: Rg Tamu | BI64: Hidup | BJ64: J2 | BK64: J1
A65: =DP_PAULA!A63 -> 18 | B65: =DP_PAULA!B63 -> TDM | C65: =DP_PAULA!C63 -> Tidur malam | F65: Ya | G65: 100 | H65: 40 | I65: S1 | M65: L17 | N65: Ya | O65: 25 | P65: 27 | Q65: S2 | V65: Tidak | W65: 0 | X65: 0 | Y65: 0 | AC65: 0 | AD65: Tidak | AE65: 0 | AF65: 0 | AG65: 0 | AK65: 0 | AL65: Ya | AM65: Tempat Tidur | AN65: Mati | AO65: T2 | AS65: TD1 | AT65: Ya | AU65: Tempat Tidur | AV65: Mati | AW65: T2 | BA65: TD2 | BG65: Rg Tidur Utama | BH65: Rg Tidur 2 | BI65: Hidup | BJ65: J2 | BK65: J1
A66: =DP_PAULA!A64 -> 19 | B66: =DP_PAULA!B64 -> TD | C66: =DP_PAULA!C64 -> Tidur (diluar waktu tidur malam & siang) | F66: Ya | G66: 100 | H66: 40 | I66: S1 | M66: L17 | N66: Ya | O66: 25 | P66: 27 | Q66: S2 | V66: Tidak | W66: 0 | X66: 0 | Y66: 0 | AC66: 0 | AD66: Tidak | AE66: 0 | AF66: 0 | AG66: 0 | AK66: 0 | AL66: Ya | AM66: Tempat Tidur | AN66: Mati | AO66: T2 | AS66: TD1 | AT66: Ya | AU66: Tempat Tidur | AV66: Mati | AW66: T2 | BA66: TD3 | BG66: Rg Tidur Utama | BH66: Rg Tidur 3 | BI66: Hidup | BJ66: J2 | BK66: J1
A67: =DP_PAULA!A65 -> 20 | B67: =DP_PAULA!B65 -> TO | C67: =DP_PAULA!C65 -> Toilet (hanya BAK/BAB) | F67: Ya | G67: 100 | H67: 40 | I67: S1 | M67: L10 | N67: Tidak | O67: 0 | P67: 0 | Q67: 0 | U67: 0 | V67: Ya | W67: Air | X67: Hidup | Y67: O1 | AC67: WT03 | AD67: Tidak | AE67: 0 | AF67: 0 | AG67: 0 | AK67: 0 | AL67: Ya | AM67: Pintu | AN67: Mati | AO67: G2 | AS67: P8 | AT67: Tidak | AU67: 0 | AV67: 0 | AW67: 0 | BA67: 0 | BG67: KM | BI67: Hidup | BJ67: J2 | BK67: J1
A68: =DP_PAULA!A66 -> 21 | B68: =DP_PAULA!B66 -> MD | C68: =DP_PAULA!C66 -> Mandi (diluar waktu mandi pagi dan sore) | F68: Ya | G68: 100 | H68: 40 | I68: S1 | M68: L10 | N68: Tidak | O68: 0 | P68: 0 | Q68: 0 | U68: 0 | V68: Ya | W68: Air | X68: Hidup | Y68: O1 | AC68: WT03 | AD68: Ya | AE68: Air | AF68: Hidup | AG68: O1 | AL68: Ya | AM68: Pintu | AN68: Mati | AO68: G2 | AS68: P8 | AT68: Tidak | AU68: 0 | AV68: 0 | AW68: 0 | BA68: 0 | BG68: KM | BH68: Rg Tidur 2 | BI68: Hidup | BJ68: J2 | BK68: J1
A69: =DP_PAULA!A67 -> 22 | B69: =DP_PAULA!B67 -> MK | C69: =DP_PAULA!C67 -> Makan (diluar waktu makan pagi, siang, malam) | F69: Ya | G69: 100 | H69: 40 | I69: S1 | M69: L6/ L4/ L5 | N69: Ya | O69: 25 | P69: 27 | Q69: S2 | U69: J12/ PJ1 | V69: Ya | W69: Makanan | X69: Hidup | Y69: G5 | AC69: RC02 | AD69: Tidak | AE69: 0 | AF69: 0 | AG69: 0 | AK69: 0 | AL69: Ya | AM69: Kursi/Karpet/Sofa | AN69: Mati | AO69: K/KR/S | AS69: K01 | AT69: Ya | AU69: Kursi/Karpet/Sofa | AV69: Mati | AW69: K/KR/S | BA69: S05 | BG69: Rg Keluarga | BH69: Rg Tamu | BI69: Hidup | BJ69: J2 | BK69: J1
A70: =DP_PAULA!A68 -> 23 | B70: =DP_PAULA!B68 -> MN1 | C70: =DP_PAULA!C68 -> Minum setelah makan pagi | F70: Ya | G70: 100 | H70: 40 | I70: S1 | M70: L12/ L11 | N70: Ya | O70: 25 | P70: 27 | Q70: S2 | U70: J12 | V70: Ya | W70: Listrik | X70: Hidup | Y70: L2 | AC70: DP01 | AD70: Ya | AE70: Air | AF70: Hidup | AG70: O1 | AL70: Ya | AM70: Kursi/Karpet/Sofa | AN70: Mati | AO70: K/KR/S | AS70: K01 | AT70: Tidak | AU70: 0 | AV70: 0 | AW70: 0 | BA70: 0 | BG70: Dapur | BH70: R Makan | BI70: Hidup | BJ70: J2 | BK70: J1
A71: =DP_PAULA!A69 -> 24 | B71: =DP_PAULA!B69 -> MN2 | C71: =DP_PAULA!C69 -> Minum setelah makan siang | F71: Ya | G71: 100 | H71: 40 | I71: S1 | M71: L12/ L11 | N71: Ya | O71: 25 | P71: 27 | Q71: S2 | U71: J12 | V71: Ya | W71: Listrik | X71: Hidup | Y71: L2 | AC71: DP01 | AD71: Ya | AE71: Air | AF71: Hidup | AG71: O2 | AL71: Ya | AM71: Kursi/Karpet/Sofa | AN71: Mati | AO71: K/KR/S | AS71: K01 | AT71: Tidak | AU71: 0 | AV71: 0 | AW71: 0 | BA71: 0 | BG71: Dapur | BH71: R Makan | BI71: Hidup | BJ71: J2 | BK71: J1
A72: =DP_PAULA!A70 -> 25 | B72: =DP_PAULA!B70 -> MN3 | C72: =DP_PAULA!C70 -> Minum setelah makan malam | F72: Ya | G72: 100 | H72: 40 | I72: S1 | M72: L12/ L11 | N72: Ya | O72: 25 | P72: 27 | Q72: S2 | U72: J12 | V72: Ya | W72: Listrik | X72: Hidup | Y72: L2 | AC72: DP01 | AD72: Ya | AE72: Air | AF72: Hidup | AG72: O3 | AL72: Ya | AM72: Kursi/Karpet/Sofa | AN72: Mati | AO72: K/KR/S | AS72: K01 | AT72: Tidak | AU72: 0 | AV72: 0 | AW72: 0 | BA72: 0 | BG72: Dapur | BH72: R Makan | BI72: Hidup | BJ72: J2 | BK72: J1
A73: =DP_PAULA!A71 -> 26 | B73: =DP_PAULA!B71 -> MN4 | C73: =DP_PAULA!C71 -> Minum (diluar waktu makan pagi, siang, malam) | F73: Ya | G73: 100 | H73: 40 | I73: S1 | M73: L12/ L11 | N73: Ya | O73: 25 | P73: 27 | Q73: S2 | U73: J12 | V73: Ya | W73: Listrik | X73: Hidup | Y73: L2 | AC73: DP01 | AD73: Ya | AE73: Air | AF73: Hidup | AG73: O4 | AL73: Ya | AM73: Kursi/Karpet/Sofa | AN73: Mati | AO73: K/KR/S | AS73: K01 | AT73: Tidak | AU73: 0 | AV73: 0 | AW73: 0 | BA73: 0 | BG73: Dapur | BH73: R Makan | BI73: Hidup | BJ73: J2 | BK73: J1
A74: =DP_PAULA!A72 -> 27 | B74: =DP_PAULA!B72 -> BS | C74: =DP_PAULA!C72 -> Bersantai (waktu ditentukan responden) | F74: Ya | G74: 100 | H74: 40 | I74: S1 | M74: L6/ L4/ L5 | N74: Ya | O74: 25 | P74: 27 | Q74: S2 | U74: KP01/ PJ1 | V74: Tidak | W74: 0 | X74: 0 | Y74: 0 | AC74: 0 | AD74: Tidak | AE74: 0 | AF74: 0 | AG74: 0 | AK74: 0 | AL74: Ya | AM74: Kursi/Karpet/Sofa | AN74: Mati | AO74: K/KR/S | AS74: KR01 | AT74: Ya | AU74: Kursi/Karpet/Sofa | AV74: Mati | AW74: K/KR/S | BA74: S05 | BG74: Rg Keluarga | BH74: Rg Tamu | BI74: Hidup | BJ74: J2 | BK74: J1
A75: =DP_PAULA!A73 -> 28 | B75: =DP_PAULA!B73 -> GD2 | C75: =DP_PAULA!C73 -> Mengoperasikan gadget | F75: Ya | G75: 100 | H75: 40 | I75: S1 | M75: L6/ L4/ L5 | N75: Ya | O75: 25 | P75: 27 | Q75: S2 | U75: KP01/ PJ1 | V75: Tidak | W75: 0 | X75: 0 | Y75: 0 | AC75: 0 | AD75: Tidak | AE75: 0 | AF75: 0 | AG75: 0 | AK75: 0 | AL75: Ya | AM75: Kursi/Karpet/Sofa | AN75: Mati | AO75: K/KR/S | AS75: KR01 | AT75: Ya | AU75: Kursi/Karpet/Sofa | AV75: Mati | AW75: K/KR/S | BA75: S05 | BG75: Rg Keluarga | BH75: Rg Tamu | BI75: Hidup | BJ75: J2 | BK75: J1
A76: =DP_PAULA!A74 -> 29 | B76: =DP_PAULA!B74 -> RD | C76: =DP_PAULA!C74 -> Mendengarkan radio (waktu ditentukan responden) | F76: Ya | G76: 100 | H76: 40 | I76: S1 | M76: L6/ L7 | N76: Ya | O76: 25 | P76: 27 | Q76: S2 | U76: KP01 | V76: Ya | W76: Listrik | X76: Mati | Y76: L2 | AD76: Tidak | AE76: 0 | AF76: 0 | AG76: 0 | AK76: 0 | AL76: Ya | AM76: Kursi/Karpet/Sofa | AN76: Mati | AO76: K/KR/S | AS76: KR01 | AT76: Ya | AU76: Tempat Tidur | AV76: Mati | AW76: T2 | BA76: TD2 | BG76: Rg Keluarga | BH76: Rg Tidur 2 | BI76: Hidup | BJ76: J2 | BK76: J1
A77: =DP_PAULA!A75 -> 30 | B77: =DP_PAULA!B75 -> TV | C77: =DP_PAULA!C75 -> Menonton TV (waktu ditentukan responden) | F77: Ya | G77: 100 | H77: 40 | I77: S1 | M77: L6 | N77: Ya | O77: 25 | P77: 27 | Q77: S2 | U77: KP01 | V77: Ya | W77: Listrik | X77: Mati | Y77: L2 | AC77: TV1 | AD77: Tidak | AE77: 0 | AF77: 0 | AG77: 0 | AK77: 0 | AL77: Ya | AM77: Kursi/Karpet/Sofa | AN77: Mati | AO77: K/KR/S | AS77: KR01 | AT77: Ya | AU77: Tempat Tidur | AV77: Mati | AW77: T2 | BA77: TD2 | BG77: Rg Keluarga | BH77: Rg Tidur 2 | BI77: Hidup | BJ77: J2 | BK77: J1
A78: =DP_PAULA!A76 -> 31 | B78: =DP_PAULA!B76 -> BM2 | C78: =DP_PAULA!C76 -> Bermain (waktu ditentukan responden) | F78: Ya | G78: 100 | H78: 40 | I78: S1 | M78: L6/ L7 | N78: Ya | O78: 25 | P78: 27 | Q78: S2 | U78: KP01 | V78: Tidak | W78: 0 | X78: 0 | Y78: 0 | AC78: 0 | AD78: Tidak | AE78: 0 | AF78: 0 | AG78: 0 | AK78: 0 | AL78: Ya | AM78: Kursi/Karpet/Sofa | AN78: Mati | AO78: K/KR/S | AS78: KR01 | AT78: Ya | AU78: Tempat Tidur | AV78: Mati | AW78: T2 | BA78: TD2 | BG78: Rg Keluarga | BH78: Rg Tidur 2 | BI78: Hidup | BJ78: J2 | BK78: J1
A79: =DP_PAULA!A77 -> 32 | B79: =DP_PAULA!B77 -> MT | C79: =DP_PAULA!C77 -> Menerima tamu | F79: Ya | G79: 100 | H79: 40 | I79: S1 | M79: L4/ L5/ L6 | N79: Ya | O79: 25 | P79: 27 | Q79: S2 | U79: PJ1/ KP01 | V79: Tidak | W79: 0 | X79: 0 | Y79: 0 | AC79: 0 | AD79: Tidak | AE79: 0 | AF79: 0 | AG79: 0 | AK79: 0 | AL79: Ya | AM79: Kursi/Karpet/Sofa | AN79: Mati | AO79: K/KR/S | AS79: S05 | AT79: Ya | AU79: Kursi/Karpet/Sofa | AV79: Mati | AW79: K/KR/S | BA79: KR1 | BG79: Rg Tamu | BH79: Rg Keluarga | BI79: Hidup | BJ79: J2 | BK79: J1
A80: =DP_PAULA!A78 -> 33 | B80: =DP_PAULA!B78 -> IB | C80: =DP_PAULA!C78 -> Ibadah (di rumah responden) | F80: Ya | G80: 100 | H80: 40 | I80: S1 | M80: L4/ L5 | N80: Ya | O80: 25 | P80: 27 | Q80: S2 | U80: PJ1 | V80: Tidak | W80: 0 | X80: 0 | Y80: 0 | AC80: 0 | AD80: Tidak | AE80: 0 | AF80: 0 | AG80: 0 | AK80: 0 | AL80: Ya | AM80: Kursi/Karpet/Sofa | AN80: Mati | AO80: K/KR/S | AS80: S05 | AT80: Ya | AU80: Kursi/Karpet/Sofa | AV80: Mati | AW80: K/KR/S | BG80: Rg Tamu | BI80: Hidup | BJ80: J2 | BK80: J1
A82: SYARAT IBU_PAULA
A83: NO | B83: KODE | C83: AKTIVITAS | D83: Peluang Dilakukan | E83: Tingkat Kemampuan Minimal | F83: FAKTOR FISIK LINGKUNGAN | V83: FAKTOR SUMBER DAYA | AL83: FAKTOR RUANG | BG83: RUANG UNTUK AKTIVITAS
V84: Air/Listrik/Gas/Makanan/Bahan Makanan/Bahan Bacaan | AL84: Kursi/Sofa/Karpet/Pintu/Tempat Tidur/Alat Kebersihan/ Alat Berkebun | BG84: Ruang Alternatif 1 | BH84: Ruang Alternatif 2 | BI84: Kondisi Ruang Alt 1 | BJ84: Jika Hidup Pilih | BK84: Jika Mati Pilih
F85: F1 Cahaya | N85: F2 Suhu | V85: R1 | AD85: R2 | AL85: D1 | AT85: D2 | BB85: D3
F86: Ya / Tidak | G86: Batas | H86: Kondisi Terkini | I86: Aktivitas Pendukung Sebelum | J86: Peluang Dilakukan | K86: Aktivitas Pendukung Setelah | L86: Peluang Dilakukan | M86: Obyek Lampu | N86: Ya / Tidak | O86: Batas | P86: Kondisi Terkini | Q86: Aktivitas Pendukung Sebelum | R86: Peluang Dilakukan | S86: Aktivitas Pendukung Setelah | T86: Peluang Dilakukan | U86: Obyek Pengatur Suhu Ruang | V86: Ya / Tidak | W86: Komponen | X86: Kondisi Terkini | Y86: Aktivitas Pendukung Sebelum | Z86: Peluang Dilakukan | AA86: Aktivitas Pendukung Setelah | AB86: Peluang Dilakukan | AC86: Obyek Lingkungan | AD86: Ya / Tidak | AE86: Komponen | AF86: Kondisi Terkini | AG86: Aktivitas Pendukung Sebelum | AH86: Peluang Dilakukan | AI86: Aktivitas Pendukung Setelah | AJ86: Peluang Dilakukan | AK86: Obyek Lingkungan | AL86: Ya / Tidak | AM86: Komponen | AN86: Kondisi Terkini | AO86: Aktivitas Pendukung Sebelum | AP86: Peluang Dilakukan | AQ86: Aktivitas Pendukung Setelah | AR86: Peluang Dilakukan | AS86: Obyek Lingkungan | AT86: Ya / Tidak | AU86: Komponen | AV86: Kondisi Terkini | AW86: Aktivitas Pendukung Sebelum | AX86: Peluang Dilakukan | AY86: Aktivitas Pendukung Setelah | AZ86: Peluang Dilakukan | BA86: Obyek Lingkungan | BB86: Ya / Tidak | BC86: Komponen | BD86: Kondisi Terkini | BE86: Jika Komponen Mati Pilih | BF86: Alat
A87: =DP_PAULA!A93 -> 1 | B87: =DP_PAULA!B93 -> BT | C87: =DP_PAULA!C93 -> Bangun tidur di pagi hari | F87: Tidak | G87: 0 | H87: 0 | I87: 0 | M87: 0 | N87: Tidak | O87: 0 | P87: 0 | Q87: 0 | U87: 0 | V87: Tidak | W87: 0 | X87: 0 | Y87: 0 | AC87: 0 | AD87: Tidak | AE87: 0 | AF87: 0 | AG87: 0 | AK87: 0 | AL87: Ya | AM87: Tempat Tidur | AN87: Mati | AO87: T4 | AS87: TD1 | AT87: Tidak | AU87: 0 | AV87: 0 | AW87: 0 | BA87: 0 | BB87: 0 | BF87: 0 | BG87: Ruang Tidur Utama | BH87: 0 | BI87: Hidup | BJ87: J2 | BK87: J1
A88: =DP_PAULA!A94 -> 2 | B88: =DP_PAULA!B94 -> BD | C88: =DP_PAULA!C94 -> Berdoa setelah bangun tidur di pagi hari | F88: Ya | G88: 100 | H88: 40 | I88: S1 | M88: L18 | N88: Tidak | O88: 0 | P88: 0 | Q88: 0 | U88: 0 | V88: Tidak | W88: 0 | X88: 0 | Y88: 0 | AC88: 0 | AD88: Tidak | AE88: 0 | AF88: 0 | AG88: 0 | AK88: 0 | AL88: Ya | AM88: Tempat Tidur | AN88: Mati | AO88: T4 | AS88: TD1 | AT88: Tidak | AU88: 0 | AV88: 0 | AW88: 0 | BA88: 0 | BB88: 0 | BF88: 0 | BG88: Ruang Tidur Utama | BH88: 0 | BI88: Hidup | BJ88: J2 | BK88: J1
A89: =DP_PAULA!A95 -> 3 | B89: =DP_PAULA!B95 -> SP | C89: =DP_PAULA!C95 -> Membuang sampah | F89: Ya | G89: 100 | H89: 40 | I89: S1 | M89: L13/ L2 | N89: Tidak | O89: 0 | P89: 0 | Q89: 0 | U89: 0 | V89: Tidak | W89: 0 | X89: 0 | Y89: 0 | AC89: 0 | AD89: Tidak | AE89: 0 | AF89: 0 | AG89: 0 | AK89: 0 | AL89: Ya | AM89: Pintu | AN89: Mati | AO89: G2 | AS89: P12 | AT89: Tidak | AU89: 0 | AV89: 0 | AW89: 0 | BA89: 0 | BB89: 0 | BF89: 0 | BG89: Dapur | BH89: Teras | BI89: Hidup | BJ89: J2 | BK89: J1
A90: =DP_PAULA!A96 -> 4 | B90: =DP_PAULA!B96 -> M1 | C90: =DP_PAULA!C96 -> Membersihkan teras | F90: Ya | G90: 100 | H90: 40 | I90: S1 | M90: L2 | N90: Tidak | O90: 0 | P90: 0 | Q90: 0 | U90: 0 | V90: Tidak | W90: 0 | X90: 0 | Y90: 0 | AC90: 0 | AD90: Tidak | AE90: 0 | AF90: 0 | AG90: 0 | AK90: 0 | AL90: Ya | AM90: Pintu | AN90: Mati | AO90: G2 | AS90: PJ1 | AT90: Ya | AU90: Alat Kebersihan | AV90: Mati | AW90: O8 | BA90: 0 | BB90: O8 | BF90: 0 | BG90: Teras | BH90: 0 | BI90: Hidup | BJ90: J2 | BK90: J1
A91: =DP_PAULA!A97 -> 5 | B91: =DP_PAULA!B97 -> M2 | C91: =DP_PAULA!C97 -> Membersihkan Ruang tamu | F91: Ya | G91: 100 | H91: 40 | I91: S1 | M91: L4/ L5 | N91: Tidak | O91: 0 | P91: 0 | Q91: 0 | U91: 0 | V91: Tidak | W91: 0 | X91: 0 | Y91: 0 | AC91: 0 | AD91: Tidak | AE91: 0 | AF91: 0 | AG91: 0 | AK91: 0 | AL91: Ya | AM91: Pintu | AN91: Mati | AO91: G2 | AS91: PJ1 | AT91: Ya | AU91: Alat Kebersihan | AV91: Mati | AW91: O8 | BA91: 0 | BB91: O8 | BF91: 0 | BG91: Ruang Tamu | BH91: 0 | BI91: Hidup | BJ91: J2 | BK91: J1
A92: =DP_PAULA!A98 -> 6 | B92: =DP_PAULA!B98 -> M3 | C92: =DP_PAULA!C98 -> Membersihkan Ruang Keluarga | F92: Ya | G92: 100 | H92: 40 | I92: S1 | M92: L6 | N92: Tidak | O92: 0 | P92: 0 | Q92: 0 | U92: 0 | V92: Tidak | W92: 0 | X92: 0 | Y92: 0 | AC92: 0 | AD92: Tidak | AE92: 0 | AF92: 0 | AG92: 0 | AK92: 0 | AL92: Ya | AM92: Alat Kebersihan | AN92: Mati | AO92: O8 | AS92: 0 | AT92: Tidak | AU92: 0 | AV92: 0 | AW92: 0 | BA92: 0 | BB92: 0 | BF92: 0 | BG92: Ruang Keluarga | BH92: 0 | BI92: Hidup | BJ92: J2 | BK92: J1
A93: =DP_PAULA!A99 -> 7 | B93: =DP_PAULA!B99 -> M4 | C93: =DP_PAULA!C99 -> Membersihkan Ruang Tidur Utama | F93: Ya | G93: 100 | H93: 40 | I93: S1 | M93: L3 | N93: Tidak | O93: 0 | P93: 0 | Q93: 0 | U93: 0 | V93: Tidak | W93: 0 | X93: 0 | Y93: 0 | AC93: 0 | AD93: Tidak | AE93: 0 | AF93: 0 | AG93: 0 | AK93: 0 | AL93: Ya | AM93: Pintu | AN93: Mati | AO93: G2 | AS93: P4 | AT93: Ya | AU93: Alat Kebersihan | AV93: Mati | AW93: O8 | BA93: 0 | BB93: O8 | BF93: 0 | BG93: RT Utama | BH93: 0 | BI93: Hidup | BJ93: J2 | BK93: J1
A94: =DP_PAULA!A100 -> 8 | B94: =DP_PAULA!B100 -> M5 | C94: =DP_PAULA!C100 -> Membersihkan Ruang Tidur Anak 1,2 | F94: Ya | G94: 100 | H94: 40 | I94: S1 | M94: L7 | N94: Tidak | O94: 0 | P94: 0 | Q94: 0 | U94: 0 | V94: Tidak | W94: 0 | X94: 0 | Y94: 0 | AC94: 0 | AD94: Tidak | AE94: 0 | AF94: 0 | AG94: 0 | AK94: 0 | AL94: Ya | AM94: Pintu | AN94: Mati | AO94: G2 | AS94: P5 | AT94: Ya | AU94: Alat Kebersihan | AV94: Mati | AW94: O8 | BA94: 0 | BB94: O8 | BF94: 0 | BG94: RT Anak | BH94: 0 | BI94: Hidup | BJ94: J2 | BK94: J1
A95: =DP_PAULA!A101 -> 9 | B95: =DP_PAULA!B101 -> M6 | C95: =DP_PAULA!C101 -> Membersihkan Ruang Tidur Nenek | F95: Ya | G95: 100 | H95: 40 | I95: S1 | M95: L8 | N95: Tidak | O95: 0 | P95: 0 | Q95: 0 | U95: 0 | V95: Tidak | W95: 0 | X95: 0 | Y95: 0 | AC95: 0 | AD95: Tidak | AE95: 0 | AF95: 0 | AG95: 0 | AK95: 0 | AL95: Ya | AM95: Pintu | AN95: Mati | AO95: G2 | AS95: P6 | AT95: Ya | AU95: Alat Kebersihan | AV95: Mati | AW95: O8 | BA95: 0 | BB95: O8 | BF95: 0 | BG95: RT Nenek | BH95: 0 | BI95: Hidup | BJ95: J2 | BK95: J1
A96: =DP_PAULA!A102 -> 10 | B96: =DP_PAULA!B102 -> M7 | C96: =DP_PAULA!C102 -> Membersihkan dapur | F96: Ya | G96: 100 | H96: 40 | I96: S1 | M96: L12/ L14 | N96: Tidak | O96: 0 | P96: 0 | Q96: 0 | U96: 0 | V96: Tidak | W96: 0 | X96: 0 | Y96: 0 | AC96: 0 | AD96: Tidak | AE96: 0 | AF96: 0 | AG96: 0 | AK96: 0 | AL96: Ya | AM96: Alat Kebersihan | AN96: Mati | AO96: O8 | AS96: 0 | AT96: Tidak | AU96: 0 | AV96: 0 | AW96: 0 | BA96: 0 | BB96: 0 | BF96: 0 | BG96: Dapur | BH96: 0 | BI96: Hidup | BJ96: J2 | BK96: J1
A97: =DP_PAULA!A103 -> 11 | B97: =DP_PAULA!B103 -> M8 | C97: =DP_PAULA!C103 -> Membersihkan ruang makan | F97: Ya | G97: 100 | H97: 40 | I97: S1 | M97: L11 | N97: Tidak | O97: 0 | P97: 0 | Q97: 0 | U97: 0 | V97: Tidak | W97: 0 | X97: 0 | Y97: 0 | AC97: 0 | AD97: Tidak | AE97: 0 | AF97: 0 | AG97: 0 | AK97: 0 | AL97: Ya | AM97: Alat Kebersihan | AN97: Mati | AO97: O8 | AS97: 0 | AT97: Tidak | AU97: 0 | AV97: 0 | AW97: 0 | BA97: 0 | BB97: 0 | BF97: 0 | BG97: Ruang Makan | BH97: 0 | BI97: Hidup | BJ97: J2 | BK97: J1
A98: =DP_PAULA!A104 -> 12 | B98: =DP_PAULA!B104 -> M9 | C98: =DP_PAULA!C104 -> Membersihkan gudang | F98: Ya | G98: 100 | H98: 40 | I98: S1 | M98: L9 | N98: Tidak | O98: 0 | P98: 0 | Q98: 0 | U98: 0 | V98: Tidak | W98: 0 | X98: 0 | Y98: 0 | AC98: 0 | AD98: Tidak | AE98: 0 | AF98: 0 | AG98: 0 | AK98: 0 | AL98: Ya | AM98: Pintu | AN98: Mati | AO98: G2 | AS98: P12 | AT98: Ya | AU98: Alat Kebersihan | AV98: Mati | AW98: O8 | BA98: 0 | BB98: O8 | BF98: 0 | BG98: Gudang | BH98: 0 | BI98: Hidup | BJ98: J2 | BK98: J1
A99: =DP_PAULA!A105 -> 13 | B99: =DP_PAULA!B105 -> M10 | C99: =DP_PAULA!C105 -> Membersihkan Ruang Cuci | F99: Ya | G99: 100 | H99: 40 | I99: S1 | M99: L13/ L15 | N99: Tidak | O99: 0 | P99: 0 | Q99: 0 | U99: 0 | V99: Ya | W99: Air | X99: Hidup | Y99: O1 | AC99: WT02 | AD99: Tidak | AE99: 0 | AF99: 0 | AG99: 0 | AK99: 0 | AL99: Ya | AM99: Pintu | AN99: Mati | AO99: G2 | AS99: P11 | AT99: Ya | AU99: Alat Kebersihan | AV99: Mati | AW99: O8 | BA99: 0 | BB99: O8 | BF99: 0 | BG99: Ruang Belakang | BH99: 0 | BI99: Hidup | BJ99: J2 | BK99: J1
A100: =DP_PAULA!A106 -> 14 | B100: =DP_PAULA!B106 -> M11 | C100: =DP_PAULA!C106 -> Membersihkan Kamar Mandi | F100: Ya | G100: 100 | H100: 40 | I100: S1 | M100: L10 | N100: Tidak | O100: 0 | P100: 0 | Q100: 0 | U100: 0 | V100: Ya | W100: Air | X100: Hidup | Y100: O1 | AC100: WT02 | AD100: Tidak | AE100: 0 | AF100: 0 | AG100: 0 | AK100: 0 | AL100: Ya | AM100: Pintu | AN100: Mati | AO100: G2 | AS100: P8 | AT100: Ya | AU100: Alat Kebersihan | AV100: Mati | AW100: O8 | BA100: 0 | BB100: O8 | BF100: 0 | BG100: KM | BH100: 0 | BI100: Hidup | BJ100: J2 | BK100: J1
A101: =DP_PAULA!A107 -> 15 | B101: =DP_PAULA!B107 -> MD1 | C101: =DP_PAULA!C107 -> Mandi di pagi hari | F101: Ya | G101: 100 | H101: 40 | I101: S1 | M101: L10 | N101: Tidak | O101: 0 | P101: 0 | Q101: 0 | U101: 0 | V101: Ya | W101: Air | X101: Hidup | Y101: O1 | AC101: WT03 | AD101: Tidak | AE101: 0 | AF101: 0 | AG101: 0 | AK101: 0 | AL101: Ya | AM101: Pintu | AN101: Mati | AO101: G3 | AS101: P8 | AT101: Tidak | AU101: 0 | AV101: 0 | AW101: 0 | BA101: 0 | BB101: 0 | BF101: 0 | BG101: KM | BH101: 0 | BI101: Hidup | BJ101: J2 | BK101: J1
A102: =DP_PAULA!A108 -> 16 | B102: =DP_PAULA!B108 -> MA1 | C102: =DP_PAULA!C108 -> Memandikan anak di pagi hari | F102: Ya | G102: 100 | H102: 40 | I102: S1 | M102: L10 | N102: Tidak | O102: 0 | P102: 0 | Q102: 0 | U102: 0 | V102: Ya | W102: Air | X102: Hidup | Y102: O1 | AC102: WT03 | AD102: Tidak | AE102: 0 | AF102: 0 | AG102: 0 | AK102: 0 | AL102: Ya | AM102: Pintu | AN102: Mati | AO102: G4 | AS102: P8 | AT102: Tidak | AU102: 0 | AV102: 0 | AW102: 0 | BA102: 0 | BB102: 0 | BF102: 0 | BG102: KM | BH102: 0 | BI102: Hidup | BJ102: J2 | BK102: J1
...

Sheet DP_SILVI
A1: DATA RENCANA AYAH_SILVI
A2: No | B2: Kode | C2: Aktivitas | D2: KATEGORI AKTIVITAS | N2: WAKTU AKTIVITAS
D3: Aturan | H3: Kebiasaan | K3: Rencana Reguler | N3: Rentang Waktu | O3: Kelompok Waktu | T3: Rencana Insidental | V3: Rentang waktu Insidental | W3: Durasi (menit)
D4: Ya | E4: Tidak | F4: R2 | G4: R1 | H4: Ya | I4: Tidak | J4: H1 | K4: Ya | L4: Tidak | M4: P1 | O4: Pg | P4: Si | Q4: Sr | R4: Ml | S4: Al | T4: Ya / Tidak | U4: Slot waktu
A5: 1 | B5: BT | C5: Bangun tidur di pagi hari
A6: 2 | B6: OR | C6: Olahraga pagi
A7: 3 | B7: MD1 | C7: Mandi di pagi hari
A8: 4 | B8: MK2 | C8: Makan pagi
A9: 5 | B9: KJ1 | C9: Berangkat kerja
A10: 6 | B10: KJ3 | C10: Pulang kerja
A11: 7 | B11: TDS | C11: Tidur siang
A12: 8 | B12: MK4 | C12: Makan siang
A13: 9 | B13: GR | C13: Memarkir kendaraan di garasi
A14: 10 | B14: MD2 | C14: Mandi di sore hari
A15: 11 | B15: CP1 | C15: Meletakkan pakaian kotor sebelum mandi
A16: 12 | B16: CP2 | C16: Meletakkan pakaian kotor setelah mandi
... A43: 35 | B43: MK7 | C43: Makan bersama keluarga
A49: DATA RENCANA ANAK 1_SILVI
A50: No | B50: Kode | C50: Aktivitas | D50: KATEGORI AKTIVITAS | N50: WAKTU AKTIVITAS
D51: Aturan | H51: Kebiasaan | K51: Rencana Reguler | N51: Rentang Waktu | O51: Kelompok Waktu | T51: Rencana Insidental | V51: Rentang waktu Insidental | W51: Durasi (menit)
D52: Ya | E52: Tidak | F52: R2 | G52: R1 | H52: Ya | I52: Tidak | J52: H1 | K52: Ya | L52: Tidak | M52: P1 | O52: Pg | P52: Si | Q52: Sr | R52: Ml | S52: Al | T52: Ya / Tidak | U52: Slot waktu
A53: 1 | B53: BT | C53: Bangun tidur di pagi hari
A54: 2 | B54: MD1 | C54: Mandi di pagi hari
A55: 3 | B55: MA1 | C55: Memandikan anak di pagi hari
A56: 4 | B56: MK1 | C56: Menyuapi anak makan pagi
A57: 5 | B57: MK2 | C57: Makan pagi
A58: 6 | B58: TDS | C58: Tidur siang
A59: 7 | B59: MK3 | C59: Menyuapi anak makan siang
A60: 8 | B60: MK4 | C60: Makan siang
A61: 9 | B61: MD2 | C61: Mandi di sore hari
A62: 10 | B62: MA2 | C62: Memandikan anak di sore hari
A63: 11 | B63: CP1 | C63: Meletakkan pakaian kotor sebelum mandi
A64: 12 | B64: CP2 | C64: Meletakkan pakaian kotor setelah mandi
... A92: 35 | B92: MK7 | C92: Makan bersama keluarga
A96: DATA RENCANA IBU_SILVI
A97: No | B97: Kode | C97: Aktivitas | D97: KATEGORI AKTIVITAS | N97: WAKTU AKTIVITAS
D98: Aturan | H98: Kebiasaan | K98: Rencana Reguler | N98: Rentang Waktu | O98: Kelompok Waktu | T98: Rencana Insidental | V98: Rentang waktu Insidental | W98: Durasi (menit)
D99: Ya | E99: Tidak | F99: R2 | G99: R1 | H99: Ya | I99: Tidak | J99: H1 | K99: Ya | L99: Tidak | M99: P1 | O99: Pg | P99: Si | Q99: Sr | R99: Ml | S99: Al | T99: Ya / Tidak | U99: Slot waktu
A100: 1 | B100: BT | C100: Bangun tidur di pagi hari
A101: 2 | B101: M1A | C101: Membersihkan Teras A
A102: 3 | B102: M1B | C102: Membersihkan Teras B
A103: 4 | B103: M3A | C103: Membersihkan Ruang Keluarga Depan
A104: 5 | B104: M3B | C104: Membersihkan Ruang Keluarga Belakang
A105: 6 | B105: M4 | C105: Membersihkan Ruang Tidur Utama
A106: 7 | B106: M5A | C106: Membersihkan Ruang Tidur Anak 1
A107: 8 | B107: M5B | C107: Membersihkan Ruang Tidur Anak 2
A108: 9 | B108: M5C | C108: Membersihkan Ruang Tidur Anak 3
A109: 10 | B109: M6 | C109: Membersihkan Ruang Tidur Tamu
A110: 11 | B110: M7 | C110: Membersihkan dapur
A111: 12 | B111: M11A | C111: Membersihkan Kamar Mandi Kamar Utama
... A170: 67 | B170: MK7 | C170: Makan bersama keluarga
A183: DATA RENCANA ART_SILVI
A184: No | B184: Kode | C184: Aktivitas | D184: KATEGORI AKTIVITAS | N184: WAKTU AKTIVITAS
D185: Aturan | H185: Kebiasaan | K185: Rencana Reguler | N185: Rentang Waktu | O185: Kelompok Waktu | T185: Rencana Insidental | V185: Rentang waktu Insidental | W185: Durasi (menit)
D186: Ya | E186: Tidak | F186: R2 | G186: R1 | H186: Ya | I186: Tidak | J186: H1 | K186: Ya | L186: Tidak | M186: P1 | O186: Pg | P186: Si | Q186: Sr | R186: Ml | S186: Al | T186: Ya / Tidak | U186: Slot waktu
A187: 1 | B187: SP | C187: Membuang sampah
A188: 2 | B188: M1A | C188: Membersihkan Teras A
A189: 3 | B189: M1B | C189: Membersihkan Teras B
A190: 4 | B190: M3A | C190: Membersihkan Ruang Keluarga Depan
A191: 5 | B191: M3B | C191: Membersihkan Ruang Keluarga Belakang
A192: 6 | B192: M4 | C192: Membersihkan Ruang Tidur Utama
A193: 7 | B193: M5A | C193: Membersihkan Ruang Tidur Anak 1
A194: 8 | B194: M5B | C194: Membersihkan Ruang Tidur Anak 2
A195: 9 | B195: M5C | C195: Membersihkan Ruang Tidur Anak 3
A196: 10 | B196: M6 | C196: Membersihkan Ruang Tidur Tamu
A197: 11 | B197: M7 | C197: Membersihkan dapur
A198: 12 | B198: M11A | C198: Membersihkan Kamar Mandi Kamar Utama
... A225: 35 | B225: GL | C225: Mengganti galon (AIR RO)
A227: DATA RENCANA ANAK 2_SILVI
A228: No | B228: Kode | C228: Aktivitas | D228: KATEGORI AKTIVITAS | N228: WAKTU AKTIVITAS
D229: Aturan | H229: Kebiasaan | K229: Rencana Reguler | N229: Rentang Waktu | O229: Kelompok Waktu | T229: Rencana Insidental | V229: Rentang waktu Insidental | W229: Durasi (menit)
D230: Ya | E230: Tidak | F230: R2 | G230: R1 | H230: Ya | I230: Tidak | J230: H1 | K230: Ya | L230: Tidak | M230: P1 | O230: Pg | P230: Si | Q230: Sr | R230: Ml | S230: Al | T230: Ya / Tidak | U230: Slot waktu
A231: 1 | B231: BT | C231: Bangun tidur di pagi hari
A232: 2 | B232: MD1 | C232: Mandi di pagi hari
A233: 3 | B233: MK2 | C233: Makan pagi
A234: 4 | B234: TDS | C234: Tidur siang
A235: 5 | B235: MK4 | C235: Makan siang
A236: 6 | B236: GR | C236: Memarkir kendaraan di garasi
A237: 7 | B237: MD2 | C237: Mandi di sore hari
A238: 8 | B238: CP1 | C238: Meletakkan pakaian kotor sebelum mandi
A239: 9 | B239: CP2 | C239: Meletakkan pakaian kotor setelah mandi
A240: 10 | B240: CP3 | C240: Mengambil pakaian bersih sebelum mandi
A241: 11 | B241: CP4 | C241: Mengambil pakaian bersih setelah mandi
A242: 12 | B242: MK6 | C242: Makan malam
... A266: 31 | B266: MK7 | C266: Makan bersama keluarga
A268: DATA RENCANA CUCU_SILVI
A269: No | B269: Kode | C269: Aktivitas | D269: KATEGORI AKTIVITAS | N269: WAKTU AKTIVITAS
D270: Aturan | H270: Kebiasaan | K270: Rencana Reguler | N270: Rentang Waktu | O270: Kelompok Waktu | T270: Rencana Insidental | V270: Rentang waktu Insidental | W270: Durasi (menit)
D271: Ya | E271: Tidak | F271: R2 | G271: R1 | H271: Ya | I271: Tidak | J271: H1 | K271: Ya | L271: Tidak | M271: P1 | O271: Pg | P271: Si | Q271: Sr | R271: Ml | S271: Al | T271: Ya / Tidak | U271: Slot waktu
A272: 1 | B272: BT | C272: Bangun tidur di pagi hari
A273: 2 | B273: MD1 | C273: Mandi di pagi hari
A274: 3 | B274: MK2 | C274: Makan pagi
A275: 4 | B275: TDS | C275: Tidur siang
A276: 5 | B276: MK4 | C276: Makan siang
A277: 6 | B277: MK6 | C277: Makan malam
A278: 7 | B278: MK | C278: Makan (diluar waktu makan pagi, siang, malam)
A279: 8 | B279: MN1 | C279: Minum setelah makan pagi
A280: 9 | B280: MN2 | C280: Minum setelah makan siang
A281: 10 | B281: MN3 | C281: Minum setelah makan malam
A282: 11 | B282: MN4 | C282: Minum (diluar waktu makan pagi, siang, malam)
...

Sheet SYARAT_SILVI
A1: SYARAT AYAH_PAULA
A2: NO | B2: KODE | C2: AKTIVITAS | D2: Peluang Dilakukan | E2: Tingkat Kemampuan Minimal | F2: FAKTOR FISIK LINGKUNGAN | V2: FAKTOR SUMBER DAYA | AL2: FAKTOR RUANG | BG2: RUANG UNTUK AKTIVITAS
V3: Air/Listrik/Gas/Makanan/Bahan Makanan/Bahan Bacaan | AL3: Kursi/Sofa/Karpet/Pintu/Tempat Tidur/Alat Kebersihan/ Alat Berkebun | BG3: Ruang Alternatif 1 | BH3: Ruang Alternatif 2 | BI3: Kondisi Ruang Alt 1 | BJ3: Jika Hidup Pilih | BK3: Jika Mati Pilih
F4: F1 Cahaya | N4: F2 Suhu | V4: R1 | AD4: R2 | AL4: D1 | AT4: D2 | BB4: D3
F5: Ya / Tidak | G5: Batas | H5: Kondisi Terkini | I5: Aktivitas Pendukung Sebelum | J5: Peluang Dilakukan | K5: Aktivitas Pendukung Setelah | L5: Peluang Dilakukan | M5: Obyek Lampu | N5: Ya / Tidak | O5: Batas | P5: Kondisi Terkini | Q5: Aktivitas Pendukung Sebelum | R5: Peluang Dilakukan | S5: Aktivitas Pendukung Setelah | T5: Peluang Dilakukan | U5: Obyek Pengatur Suhu Ruang | V5: Ya / Tidak | W5: Komponen | X5: Kondisi Terkini | Y5: Aktivitas Pendukung Sebelum | Z5: Peluang Dilakukan | AA5: Aktivitas Pendukung Setelah | AB5: Peluang Dilakukan | AC5: Obyek Lingkungan | AD5: Ya / Tidak | AE5: Komponen | AF5: Kondisi Terkini | AG5: Aktivitas Pendukung Sebelum | AH5: Peluang Dilakukan | AI5: Aktivitas Pendukung Setelah | AJ5: Peluang Dilakukan | AK5: Obyek Lingkungan | AL5: Ya / Tidak | AM5: Komponen | AN5: Kondisi Terkini | AO5: Aktivitas Pendukung Sebelum | AP5: Peluang Dilakukan | AQ5: Aktivitas Pendukung Setelah | AR5: Peluang Dilakukan | AS5: Obyek Lingkungan | AT5: Ya / Tidak | AU5: Komponen | AV5: Kondisi Terkini | AW5: Aktivitas Pendukung Sebelum | AX5: Peluang Dilakukan | AY5: Aktivitas Pendukung Setelah | AZ5: Peluang Dilakukan | BA5: Obyek Lingkungan | BB5: Ya / Tidak | BC5: Komponen | BD5: Kondisi Terkini | BE5: Jika Komponen Mati Pilih | BF5: Alat
A6: =DP_SILVI!A5 -> 1 | B6: =DP_SILVI!B5 -> BT | C6: =DP_SILVI!C5 -> Bangun tidur di pagi hari | E6: 2 | F6: Tidak | G6: 0 | H6: 0 | I6: 0 | M6: 0 | N6: Tidak | O6: 0 | P6: 0 | Q6: 0 | U6: 0 | V6: Tidak | W6: 0 | X6: 0 | Y6: 0 | AC6: 0 | AD6: Tidak | AE6: 0 | AF6: 0 | AG6: 0 | AK6: 0 | AL6: Ya | AM6: Tempat Tidur | AN6: Mati | AO6: T4 | AS6: TD1 | AT6: Tidak | AU6: 0 | AV6: 0 | AW6: 0 | BA6: 0 | BB6: Tidak | BC6: 0 | BD6: 0 | BE6: 0 | BF6: 0 | BG6: Rg Tidur Utama | BI6: Hidup | BJ6: J2 | BK6: J1
A7: =DP_SILVI!A6 -> 2 | B7: =DP_SILVI!B6 -> OR | C7: =DP_SILVI!C6 -> Olahraga pagi | E7: 2 | F7: Ya | G7: 100 | H7: 40 | I7: S1 | M7: L18 | N7: Tidak | O7: 0 | P7: 0 | Q7: 0 | U7: 0 | V7: Tidak | W7: 0 | X7: 0 | Y7: 0 | AC7: 0 | AD7: Tidak | AE7: 0 | AF7: 0 | AG7: 0 | AK7: 0 | AL7: Ya | AM7: Tempat Tidur | AN7: Mati | AO7: T4 | AS7: TD1 | AT7: Tidak | AU7: 0 | AV7: 0 | AW7: 0 | BA7: 0 | BB7: Tidak | BC7: 0 | BD7: 0 | BE7: 0 | BF7: 0 | BG7: Rg Tidur Utama | BI7: Hidup | BJ7: J2 | BK7: J1
A8: =DP_SILVI!A7 -> 3 | B8: =DP_SILVI!B7 -> MD1 | C8: =DP_SILVI!C7 -> Mandi di pagi hari | E8: 4 | F8: Ya | G8: 100 | H8: 40 | I8: S1 | M8: L10 | N8: Tidak | O8: 0 | P8: 0 | Q8: 0 | U8: 0 | V8: Ya | W8: Air | X8: Hidup | Y8: O1 | AC8: WT03 | AD8: Tidak | AE8: 0 | AF8: 0 | AG8: 0 | AK8: 0 | AL8: Ya | AM8: Pintu | AN8: Mati | AO8: G3 | AS8: P8 | AT8: Tidak | AU8: 0 | AV8: 0 | AW8: 0 | BA8: 0 | BG8: KM | BI8: Hidup | BJ8: J2 | BK8: J1
A9: =DP_SILVI!A8 -> 4 | B9: =DP_SILVI!B8 -> MK2 | C9: =DP_SILVI!C8 -> Makan pagi | E9: 4 | F9: Ya | G9: 100 | H9: 40 | I9: S1 | M9: L10 | N9: Tidak | O9: 0 | P9: 0 | Q9: 0 | U9: 0 | V9: Ya | W9: Air | X9: Hidup | Y9: O1 | AC9: WT03 | AD9: Tidak | AE9: 0 | AF9: 0 | AG9: 0 | AK9: 0 | AL9: Ya | AM9: Pintu | AN9: Mati | AO9: G4 | AS9: P8 | AT9: Tidak | AU9: 0 | AV9: 0 | AW9: 0 | BA9: 0 | BG9: KM | BI9: Hidup | BJ9: J2 | BK9: J1
A10: =DP_SILVI!A9 -> 5 | B10: =DP_SILVI!B9 -> KJ1 | C10: =DP_SILVI!C9 -> Berangkat kerja | E10: 2 | F10: Ya | G10: 100 | H10: 40 | I10: S1 | M10: L11 | N10: Tidak | O10: 0 | P10: 0 | Q10: 0 | U10: 0 | V10: Ya | W10: Makanan | X10: Hidup | Y10: G5 | AC10: RC02 | AD10: Tidak | AE10: 0 | AF10: 0 | AG10: 0 | AK10: 0 | AL10: Ya | AM10: Kursi/Karpet/Sofa | AN10: Mati | AO10: K/KR/S | AS10: K01 | AT10: Tidak | AU10: 0 | AV10: 0 | AW10: 0 | BA10: 0 | BG10: RMKn | BI10: Hidup | BJ10: J2 | BK10: J1
A11: =DP_SILVI!A10 -> 6 | B11: =DP_SILVI!B10 -> KJ3 | C11: =DP_SILVI!C10 -> Pulang kerja | E11: 4 | F11: Ya | G11: 100 | H11: 40 | I11: S1 | M11: L6/ L4/ L5 | N11: Tidak | O11: 0 | P11: 0 | Q11: 0 | U11: 0 | V11: Ya | W11: Listrik | X11: Hidup | Y11: S6 | AD11: Tidak | AE11: 0 | AF11: 0 | AG11: 0 | AK11: 0 | AL11: Ya | AM11: Kursi/Karpet/Sofa | AN11: Mati | AO11: K/KR/S | AS11: S10/ KR01 | AT11: Ya | AU11: Kursi/Karpet/Sofa | AV11: Mati | AW11: K/KR/S | BA11: S04 | BG11: R Keluarga | BH11: R Tamu | BI11: Hidup | BJ11: J2 | BK11: J1
A12: =DP_SILVI!A11 -> 7 | B12: =DP_SILVI!B11 -> TDS | C12: =DP_SILVI!C11 -> Tidur siang | E12: 4 | F12: Tidak | G12: 0 | H12: 0 | I12: 0 | M12: 0 | N12: Tidak | O12: 0 | P12: 0 | Q12: 0 | U12: 0 | V12: Tidak | W12: 0 | X12: 0 | Y12: 0 | AC12: 0 | AD12: Tidak | AE12: 0 | AF12: 0 | AG12: 0 | AK12: 0 | AL12: Tidak | AM12: 0 | AN12: 0 | AO12: 0 | AS12: 0 | AT12: Tidak | AU12: 0 | AV12: 0 | AW12: 0 | BA12: 0 | BG12: Garasi | BI12: Hidup | BJ12: J2 | BK12: J1
A13: =DP_SILVI!A12 -> 8 | B13: =DP_SILVI!B12 -> MK4 | C13: =DP_SILVI!C12 -> Makan siang | E13: 4 | F13: Tidak | G13: 0 | H13: 0 | I13: 0 | M13: 0 | N13: Tidak | O13: 0 | P13: 0 | Q13: 0 | U13: 0 | V13: Tidak | W13: 0 | X13: 0 | Y13: 0 | AC13: 0 | AD13: Tidak | AE13: 0 | AF13: 0 | AG13: 0 | AK13: 0 | AL13: Tidak | AM13: 0 | AN13: 0 | AO13: 0 | AS13: 0 | AT13: Tidak | AU13: 0 | AV13: 0 | AW13: 0 | BA13: 0 | BG13: Garasi | BI13: Hidup | BJ13: J2 | BK13: J1
A14: =DP_SILVI!A13 -> 9 | B14: =DP_SILVI!B13 -> GR | C14: =DP_SILVI!C13 -> Memarkir kendaraan di garasi | E14: 2 | F14: Ya | G14: 100 | H14: 40 | I14: S1 | M14: L3 | N14: Ya | O14: 25 | P14: 27 | Q14: S2 | U14: AC01/ KP02 | V14: Tidak | W14: 0 | X14: 0 | Y14: 0 | AC14: 0 | AD14: Tidak | AE14: 0 | AF14: 0 | AG14: 0 | AK14: 0 | AL14: Ya | AM14: Tempat Tidur | AN14: Mati | AO14: T2 | AS14: TD1 | AT14: Tidak | AU14: 0 | AV14: 0 | AW14: 0 | BA14: 0 | BG14: Rg Tidur Utama | BI14: Hidup | BJ14: J2 | BK14: J1
A15: =DP_SILVI!A14 -> 10 | B15: =DP_SILVI!B14 -> MD2 | C15: =DP_SILVI!C14 -> Mandi di sore hari | E15: 2 | F15: Ya | G15: 100 | H15: 40 | I15: S1 | M15: L11 | N15: Tidak | O15: 0 | P15: 0 | Q15: 0 | U15: 0 | V15: Ya | W15: Makanan | X15: Hidup | Y15: G5 | AC15: RC02 | AD15: Tidak | AE15: 0 | AF15: 0 | AG15: 0 | AK15: 0 | AL15: Ya | AM15: Kursi/Karpet/Sofa | AN15: Mati | AO15: K/KR/S | AS15: K01 | AT15: Tidak | AU15: 0 | AV15: 0 | AW15: 0 | BA15: 0 | BG15: R Makan | BH15: R keluarga | BI15: Hidup | BJ15: J2 | BK15: J1
A16: =DP_SILVI!A15 -> 11 | B16: =DP_SILVI!B15 -> CP1 | C16: =DP_SILVI!C15 -> Meletakkan pakaian kotor sebelum mandi | E16: 8 | F16: Ya | G16: 100 | H16: 40 | I16: S1 | M16: L2 | N16: Tidak | O16: 0 | P16: 0 | Q16: 0 | U16: 0 | V16: Tidak | W16: 0 | X16: 0 | Y16: 0 | AC16: 0 | AD16: Tidak | AE16: 0 | AF16: 0 | AG16: 0 | AK16: 0 | AL16: Ya | AM16: Pintu | AN16: Mati | AO16: G2 | AS16: P13 | AT16: Tidak | AU16: 0 | AV16: 0 | AW16: 0 | BA16: 0 | BG16: Garasi | BI16: Hidup | BJ16: J2 | BK16: J1
A17: =DP_SILVI!A16 -> 12 | B17: =DP_SILVI!B16 -> CP2 | C17: =DP_SILVI!C16 -> Meletakkan pakaian kotor setelah mandi | E17: 4 | F17: Ya | G17: 100 | H17: 40 | I17: S1 | M17: L10 | N17: Tidak | O17: 0 | P17: 0 | Q17: 0 | U17: 0 | V17: Ya | W17: Air | X17: Hidup | Y17: O1 | AC17: WT03 | AD17: Tidak | AE17: 0 | AF17: 0 | AG17: 0 | AK17: 0 | AL17: Ya | AM17: Pintu | AN17: Mati | AO17: G2 | AS17: P8 | AT17: Tidak | AU17: 0 | AV17: 0 | AW17: 0 | BA17: 0 | BG17: KM | BI17: Hidup | BJ17: J2 | BK17: J1
A18: =DP_SILVI!A17 -> 13 | B18: =DP_SILVI!B17 -> CP3 | C18: =DP_SILVI!C17 -> Mengambil pakaian bersih sebelum mandi | E18: 2 | F18: Ya | G18: 100 | H18: 40 | I18: S1 | M18: L13 | N18: Tidak | O18: 0 | P18: 0 | Q18: 0 | U18: 0 | V18: Tidak | W18: 0 | X18: 0 | Y18: 0 | AC18: 0 | AD18: Tidak | AE18: 0 | AF18: 0 | AG18: 0 | AK18: 0 | AL18: Ya | AM18: Pintu | AN18: Mati | AO18: G2 | AS18: P11 | AT18: Tidak | AU18: 0 | AV18: 0 | AW18: 0 | BA18: 0 | BG18: R Cuci | BI18: Hidup | BJ18: J2 | BK18: J1
A19: =DP_SILVI!A18 -> 14 | B19: =DP_SILVI!B18 -> CP4 | C19: =DP_SILVI!C18 -> Mengambil pakaian bersih setelah mandi | E19: 2 | F19: Ya | G19: 100 | H19: 40 | I19: S1 | M19: L3 | N19: Tidak | O19: 0 | P19: 0 | Q19: 0 | U19: 0 | V19: Tidak | W19: 0 | X19: 0 | Y19: 0 | AC19: 0 | AD19: Tidak | AE19: 0 | AF19: 0 | AG19: 0 | AK19: 0 | AL19: Ya | AM19: Pintu | AN19: Mati | AO19: G2 | AS19: P4 | AT19: Tidak | AU19: 0 | AV19: 0 | AW19: 0 | BA19: 0 | BG19: RT Utama | BI19: Hidup | BJ19: J2 | BK19: J1
A20: =DP_SILVI!A19 -> 15 | B20: =DP_SILVI!B19 -> MK6 | C20: =DP_SILVI!C19 -> Makan malam | E20: 2 | F20: Ya | G20: 100 | H20: 40 | I20: S1 | M20: L11 | N20: Tidak | O20: 0 | P20: 0 | Q20: 0 | U20: 0 | V20: Ya | W20: Makanan | X20: Hidup | Y20: G5 | AC20: RC02 | AD20: Tidak | AE20: 0 | AF20: 0 | AG20: 0 | AK20: 0 | AL20: Ya | AM20: Kursi/Karpet/Sofa | AN20: Mati | AO20: K/KR/S | AS20: K01 | AT20: Tidak | AU20: 0 | AV20: 0 | AW20: 0 | BA20: 0 | BG20: R Makan | BH20: R keluarga | BI20: Hidup | BJ20: J2 | BK20: J1
A21: =DP_SILVI!A20 -> 16 | B21: =DP_SILVI!B20 -> BP | C21: =DP_SILVI!C20 -> Berpakaian dan berdandan | E21: 2 | F21: Ya | G21: 100 | H21: 40 | I21: S1 | M21: L3 | N21: Tidak | O21: 0 | P21: 0 | Q21: 0 | U21: 0 | V21: Tidak | W21: 0 | X21: 0 | Y21: 0 | AC21: 0 | AD21: Tidak | AE21: 0 | AF21: 0 | AG21: 0 | AK21: 0 | AL21: Ya | AM21: Pintu | AN21: Mati | AO21: G2 | AS21: P4 | AT21: Tidak | AU21: 0 | AV21: 0 | AW21: 0 | BA21: 0 | BC21: Karpet | BD21: Hidup | BE21: Kr1 | BG21: Rg Tidur Utama | BH21: Rg Tidur 2 | BI21: Hidup | BJ21: J2 | BK21: J1
A22: =DP_SILVI!A21 -> 17 | B22: =DP_SILVI!B21 -> TDM | C22: =DP_SILVI!C21 -> Tidur malam | E22: 2 | F22: Ya | G22: 100 | H22: 40 | I22: S1 | M22: L3/ L18 | N22: Ya | O22: 25 | P22: 27 | Q22: S2 | U22: AC01/ KP02 | V22: Tidak | W22: 0 | X22: 0 | Y22: 0 | AC22: 0 | AD22: Tidak | AE22: 0 | AF22: 0 | AG22: 0 | AK22: 0 | AL22: Ya | AM22: Tempat Tidur | AN22: Mati | AO22: T2 | AS22: P4 | AT22: Tidak | AU22: 0 | AV22: 0 | AW22: 0 | BA22: 0 | BG22: Rg Tidur Utama | BI22: Hidup | BJ22: J2 | BK22: J1
A23: =DP_SILVI!A22 -> 18 | B23: =DP_SILVI!B22 -> TD | C23: =DP_SILVI!C22 -> Tidur (diluar waktu tidur malam & siang) | E23: 2 | F23: Ya | G23: 100 | H23: 40 | I23: S1 | M23: L3/ L18 | N23: Ya | O23: 25 | P23: 27 | Q23: S2 | U23: AC01/ KP02 | V23: Tidak | W23: 0 | X23: 0 | Y23: 0 | AC23: 0 | AD23: Tidak | AE23: 0 | AF23: 0 | AG23: 0 | AK23: 0 | AL23: Ya | AM23: Tempat Tidur | AN23: Mati | AO23: T2 | AS23: P4 | AT23: Tidak | AU23: 0 | AV23: 0 | AW23: 0 | BA23: 0 | BG23: Rg Tidur Utama | BI23: Hidup | BJ23: J2 | BK23: J1
A24: =DP_SILVI!A23 -> 19 | B24: =DP_SILVI!B23 -> TO | C24: =DP_SILVI!C23 -> Toilet (hanya BAK/BAB) | E24: 4 | F24: Ya | G24: 100 | H24: 40 | I24: S1 | M24: L10 | N24: Tidak | O24: 0 | P24: 0 | Q24: 0 | U24: 0 | V24: Ya | W24: Air | X24: Hidup | Y24: O1 | AC24: WT03 | AD24: Tidak | AE24: 0 | AF24: 0 | AG24: 0 | AK24: 0 | AL24: Ya | AM24: Pintu | AN24: Mati | AO24: G2 | AS24: P8 | AT24: Tidak | AU24: 0 | AV24: 0 | AW24: 0 | BA24: 0 | BG24: KM | BI24: Hidup | BJ24: J2 | BK24: J1
A25: =DP_SILVI!A24 -> 20 | B25: =DP_SILVI!B24 -> MD | C25: =DP_SILVI!C24 -> Mandi (diluar waktu mandi pagi dan sore) | E25: 4 | F25: Ya | G25: 100 | H25: 40 | I25: S1 | M25: L10 | N25: Tidak | O25: 0 | P25: 0 | Q25: 0 | U25: 0 | V25: Ya | W25: Air | X25: Hidup | Y25: O1 | AC25: WT03 | AD25: Tidak | AE25: 0 | AF25: 0 | AG25: 0 | AK25: 0 | AL25: Ya | AM25: Pintu | AN25: Mati | AO25: G2 | AS25: P8 | AT25: Tidak | AU25: 0 | AV25: 0 | AW25: 0 | BA25: 0 | BG25: KM | BI25: Hidup | BJ25: J2 | BK25: J1
A26: =DP_SILVI!A25 -> 21 | B26: =DP_SILVI!B25 -> MK | C26: =DP_SILVI!C25 -> Makan (diluar waktu makan pagi, siang, malam) | E26: 6 | F26: Ya | G26: 100 | H26: 40 | I26: S1 | M26: L10 | N26: Tidak | O26: 0 | P26: 0 | Q26: 0 | U26: 0 | V26: Ya | W26: Air | X26: Hidup | Y26: O1 | AC26: WT03 | AD26: Tidak | AE26: 0 | AF26: 0 | AG26: 0 | AK26: 0 | AL26: Ya | AM26: Pintu | AN26: Mati | AO26: G2 | AS26: P8 | AT26: Tidak | AU26: 0 | AV26: 0 | AW26: 0 | BA26: 0 | BG26: KM | BI26: Hidup | BJ26: J2 | BK26: J1
A27: =DP_SILVI!A26 -> 22 | B27: =DP_SILVI!B26 -> MN1 | C27: =DP_SILVI!C26 -> Minum setelah makan pagi | E27: 2 | F27: Ya | G27: 100 | H27: 40 | I27: S1 | M27: L11/ L6 | N27: Tidak | O27: 0 | P27: 0 | Q27: 0 | U27: 0 | V27: Ya | W27: Makanan | X27: Hidup | Y27: G5 | AC27: RC02/RC01 | AD27: Tidak | AE27: 0 | AF27: 0 | AG27: 0 | AK27: 0 | AL27: Ya | AM27: Kursi/Karpet/Sofa | AN27: Mati | AO27: K/KR/S | AS27: K01 | AT27: Tidak | AU27: 0 | AV27: 0 | AW27: 0 | BA27: 0 | BG27: R Makan | BH27: Rg Keluarga | BI27: Hidup | BJ27: J2 | BK27: J1
A28: =DP_SILVI!A27 -> 23 | B28: =DP_SILVI!B27 -> MN2 | C28: =DP_SILVI!C27 -> Minum setelah makan siang | E28: 2 | F28: Ya | G28: 100 | H28: 40 | I28: S1 | M28: L12/ L11 | N28: Tidak | O28: 0 | P28: 0 | Q28: 0 | U28: 0 | V28: Ya | W28: Listrik | X28: Hidup | Y28: L2 | AC28: DP01 | AD28: Ya | AE28: Air | AF28: Hidup | AG28: O1 | AK28: 0 | AL28: Ya | AM28: Kursi/Karpet/Sofa | AN28: Mati | AO28: K/KR/S | AS28: K01 | AT28: Tidak | AU28: 0 | AV28: 0 | AW28: 0 | BA28: 0 | BG28: Dapur | BH28: R Makan | BI28: Hidup | BJ28: J2 | BK28: J1
A29: =DP_SILVI!A28 -> 24 | B29: =DP_SILVI!B28 -> MN3 | C29: =DP_SILVI!C28 -> Minum setelah makan malam | E29: 2 | F29: Ya | G29: 100 | H29: 40 | I29: S1 | M29: L12/ L11 | N29: Tidak | O29: 0 | P29: 0 | Q29: 0 | U29: 0 | V29: Ya | W29: Listrik | X29: Hidup | Y29: L2 | AC29: DP01 | AD29: Ya | AE29: Air | AF29: Hidup | AG29: O1 | AK29: 0 | AL29: Ya | AM29: Kursi/Karpet/Sofa | AN29: Mati | AO29: K/KR/S | AS29: K01 | AT29: Tidak | AU29: 0 | AV29: 0 | AW29: 0 | BA29: 0 | BG29: Dapur | BH29: R Makan | BI29: Hidup | BJ29: J2 | BK29: J1
A30: =DP_SILVI!A29 -> 25 | B30: =DP_SILVI!B29 -> MN4 | C30: =DP_SILVI!C29 -> Minum (diluar waktu makan pagi, siang, malam) | E30: 2 | F30: Ya | G30: 100 | H30: 40 | I30: S1 | M30: L12/ L11 | N30: Tidak | O30: 0 | P30: 0 | Q30: 0 | U30: 0 | V30: Ya | W30: Listrik | X30: Hidup | Y30: L2 | AC30: DP01 | AD30: Ya | AE30: Air | AF30: Hidup | AG30: O1 | AK30: 0 | AL30: Ya | AM30: Kursi/Karpet/Sofa | AN30: Mati | AO30: K/KR/S | AS30: K01 | AT30: Tidak | AU30: 0 | AV30: 0 | AW30: 0 | BA30: 0 | BG30: Dapur | BH30: R Makan | BI30: Hidup | BJ30: J2 | BK30: J1
A31: =DP_SILVI!A30 -> 26 | B31: =DP_SILVI!B30 -> BS | C31: =DP_SILVI!C30 -> Bersantai (waktu ditentukan responden) | E31: 2 | F31: Ya | G31: 100 | H31: 40 | I31: S1 | M31: L12/ L11 | N31: Tidak | O31: 0 | P31: 0 | Q31: 0 | U31: 0 | V31: Ya | W31: Listrik | X31: Hidup | Y31: L2 | AC31: DP01 | AD31: Ya | AE31: Air | AF31: Hidup | AG31: O1 | AK31: 0 | AL31: Ya | AM31: Kursi/Karpet/Sofa | AN31: Mati | AO31: K/KR/S | AS31: K01 | AT31: Tidak | AU31: 0 | AV31: 0 | AW31: 0 | BA31: 0 | BG31: Dapur | BH31: R Makan | BI31: Hidup | BJ31: J2 | BK31: J1
A32: =DP_SILVI!A31 -> 27 | B32: =DP_SILVI!B31 -> GD1 | C32: =DP_SILVI!C31 -> Mengisi ulang daya gadget | E32: 8 | F32: Ya | G32: 0 | H32: 40 | I32: S8 | M32: 0 | N32: Tidak | O32: 0 | P32: 0 | Q32: 0 | U32: 0 | V32: Ya | W32: Listrik | X32: Mati | Y32: L1 | AD32: Tidak | AE32: 0 | AF32: 0 | AG32: 0 | AK32: 0 | AL32: Tidak | AM32: 0 | AN32: 0 | AO32: 0 | AS32: 0 | AT32: Tidak | AU32: 0 | AV32: 0 | AW32: 0 | BA32: 0 | BI32: Hidup | BJ32: J2 | BK32: J1
A33: =DP_SILVI!A32 -> 28 | B33: =DP_SILVI!B32 -> GD2 | C33: =DP_SILVI!C32 -> Mengoperasikan gadget | E33: 2 | F33: Ya | G33: 100 | H33: 40 | I33: S1 | M33: L3/ L6 | N33: Ya | O33: 25 | P33: 27 | Q33: S2 | U33: AC01/ KP02 | V33: Tidak | W33: 0 | X33: 0 | Y33: 0 | AC33: 0 | AD33: Tidak | AE33: 0 | AF33: 0 | AG33: 0 | AK33: 0 | AL33: Ya | AM33: Tempat Tidur | AN33: Mati | AO33: T2 | AS33: TD1 | AT33: Ya | AU33: Kursi/Karpet/Sofa | AV33: Mati | AW33: K/KR/S | BA33: S10 | BG33: Rg Tidur Utama | BH33: Rg Keluarga | BI33: Hidup | BJ33: J2 | BK33: J1
A34: =DP_SILVI!A33 -> 29 | B34: =DP_SILVI!B33 -> TV | C34: =DP_SILVI!C33 -> Menonton TV (waktu ditentukan responden) | E34: 2 | F34: Ya | G34: 100 | H34: 40 | I34: S1 | M34: L3/ L7 | N34: Tidak | O34: 0 | P34: 0 | Q34: 0 | U34: 0 | V34: Ya | W34: Listrik | X34: Mati | Y34: L2 | AD34: Tidak | AE34: 0 | AF34: 0 | AG34: 0 | AK34: 0 | AL34: Tidak | AM34: 0 | AN34: 0 | AO34: 0 | AS34: 0 | AT34: Tidak | AU34: 0 | AV34: 0 | AW34: 0 | BA34: 0 | BG34: Rg Tidur Utama | BH34: Rg Keluarga | BI34: Hidup | BJ34: J2 | BK34: J1
A35: =DP_SILVI!A34 -> 30 | B35: =DP_SILVI!B34 -> BM1 | C35: =DP_SILVI!C34 -> Mengawasi anak/adik bermain | E35: 2 | F35: Ya | G35: 100 | H35: 40 | I35: S1 | M35: L3/ L6 | N35: Tidak | O35: 0 | P35: 0 | Q35: 0 | U35: 0 | V35: Tidak | W35: 0 | X35: 0 | Y35: 0 | AC35: 0 | AD35: Tidak | AE35: 0 | AF35: 0 | AG35: 0 | AK35: 0 | AL35: Ya | AM35: Tempat Tidur | AN35: Mati | AO35: T2 | AS35: TD1 | AT35: Ya | AU35: Kursi/Karpet/Sofa | AV35: Mati | AW35: K/KR/S | BA35: S10/ KR01 | BG35: Rg Tidur Utama | BH35: Rg Keluarga | BI35: Hidup | BJ35: J2 | BK35: J1
A36: =DP_SILVI!A35 -> 31 | B36: =DP_SILVI!B35 -> BM2 | C36: =DP_SILVI!C35 -> Bermain (waktu ditentukan responden) | E36: 2 | F36: Ya | G36: 100 | H36: 40 | I36: S1 | M36: L6 | N36: Ya | O36: 25 | P36: 27 | Q36: S2 | U36: KP01 | V36: Ya | W36: Listrik | X36: Mati | Y36: L2 | AC36: TV01 | AD36: Tidak | AE36: 0 | AF36: 0 | AG36: 0 | AK36: 0 | AL36: Ya | AM36: Kursi/Karpet/Sofa | AN36: Mati | AO36: K/KR/S | AS36: S10/ KR01 | AT36: Tidak | AU36: 0 | AV36: 0 | AW36: 0 | BA36: 0 | BG36: Rg Keluarga | BI36: Hidup | BJ36: J2 | BK36: J1
A37: =DP_SILVI!A36 -> 32 | B37: =DP_SILVI!B36 -> MT | C37: =DP_SILVI!C36 -> Menerima tamu | E37: 4 | F37: Ya | G37: 100 | H37: 40 | I37: S1 | M37: L6/ L4/ L5 | N37: Ya | O37: 25 | P37: 27 | Q37: S2 | U37: KP01 | V37: Tidak | W37: 0 | X37: 0 | Y37: 0 | AC37: 0 | AD37: Tidak | AE37: 0 | AF37: 0 | AG37: 0 | AK37: 0 | AL37: Ya | AM37: Kursi/Karpet/Sofa | AN37: Mati | AO37: K/KR/S | AS37: S10/ KR01 | AT37: Ya | AU37: Kursi/Karpet/Sofa | AV37: Mati | AW37: K/KR/S | BA37: S04 | BG37: Rg Keluarga | BH37: R Tamu | BI37: Hidup | BJ37: J2 | BK37: J1
A38: =DP_SILVI!A37 -> 33 | B38: =DP_SILVI!B37 -> IB | C38: =DP_SILVI!C37 -> Ibadah (di rumah responden) | E38: 6 | F38: Ya | G38: 100 | H38: 40 | I38: S1 | M38: L4/ L5/ L6 | N38: Tidak | O38: 0 | P38: 0 | Q38: 0 | U38: 0 | V38: Tidak | W38: 0 | X38: 0 | Y38: 0 | AC38: 0 | AD38: Tidak | AE38: 0 | AF38: 0 | AG38: 0 | AK38: 0 | AL38: Ya | AM38: Kursi/Karpet/Sofa | AN38: Mati | AO38: K/KR/S | AS38: S04 | AT38: Ya | AU38: Kursi/Karpet/Sofa | AV38: Mati | AW38: K/KR/S | BA38: S10 | BG38: R Tamu | BH38: Rg Keluarga | BI38: Hidup | BJ38: J2 | BK38: J1
A39: =DP_SILVI!A42 -> 34 | B39: =DP_SILVI!B42 -> HT | C39: =DP_SILVI!C42 -> Menggunakan home theater | E39: 8 | F39: Ya | G39: 100 | H39: 40 | I39: S1 | M39: L4/ L5/ L2 | N39: Tidak | O39: 0 | P39: 0 | Q39: 0 | U39: 0 | V39: Tidak | W39: 0 | X39: 0 | Y39: 0 | AC39: 0 | AD39: Tidak | AE39: 0 | AF39: 0 | AG39: 0 | AK39: 0 | AL39: Ya | AM39: Kursi/Karpet/Sofa | AN39: Mati | AO39: K/KR/S | AS39: S04 | AT39: Tidak | AU39: 0 | AV39: 0 | AW39: 0 | BA39: 0 | BG39: R Tamu | BH39: Garasi | BI39: Hidup | BJ39: J2 | BK39: J1
A40: =DP_SILVI!A43 -> 35 | B40: =DP_SILVI!B43 -> MK7 | C40: =DP_SILVI!C43 -> Makan bersama keluarga | E40: 4 | F40: Ya | G40: 100 | H40: 40 | I40: S1 | M40: L4/ L5 | N40: Tidak | O40: 0 | P40: 0 | Q40: 0 | U40: 0 | V40: Tidak | W40: 0 | X40: 0 | Y40: 0 | AC40: 0 | AD40: Tidak | AE40: 0 | AF40: 0 | AG40: 0 | AK40: 0 | AL40: Ya | AM40: Kursi/Karpet/Sofa | AN40: Mati | AO40: K/KR/S | AS40: S04 | AT40: Tidak | AU40: 0 | AV40: 0 | AW40: 0 | BA40: 0 | BG40: R Tamu | BI40: Hidup | BJ40: J2 | BK40: J1
A41: =DP_SILVI!#REF! -> #REF! | B41: =DP_SILVI!#REF! -> #REF! | C41: =DP_SILVI!#REF! -> #REF! | E41: 8 | F41: Ya | G41: 100 | H41: 40 | I41: S1 | M41: L11 | N41: Tidak | O41: 0 | P41: 0 | Q41: 0 | U41: 0 | V41: Ya | W41: Listrik | X41: Mati | Y41: L1 | AC41: DP01 | AD41: Tidak | AE41: 0 | AF41: 0 | AG41: 0 | AK41: 0 | AL41: Tidak | AM41: 0 | AN41: 0 | AO41: 0 | AS41: 0 | AT41: Tidak | AU41: 0 | AV41: 0 | AW41: 0 | BA41: 0 | BG41: R Makan | BI41: Hidup | BJ41: J2 | BK41: J1
A43: SYARAT KAKAK_PAULA
A44: NO | B44: KODE | C44: AKTIVITAS | D44: Peluang Dilakukan | E44: Tingkat Kemampuan Minimal | F44: FAKTOR FISIK LINGKUNGAN | V44: FAKTOR SUMBER DAYA | AL44: FAKTOR RUANG | BG44: RUANG UNTUK AKTIVITAS
V45: Air/Listrik/Gas/Makanan/Bahan Makanan/Bahan Bacaan | AL45: Kursi/Sofa/Karpet/Pintu/Tempat Tidur/Alat Kebersihan/ Alat Berkebun | BG45: Ruang Alternatif 1 | BH45: Ruang Alternatif 2 | BI45: Kondisi Ruang Alt 1 | BJ45: Jika Hidup Pilih | BK45: Jika Mati Pilih
F46: F1 Cahaya | N46: F2 Suhu | V46: R1 | AD46: R2 | AL46: D1 | AT46: D2 | BB46: D3
F47: Ya / Tidak | G47: Batas | H47: Kondisi Terkini | I47: Aktivitas Pendukung Sebelum | J47: Peluang Dilakukan | K47: Aktivitas Pendukung Setelah | L47: Peluang Dilakukan | M47: Obyek Lampu | N47: Ya / Tidak | O47: Batas | P47: Kondisi Terkini | Q47: Aktivitas Pendukung Sebelum | R47: Peluang Dilakukan | S47: Aktivitas Pendukung Setelah | T47: Peluang Dilakukan | U47: Obyek Pengatur Suhu Ruang | V47: Ya / Tidak | W47: Komponen | X47: Kondisi Terkini | Y47: Aktivitas Pendukung Sebelum | Z47: Peluang Dilakukan | AA47: Aktivitas Pendukung Setelah | AB47: Peluang Dilakukan | AC47: Obyek Lingkungan | AD47: Ya / Tidak | AE47: Komponen | AF47: Kondisi Terkini | AG47: Aktivitas Pendukung Sebelum | AH47: Peluang Dilakukan | AI47: Aktivitas Pendukung Setelah | AJ47: Peluang Dilakukan | AK47: Obyek Lingkungan | AL47: Ya / Tidak | AM47: Komponen | AN47: Kondisi Terkini | AO47: Aktivitas Pendukung Sebelum | AP47: Peluang Dilakukan | AQ47: Aktivitas Pendukung Setelah | AR47: Peluang Dilakukan | AS47: Obyek Lingkungan | AT47: Ya / Tidak | AU47: Komponen | AV47: Kondisi Terkini | AW47: Aktivitas Pendukung Sebelum | AX47: Peluang Dilakukan | AY47: Aktivitas Pendukung Setelah | AZ47: Peluang Dilakukan | BA47: Obyek Lingkungan | BB47: Ya / Tidak | BC47: Komponen | BD47: Kondisi Terkini | BE47: Jika Komponen Mati Pilih | BF47: Alat
A48: =DP_SILVI!A53 -> 1 | B48: =DP_SILVI!B53 -> BT | C48: =DP_SILVI!C53 -> Bangun tidur di pagi hari | E48: 4 | F48: Tidak | G48: 0 | H48: 0 | I48: 0 | M48: 0 | N48: Tidak | O48: 0 | P48: 0 | Q48: 0 | U48: 0 | V48: Tidak | W48: 0 | X48: 0 | Y48: 0 | AC48: 0 | AD48: Tidak | AE48: 0 | AF48: 0 | AG48: 0 | AK48: 0 | AL48: Ya | AM48: Tempat Tidur | AN48: Mati | AO48: T4 | AS48: TD2 | AT48: Tidak | AU48: 0 | AV48: 0 | AW48: 0 | BA48: 0 | BG48: Rg Tidur Utama | BI48: Hidup | BJ48: J2 | BK48: J1
A49: =DP_SILVI!A54 -> 2 | B49: =DP_SILVI!B54 -> MD1 | C49: =DP_SILVI!C54 -> Mandi di pagi hari | F49: Ya | G49: 100 | H49: 40 | I49: S1 | M49: L17 | N49: Tidak | O49: 0 | P49: 0 | Q49: 0 | U49: 0 | V49: Tidak | W49: 0 | X49: 0 | Y49: 0 | AC49: 0 | AD49: Tidak | AE49: 0 | AF49: 0 | AG49: 0 | AK49: 0 | AL49: Ya | AM49: Tempat Tidur | AN49: Mati | AO49: T4 | AS49: TD2 | AT49: Tidak | AU49: 0 | AV49: 0 | AW49: 0 | BA49: 0 | BG49: Rg Tidur Utama | BI49: Hidup | BJ49: J2 | BK49: J1
A50: =DP_SILVI!A55 -> 3 | B50: =DP_SILVI!B55 -> MA1 | C50: =DP_SILVI!C55 -> Memandikan anak di pagi hari | F50: Ya | G50: 100 | H50: 40 | I50: S1 | M50: L10 | N50: Tidak | O50: 0 | P50: 0 | Q50: 0 | U50: 0 | V50: Ya | W50: Air | X50: Hidup | Y50: O1 | AC50: WT03 | AD50: Tidak | AE50: 0 | AF50: 0 | AG50: 0 | AK50: 0 | AL50: Ya | AM50: Pintu | AN50: Mati | AO50: G2 | AS50: P8 | AT50: Tidak | AU50: 0 | AV50: 0 | AW50: 0 | BA50: 0 | BG50: KM | BI50: Hidup | BJ50: J2 | BK50: J1
A51: =DP_SILVI!A56 -> 4 | B51: =DP_SILVI!B56 -> MK1 | C51: =DP_SILVI!C56 -> Menyuapi anak makan pagi | F51: Ya | G51: 100 | H51: 40 | I51: S1 | M51: L11/ L6 | N51: Ya | O51: 25 | P51: 27 | Q51: S2 | U51: J12/ PJ1 | V51: Ya | W51: Makanan | X51: Hidup | Y51: G5 | AC51: RC02 | AD51: Tidak | AE51: 0 | AF51: 0 | AG51: 0 | AK51: 0 | AL51: Ya | AM51: Kursi/Karpet/Sofa | AN51: Mati | AO51: K/KR/S | AS51: K01 | AT51: Ya | AU51: Kursi/Karpet/Sofa | AV51: Mati | AW51: K/KR/S | BA51: KR1 | BG51: R Makan | BH51: Rg Keluarga | BI51: Hidup | BJ51: J2 | BK51: J1
A52: =DP_SILVI!A57 -> 5 | B52: =DP_SILVI!B57 -> MK2 | C52: =DP_SILVI!C57 -> Makan pagi | F52: Ya | G52: 100 | H52: 40 | I52: S1 | M52: L7/ L4/ L5 | N52: Ya | O52: 25 | P52: 27 | Q52: S2 | U52: /PJ1 | V52: Ya | W52: Bahan Bacaan | X52: Hidup | Y52: B2 | AC52: 0 | AD52: Tidak | AE52: 0 | AF52: 0 | AG52: 0 | AK52: 0 | AL52: Ya | AM52: Tempat Tidur | AN52: Mati | AO52: T4 | AS52: TD2 | AT52: Ya | AU52: Kursi/Karpet/Sofa | AV52: Mati | AW52: K/KR/S | BA52: S05 | BG52: Rg Tidur 2 | BH52: Rg Tamu | BI52: Hidup | BJ52: J2 | BK52: J1
A53: =DP_SILVI!A58 -> 6 | B53: =DP_SILVI!B58 -> TDS | C53: =DP_SILVI!C58 -> Tidur siang | F53: Ya | G53: 100 | H53: 40 | I53: S1 | M53: L4/ L5/ L2 | N53: Ya | O53: 25 | P53: 27 | Q53: S2 | U53: PJ1 | V53: Tidak | W53: 0 | X53: 0 | Y53: 0 | AC53: 0 | AD53: Tidak | AE53: 0 | AF53: 0 | AG53: 0 | AK53: 0 | AL53: Ya | AM53: Kursi/Karpet/Sofa | AN53: Mati | AO53: K/KR/S | AS53: S05 | AT53: Tidak | AU53: 0 | AV53: 0 | AW53: 0 | BA53: 0 | BG53: Rg Tamu | BH53: Teras | BI53: Hidup | BJ53: J2 | BK53: J1
A54: =DP_SILVI!A59 -> 7 | B54: =DP_SILVI!B59 -> MK3 | C54: =DP_SILVI!C59 -> Menyuapi anak makan siang | F54: Ya | G54: 100 | H54: 40 | I54: S1 | M54: L4/ L5/ L7 | N54: Ya | O54: 25 | P54: 27 | Q54: S2 | U54: PJ1 | V54: Tidak | W54: 0 | X54: 0 | Y54: 0 | AC54: 0 | AD54: Tidak | AE54: 0 | AF54: 0 | AG54: 0 | AK54: 0 | AL54: Ya | AM54: Kursi/Karpet/Sofa | AN54: Mati | AO54: K/KR/S | AS54: S05 | AT54: Ya | AU54: Tempat Tidur | AV54: Mati | AW54: T2 | BA54: TD2 | BG54: Rg Tamu | BH54: Rg Tidur 2 | BI54: Hidup | BJ54: J2 | BK54: J1
A55: =DP_SILVI!A60 -> 8 | B55: =DP_SILVI!B60 -> MK4 | C55: =DP_SILVI!C60 -> Makan siang | F55: Ya | G55: 100 | H55: 40 | I55: S1 | M55: L17 | N55: Ya | O55: 25 | P55: 27 | Q55: S2 | V55: Tidak | W55: 0 | X55: 0 | Y55: 0 | AC55: 0 | AD55: Tidak | AE55: 0 | AF55: 0 | AG55: 0 | AK55: 0 | AL55: Ya | AM55: Tempat Tidur | AN55: Mati | AO55: T2 | AS55: TD1 | AT55: Ya | AU55: Tempat Tidur | AV55: Mati | AW55: T2 | BA55: TD2 | BG55: Rg Tidur Utama | BH55: Rg Tidur 2 | BI55: Hidup | BJ55: J2 | BK55: J1
A56: =DP_SILVI!A61 -> 9 | B56: =DP_SILVI!B61 -> MD2 | C56: =DP_SILVI!C61 -> Mandi di sore hari | F56: Ya | G56: 100 | H56: 40 | I56: S1 | M56: L11/ L6 | N56: Ya | O56: 25 | P56: 27 | Q56: S2 | U56: J12/ PJ1 | V56: Ya | W56: Makanan | X56: Hidup | Y56: G5 | AC56: RC02 | AD56: Tidak | AE56: 0 | AF56: 0 | AG56: 0 | AK56: 0 | AL56: Ya | AM56: Kursi/Karpet/Sofa | AN56: Mati | AO56: K/KR/S | AS56: K01 | AT56: Ya | AU56: Kursi/Karpet/Sofa | AV56: Mati | AW56: K/KR/S | BA56: KR1 | BG56: R Makan | BH56: Rg Keluarga | BI56: Hidup | BJ56: J2 | BK56: J1
A57: =DP_SILVI!A62 -> 10 | B57: =DP_SILVI!B62 -> MA2 | C57: =DP_SILVI!C62 -> Memandikan anak di sore hari | F57: Ya | G57: 100 | H57: 40 | I57: S1 | M57: L10 | N57: Tidak | O57: 0 | P57: 0 | Q57: 0 | U57: 0 | V57: Ya | W57: Air | X57: Hidup | Y57: O1 | AC57: WT03 | AD57: Tidak | AE57: 0 | AF57: 0 | AG57: 0 | AK57: 0 | AL57: Ya | AM57: Pintu | AN57: Mati | AO57: G2 | AS57: P8 | AT57: Tidak | AU57: 0 | AV57: 0 | AW57: 0 | BA57: 0 | BG57: KM | BI57: Hidup | BJ57: J2 | BK57: J1
A58: =DP_SILVI!A63 -> 11 | B58: =DP_SILVI!B63 -> CP1 | C58: =DP_SILVI!C63 -> Meletakkan pakaian kotor sebelum mandi | F58: Ya | G58: 100 | H58: 40 | I58: S1 | M58: L13 | N58: Tidak | O58: 0 | P58: 0 | Q58: 0 | U58: 0 | V58: Tidak | W58: 0 | X58: 0 | Y58: 0 | AC58: 0 | AD58: Tidak | AE58: 0 | AF58: 0 | AG58: 0 | AK58: 0 | AL58: Ya | AM58: Pintu | AN58: Mati | AO58: G2 | AS58: P11 | AT58: Tidak | AU58: 0 | AV58: 0 | AW58: 0 | BA58: 0 | BG58: R cuci | BI58: Hidup | BJ58: J2 | BK58: J1
A59: =DP_SILVI!A64 -> 12 | B59: =DP_SILVI!B64 -> CP2 | C59: =DP_SILVI!C64 -> Meletakkan pakaian kotor setelah mandi | F59: Ya | G59: 100 | H59: 40 | I59: S1 | M59: L7 | N59: Tidak | O59: 0 | P59: 0 | Q59: 0 | U59: 0 | V59: Tidak | W59: 0 | X59: 0 | Y59: 0 | AC59: 0 | AD59: Tidak | AE59: 0 | AF59: 0 | AG59: 0 | AK59: 0 | AL59: Ya | AM59: Pintu | AN59: Mati | AO59: G2 | AS59: P5 | AT59: Tidak | AU59: 0 | AV59: 0 | AW59: 0 | BA59: 0 | BG59: R cuci | BI59: Hidup | BJ59: J2 | BK59: J1
A60: =DP_SILVI!A65 -> 13 | B60: =DP_SILVI!B65 -> CP3 | C60: =DP_SILVI!C65 -> Mengambil pakaian bersih sebelum mandi | F60: Ya | G60: 100 | H60: 40 | I60: S1 | M60: L11/ L6 | N60: Tidak | O60: 0 | P60: 0 | Q60: 0 | U60: 0 | V60: Ya | W60: Listrik | X60: Hidup | Y60: L2 | AC60: RC02 | AD60: Tidak | AE60: 0 | AF60: 0 | AG60: 0 | AK60: 0 | AL60: Ya | AM60: Kursi/Karpet/Sofa | AN60: Mati | AO60: K/KR/S | AS60: K01 | AT60: Tidak | AU60: 0 | AV60: 0 | AW60: 0 | BA60: 0 | BG60: R Makan | BI60: Hidup | BJ60: J2 | BK60: J1
A61: =DP_SILVI!A66 -> 14 | B61: =DP_SILVI!B66 -> CP4 | C61: =DP_SILVI!C66 -> Mengambil pakaian bersih setelah mandi | F61: Ya | G61: 100 | H61: 40 | I61: S1 | M61: L7 | N61: Ya | O61: 25 | P61: 27 | Q61: S2 | V61: Tidak | W61: 0 | X61: 0 | Y61: 0 | AC61: 0 | AD61: Tidak | AE61: 0 | AF61: 0 | AG61: 0 | AK61: 0 | AL61: Ya | AM61: Pintu | AN61: Mati | AO61: G2 | AS61: P4 | AT61: Tidak | AU61: 0 | AV61: 0 | AW61: 0 | BA61: 0 | BG61: Rg Tidur Utama | BI61: Hidup | BJ61: J2 | BK61: J1
A62: =DP_SILVI!A67 -> 15 | B62: =DP_SILVI!B67 -> MK6 | C62: =DP_SILVI!C67 -> Makan malam | F62: Ya | G62: 100 | H62: 40 | I62: S1 | M62: L6 | N62: Ya | O62: 25 | P62: 27 | Q62: S2 | U62: KP01 | V62: Tidak | W62: 0 | X62: 0 | Y62: 0 | AC62: 0 | AD62: Tidak | AE62: 0 | AF62: 0 | AG62: 0 | AK62: 0 | AL62: Ya | AM62: Kursi/Karpet/Sofa | AN62: Mati | AO62: K/KR/S | AS62: KR01 | AT62: Tidak | AU62: 0 | AV62: 0 | AW62: 0 | BA62: 0 | BG62: Rg Keluarga | BI62: Hidup | BJ62: J2 | BK62: J1
A63: =DP_SILVI!A68 -> 16 | B63: =DP_SILVI!B68 -> MK5 | C63: =DP_SILVI!C68 -> Menyuapi anak makan malam | F63: Ya | G63: 100 | H63: 40 | I63: S1 | M63: L6/ L7 | N63: Ya | O63: 25 | P63: 27 | Q63: S2 | U63: KP01/ | V63: Tidak | W63: 0 | X63: 0 | Y63: 0 | AC63: 0 | AD63: Tidak | AE63: 0 | AF63: 0 | AG63: 0 | AK63: 0 | AL63: Ya | AM63: Kursi/Karpet/Sofa | AN63: Mati | AO63: K/KR/S | AS63: KR01 | AT63: Ya | AU63: Tempat Tidur | AV63: Mati | AW63: T2 | BA63: TD2 | BG63: Rg Keluarga | BH63: Rg Tidur 2 | BI63: Hidup | BJ63: J2 | BK63: J1
A64: =DP_SILVI!A69 -> 17 | B64: =DP_SILVI!B69 -> BP | C64: =DP_SILVI!C69 -> Berpakaian dan berdandan (berkaca/sisir/makeup/perawatan) | F64: Ya | G64: 100 | H64: 40 | I64: S1 | M64: L6/ L4/ L5 | N64: Ya | O64: 25 | P64: 27 | Q64: S2 | U64: KP01/ PJ1 | V64: Tidak | W64: 0 | X64: 0 | Y64: 0 | AC64: 0 | AD64: Tidak | AE64: 0 | AF64: 0 | AG64: 0 | AK64: 0 | AL64: Ya | AM64: Kursi/Karpet/Sofa | AN64: Mati | AO64: K/KR/S | AS64: KR01 | AT64: Ya | AU64: Kursi/Karpet/Sofa | AV64: Mati | AW64: K/KR/S | BA64: S05 | BG64: Rg Keluarga | BH64: Rg Tamu | BI64: Hidup | BJ64: J2 | BK64: J1
A65: =DP_SILVI!A70 -> 18 | B65: =DP_SILVI!B70 -> TDM | C65: =DP_SILVI!C70 -> Tidur malam | F65: Ya | G65: 100 | H65: 40 | I65: S1 | M65: L17 | N65: Ya | O65: 25 | P65: 27 | Q65: S2 | V65: Tidak | W65: 0 | X65: 0 | Y65: 0 | AC65: 0 | AD65: Tidak | AE65: 0 | AF65: 0 | AG65: 0 | AK65: 0 | AL65: Ya | AM65: Tempat Tidur | AN65: Mati | AO65: T2 | AS65: TD1 | AT65: Ya | AU65: Tempat Tidur | AV65: Mati | AW65: T2 | BA65: TD2 | BG65: Rg Tidur Utama | BH65: Rg Tidur 2 | BI65: Hidup | BJ65: J2 | BK65: J1
A66: =DP_SILVI!A71 -> 19 | B66: =DP_SILVI!B71 -> TD | C66: =DP_SILVI!C71 -> Tidur (diluar waktu tidur malam & siang) | F66: Ya | G66: 100 | H66: 40 | I66: S1 | M66: L17 | N66: Ya | O66: 25 | P66: 27 | Q66: S2 | V66: Tidak | W66: 0 | X66: 0 | Y66: 0 | AC66: 0 | AD66: Tidak | AE66: 0 | AF66: 0 | AG66: 0 | AK66: 0 | AL66: Ya | AM66: Tempat Tidur | AN66: Mati | AO66: T2 | AS66: TD1 | AT66: Ya | AU66: Tempat Tidur | AV66: Mati | AW66: T2 | BA66: TD3 | BG66: Rg Tidur Utama | BH66: Rg Tidur 3 | BI66: Hidup | BJ66: J2 | BK66: J1
A67: =DP_SILVI!A72 -> 20 | B67: =DP_SILVI!B72 -> TO | C67: =DP_SILVI!C72 -> Toilet (hanya BAK/BAB) | F67: Ya | G67: 100 | H67: 40 | I67: S1 | M67: L10 | N67: Tidak | O67: 0 | P67: 0 | Q67: 0 | U67: 0 | V67: Ya | W67: Air | X67: Hidup | Y67: O1 | AC67: WT03 | AD67: Tidak | AE67: 0 | AF67: 0 | AG67: 0 | AK67: 0 | AL67: Ya | AM67: Pintu | AN67: Mati | AO67: G2 | AS67: P8 | AT67: Tidak | AU67: 0 | AV67: 0 | AW67: 0 | BA67: 0 | BG67: KM | BI67: Hidup | BJ67: J2 | BK67: J1
A68: =DP_SILVI!A73 -> 21 | B68: =DP_SILVI!B73 -> MD | C68: =DP_SILVI!C73 -> Mandi (diluar waktu mandi pagi dan sore) | F68: Ya | G68: 100 | H68: 40 | I68: S1 | M68: L10 | N68: Tidak | O68: 0 | P68: 0 | Q68: 0 | U68: 0 | V68: Ya | W68: Air | X68: Hidup | Y68: O1 | AC68: WT03 | AD68: Ya | AE68: Air | AF68: Hidup | AG68: O1 | AL68: Ya | AM68: Pintu | AN68: Mati | AO68: G2 | AS68: P8 | AT68: Tidak | AU68: 0 | AV68: 0 | AW68: 0 | BA68: 0 | BG68: KM | BH68: Rg Tidur 2 | BI68: Hidup | BJ68: J2 | BK68: J1
A69: =DP_SILVI!A74 -> 22 | B69: =DP_SILVI!B74 -> MK | C69: =DP_SILVI!C74 -> Makan (diluar waktu makan pagi, siang, malam) | F69: Ya | G69: 100 | H69: 40 | I69: S1 | M69: L6/ L4/ L5 | N69: Ya | O69: 25 | P69: 27 | Q69: S2 | U69: J12/ PJ1 | V69: Ya | W69: Makanan | X69: Hidup | Y69: G5 | AC69: RC02 | AD69: Tidak | AE69: 0 | AF69: 0 | AG69: 0 | AK69: 0 | AL69: Ya | AM69: Kursi/Karpet/Sofa | AN69: Mati | AO69: K/KR/S | AS69: K01 | AT69: Ya | AU69: Kursi/Karpet/Sofa | AV69: Mati | AW69: K/KR/S | BA69: S05 | BG69: Rg Keluarga | BH69: Rg Tamu | BI69: Hidup | BJ69: J2 | BK69: J1
A70: =DP_SILVI!A75 -> 23 | B70: =DP_SILVI!B75 -> MN1 | C70: =DP_SILVI!C75 -> Minum setelah makan pagi | F70: Ya | G70: 100 | H70: 40 | I70: S1 | M70: L12/ L11 | N70: Ya | O70: 25 | P70: 27 | Q70: S2 | U70: J12 | V70: Ya | W70: Listrik | X70: Hidup | Y70: L2 | AC70: DP01 | AD70: Ya | AE70: Air | AF70: Hidup | AG70: O1 | AL70: Ya | AM70: Kursi/Karpet/Sofa | AN70: Mati | AO70: K/KR/S | AS70: K01 | AT70: Tidak | AU70: 0 | AV70: 0 | AW70: 0 | BA70: 0 | BG70: Dapur | BH70: R Makan | BI70: Hidup | BJ70: J2 | BK70: J1
A71: =DP_SILVI!A76 -> 24 | B71: =DP_SILVI!B76 -> MN2 | C71: =DP_SILVI!C76 -> Minum setelah makan siang | F71: Ya | G71: 100 | H71: 40 | I71: S1 | M71: L12/ L11 | N71: Ya | O71: 25 | P71: 27 | Q71: S2 | U71: J12 | V71: Ya | W71: Listrik | X71: Hidup | Y71: L2 | AC71: DP01 | AD71: Ya | AE71: Air | AF71: Hidup | AG71: O2 | AL71: Ya | AM71: Kursi/Karpet/Sofa | AN71: Mati | AO71: K/KR/S | AS71: K01 | AT71: Tidak | AU71: 0 | AV71: 0 | AW71: 0 | BA71: 0 | BG71: Dapur | BH71: R Makan | BI71: Hidup | BJ71: J2 | BK71: J1
A72: =DP_SILVI!A77 -> 25 | B72: =DP_SILVI!B77 -> MN3 | C72: =DP_SILVI!C77 -> Minum setelah makan malam | F72: Ya | G72: 100 | H72: 40 | I72: S1 | M72: L12/ L11 | N72: Ya | O72: 25 | P72: 27 | Q72: S2 | U72: J12 | V72: Ya | W72: Listrik | X72: Hidup | Y72: L2 | AC72: DP01 | AD72: Ya | AE72: Air | AF72: Hidup | AG72: O3 | AL72: Ya | AM72: Kursi/Karpet/Sofa | AN72: Mati | AO72: K/KR/S | AS72: K01 | AT72: Tidak | AU72: 0 | AV72: 0 | AW72: 0 | BA72: 0 | BG72: Dapur | BH72: R Makan | BI72: Hidup | BJ72: J2 | BK72: J1
A73: =DP_SILVI!A78 -> 26 | B73: =DP_SILVI!B78 -> MN4 | C73: =DP_SILVI!C78 -> Minum (diluar waktu makan pagi, siang, malam) | F73: Ya | G73: 100 | H73: 40 | I73: S1 | M73: L12/ L11 | N73: Ya | O73: 25 | P73: 27 | Q73: S2 | U73: J12 | V73: Ya | W73: Listrik | X73: Hidup | Y73: L2 | AC73: DP01 | AD73: Ya | AE73: Air | AF73: Hidup | AG73: O4 | AL73: Ya | AM73: Kursi/Karpet/Sofa | AN73: Mati | AO73: K/KR/S | AS73: K01 | AT73: Tidak | AU73: 0 | AV73: 0 | AW73: 0 | BA73: 0 | BG73: Dapur | BH73: R Makan | BI73: Hidup | BJ73: J2 | BK73: J1
A74: =DP_SILVI!A79 -> 27 | B74: =DP_SILVI!B79 -> BS | C74: =DP_SILVI!C79 -> Bersantai (waktu ditentukan responden) | F74: Ya | G74: 100 | H74: 40 | I74: S1 | M74: L6/ L4/ L5 | N74: Ya | O74: 25 | P74: 27 | Q74: S2 | U74: KP01/ PJ1 | V74: Tidak | W74: 0 | X74: 0 | Y74: 0 | AC74: 0 | AD74: Tidak | AE74: 0 | AF74: 0 | AG74: 0 | AK74: 0 | AL74: Ya | AM74: Kursi/Karpet/Sofa | AN74: Mati | AO74: K/KR/S | AS74: KR01 | AT74: Ya | AU74: Kursi/Karpet/Sofa | AV74: Mati | AW74: K/KR/S | BA74: S05 | BG74: Rg Keluarga | BH74: Rg Tamu | BI74: Hidup | BJ74: J2 | BK74: J1
A75: =DP_SILVI!A80 -> 28 | B75: =DP_SILVI!B80 -> GD1 | C75: =DP_SILVI!C80 -> Mengisi ulang daya gadget | F75: Ya | G75: 100 | H75: 40 | I75: S1 | M75: L6/ L4/ L5 | N75: Ya | O75: 25 | P75: 27 | Q75: S2 | U75: KP01/ PJ1 | V75: Tidak | W75: 0 | X75: 0 | Y75: 0 | AC75: 0 | AD75: Tidak | AE75: 0 | AF75: 0 | AG75: 0 | AK75: 0 | AL75: Ya | AM75: Kursi/Karpet/Sofa | AN75: Mati | AO75: K/KR/S | AS75: KR01 | AT75: Ya | AU75: Kursi/Karpet/Sofa | AV75: Mati | AW75: K/KR/S | BA75: S05 | BG75: Rg Keluarga | BH75: Rg Tamu | BI75: Hidup | BJ75: J2 | BK75: J1
A76: =DP_SILVI!A81 -> 29 | B76: =DP_SILVI!B81 -> GD2 | C76: =DP_SILVI!C81 -> Mengoperasikan gadget | F76: Ya | G76: 100 | H76: 40 | I76: S1 | M76: L6/ L7 | N76: Ya | O76: 25 | P76: 27 | Q76: S2 | U76: KP01 | V76: Ya | W76: Listrik | X76: Mati | Y76: L2 | AD76: Tidak | AE76: 0 | AF76: 0 | AG76: 0 | AK76: 0 | AL76: Ya | AM76: Kursi/Karpet/Sofa | AN76: Mati | AO76: K/KR/S | AS76: KR01 | AT76: Ya | AU76: Tempat Tidur | AV76: Mati | AW76: T2 | BA76: TD2 | BG76: Rg Keluarga | BH76: Rg Tidur 2 | BI76: Hidup | BJ76: J2 | BK76: J1
A77: =DP_SILVI!A82 -> 30 | B77: =DP_SILVI!B82 -> TV | C77: =DP_SILVI!C82 -> Menonton TV (waktu ditentukan responden) | F77: Ya | G77: 100 | H77: 40 | I77: S1 | M77: L6 | N77: Ya | O77: 25 | P77: 27 | Q77: S2 | U77: KP01 | V77: Ya | W77: Listrik | X77: Mati | Y77: L2 | AC77: TV1 | AD77: Tidak | AE77: 0 | AF77: 0 | AG77: 0 | AK77: 0 | AL77: Ya | AM77: Kursi/Karpet/Sofa | AN77: Mati | AO77: K/KR/S | AS77: KR01 | AT77: Ya | AU77: Tempat Tidur | AV77: Mati | AW77: T2 | BA77: TD2 | BG77: Rg Keluarga | BH77: Rg Tidur 2 | BI77: Hidup | BJ77: J2 | BK77: J1
A78: =DP_SILVI!A83 -> 31 | B78: =DP_SILVI!B83 -> BM1 | C78: =DP_SILVI!C83 -> Mengawasi anak/adik bermain (waktu ditentukan responden) | F78: Ya | G78: 100 | H78: 40 | I78: S1 | M78: L6/ L7 | N78: Ya | O78: 25 | P78: 27 | Q78: S2 | U78: KP01 | V78: Tidak | W78: 0 | X78: 0 | Y78: 0 | AC78: 0 | AD78: Tidak | AE78: 0 | AF78: 0 | AG78: 0 | AK78: 0 | AL78: Ya | AM78: Kursi/Karpet/Sofa | AN78: Mati | AO78: K/KR/S | AS78: KR01 | AT78: Ya | AU78: Tempat Tidur | AV78: Mati | AW78: T2 | BA78: TD2 | BG78: Rg Keluarga | BH78: Rg Tidur 2 | BI78: Hidup | BJ78: J2 | BK78: J1
A79: =DP_SILVI!A84 -> 32 | B79: =DP_SILVI!B84 -> BM2 | C79: =DP_SILVI!C84 -> Bermain (waktu ditentukan responden) | F79: Ya | G79: 100 | H79: 40 | I79: S1 | M79: L4/ L5/ L6 | N79: Ya | O79: 25 | P79: 27 | Q79: S2 | U79: PJ1/ KP01 | V79: Tidak | W79: 0 | X79: 0 | Y79: 0 | AC79: 0 | AD79: Tidak | AE79: 0 | AF79: 0 | AG79: 0 | AK79: 0 | AL79: Ya | AM79: Kursi/Karpet/Sofa | AN79: Mati | AO79: K/KR/S | AS79: S05 | AT79: Ya | AU79: Kursi/Karpet/Sofa | AV79: Mati | AW79: K/KR/S | BA79: KR1 | BG79: Rg Tamu | BH79: Rg Keluarga | BI79: Hidup | BJ79: J2 | BK79: J1
A80: =DP_SILVI!A85 -> 33 | B80: =DP_SILVI!B85 -> MT | C80: =DP_SILVI!C85 -> Menerima tamu (insidensial atau ada waktu rutin>menjadi kebiasaan) | F80: Ya | G80: 100 | H80: 40 | I80: S1 | M80: L4/ L5 | N80: Ya | O80: 25 | P80: 27 | Q80: S2 | U80: PJ1 | V80: Tidak | W80: 0 | X80: 0 | Y80: 0 | AC80: 0 | AD80: Tidak | AE80: 0 | AF80: 0 | AG80: 0 | AK80: 0 | AL80: Ya | AM80: Kursi/Karpet/Sofa | AN80: Mati | AO80: K/KR/S | AS80: S05 | AT80: Ya | AU80: Kursi/Karpet/Sofa | AV80: Mati | AW80: K/KR/S | BG80: Rg Tamu | BI80: Hidup | BJ80: J2 | BK80: J1
A82: SYARAT IBU_PAULA
A83: NO | B83: KODE | C83: AKTIVITAS | D83: Peluang Dilakukan | E83: Tingkat Kemampuan Minimal | F83: FAKTOR FISIK LINGKUNGAN | V83: FAKTOR SUMBER DAYA | AL83: FAKTOR RUANG | BG83: RUANG UNTUK AKTIVITAS
V84: Air/Listrik/Gas/Makanan/Bahan Makanan/Bahan Bacaan | AL84: Kursi/Sofa/Karpet/Pintu/Tempat Tidur/Alat Kebersihan/ Alat Berkebun | BG84: Ruang Alternatif 1 | BH84: Ruang Alternatif 2 | BI84: Kondisi Ruang Alt 1 | BJ84: Jika Hidup Pilih | BK84: Jika Mati Pilih
F85: F1 Cahaya | N85: F2 Suhu | V85: R1 | AD85: R2 | AL85: D1 | AT85: D2 | BB85: D3
F86: Ya / Tidak | G86: Batas | H86: Kondisi Terkini | I86: Aktivitas Pendukung Sebelum | J86: Peluang Dilakukan | K86: Aktivitas Pendukung Setelah | L86: Peluang Dilakukan | M86: Obyek Lampu | N86: Ya / Tidak | O86: Batas | P86: Kondisi Terkini | Q86: Aktivitas Pendukung Sebelum | R86: Peluang Dilakukan | S86: Aktivitas Pendukung Setelah | T86: Peluang Dilakukan | U86: Obyek Pengatur Suhu Ruang | V86: Ya / Tidak | W86: Komponen | X86: Kondisi Terkini | Y86: Aktivitas Pendukung Sebelum | Z86: Peluang Dilakukan | AA86: Aktivitas Pendukung Setelah | AB86: Peluang Dilakukan | AC86: Obyek Lingkungan | AD86: Ya / Tidak | AE86: Komponen | AF86: Kondisi Terkini | AG86: Aktivitas Pendukung Sebelum | AH86: Peluang Dilakukan | AI86: Aktivitas Pendukung Setelah | AJ86: Peluang Dilakukan | AK86: Obyek Lingkungan | AL86: Ya / Tidak | AM86: Komponen | AN86: Kondisi Terkini | AO86: Aktivitas Pendukung Sebelum | AP86: Peluang Dilakukan | AQ86: Aktivitas Pendukung Setelah | AR86: Peluang Dilakukan | AS86: Obyek Lingkungan | AT86: Ya / Tidak | AU86: Komponen | AV86: Kondisi Terkini | AW86: Aktivitas Pendukung Sebelum | AX86: Peluang Dilakukan | AY86: Aktivitas Pendukung Setelah | AZ86: Peluang Dilakukan | BA86: Obyek Lingkungan | BB86: Ya / Tidak | BC86: Komponen | BD86: Kondisi Terkini | BE86: Jika Komponen Mati Pilih | BF86: Alat
A87: =DP_SILVI!A100 -> 1 | B87: =DP_SILVI!B100 -> BT | C87: =DP_SILVI!C100 -> Bangun tidur di pagi hari | F87: Tidak | G87: 0 | H87: 0 | I87: 0 | M87: 0 | N87: Tidak | O87: 0 | P87: 0 | Q87: 0 | U87: 0 | V87: Tidak | W87: 0 | X87: 0 | Y87: 0 | AC87: 0 | AD87: Tidak | AE87: 0 | AF87: 0 | AG87: 0 | AK87: 0 | AL87: Ya | AM87: Tempat Tidur | AN87: Mati | AO87: T4 | AS87: TD1 | AT87: Tidak | AU87: 0 | AV87: 0 | AW87: 0 | BA87: 0 | BB87: 0 | BF87: 0 | BG87: Ruang Tidur Utama | BH87: 0 | BI87: Hidup | BJ87: J2 | BK87: J1
A88: =DP_SILVI!A101 -> 2 | B88: =DP_SILVI!B101 -> M1A | C88: =DP_SILVI!C101 -> Membersihkan Teras A | F88: Ya | G88: 100 | H88: 40 | I88: S1 | M88: L18 | N88: Tidak | O88: 0 | P88: 0 | Q88: 0 | U88: 0 | V88: Tidak | W88: 0 | X88: 0 | Y88: 0 | AC88: 0 | AD88: Tidak | AE88: 0 | AF88: 0 | AG88: 0 | AK88: 0 | AL88: Ya | AM88: Tempat Tidur | AN88: Mati | AO88: T4 | AS88: TD1 | AT88: Tidak | AU88: 0 | AV88: 0 | AW88: 0 | BA88: 0 | BB88: 0 | BF88: 0 | BG88: Ruang Tidur Utama | BH88: 0 | BI88: Hidup | BJ88: J2 | BK88: J1
A89: =DP_SILVI!A102 -> 3 | B89: =DP_SILVI!B102 -> M1B | C89: =DP_SILVI!C102 -> Membersihkan Teras B | F89: Ya | G89: 100 | H89: 40 | I89: S1 | M89: L13/ L2 | N89: Tidak | O89: 0 | P89: 0 | Q89: 0 | U89: 0 | V89: Tidak | W89: 0 | X89: 0 | Y89: 0 | AC89: 0 | AD89: Tidak | AE89: 0 | AF89: 0 | AG89: 0 | AK89: 0 | AL89: Ya | AM89: Pintu | AN89: Mati | AO89: G2 | AS89: P12 | AT89: Tidak | AU89: 0 | AV89: 0 | AW89: 0 | BA89: 0 | BB89: 0 | BF89: 0 | BG89: Dapur | BH89: Teras | BI89: Hidup | BJ89: J2 | BK89: J1
A90: =DP_SILVI!A103 -> 4 | B90: =DP_SILVI!B103 -> M3A | C90: =DP_SILVI!C103 -> Membersihkan Ruang Keluarga Depan | F90: Ya | G90: 100 | H90: 40 | I90: S1 | M90: L2 | N90: Tidak | O90: 0 | P90: 0 | Q90: 0 | U90: 0 | V90: Tidak | W90: 0 | X90: 0 | Y90: 0 | AC90: 0 | AD90: Tidak | AE90: 0 | AF90: 0 | AG90: 0 | AK90: 0 | AL90: Ya | AM90: Pintu | AN90: Mati | AO90: G2 | AS90: PJ1 | AT90: Ya | AU90: Alat Kebersihan | AV90: Mati | AW90: O8 | BA90: 0 | BB90: O8 | BF90: 0 | BG90: Teras | BH90: 0 | BI90: Hidup | BJ90: J2 | BK90: J1
A91: =DP_SILVI!A104 -> 5 | B91: =DP_SILVI!B104 -> M3B | C91: =DP_SILVI!C104 -> Membersihkan Ruang Keluarga Belakang | F91: Ya | G91: 100 | H91: 40 | I91: S1 | M91: L4/ L5 | N91: Tidak | O91: 0 | P91: 0 | Q91: 0 | U91: 0 | V91: Tidak | W91: 0 | X91: 0 | Y91: 0 | AC91: 0 | AD91: Tidak | AE91: 0 | AF91: 0 | AG91: 0 | AK91: 0 | AL91: Ya | AM91: Pintu | AN91: Mati | AO91: G2 | AS91: PJ1 | AT91: Ya | AU91: Alat Kebersihan | AV91: Mati | AW91: O8 | BA91: 0 | BB91: O8 | BF91: 0 | BG91: Ruang Tamu | BH91: 0 | BI91: Hidup | BJ91: J2 | BK91: J1
A92: =DP_SILVI!A105 -> 6 | B92: =DP_SILVI!B105 -> M4 | C92: =DP_SILVI!C105 -> Membersihkan Ruang Tidur Utama | F92: Ya | G92: 100 | H92: 40 | I92: S1 | M92: L6 | N92: Tidak | O92: 0 | P92: 0 | Q92: 0 | U92: 0 | V92: Tidak | W92: 0 | X92: 0 | Y92: 0 | AC92: 0 | AD92: Tidak | AE92: 0 | AF92: 0 | AG92: 0 | AK92: 0 | AL92: Ya | AM92: Alat Kebersihan | AN92: Mati | AO92: O8 | AS92: 0 | AT92: Tidak | AU92: 0 | AV92: 0 | AW92: 0 | BA92: 0 | BB92: 0 | BF92: 0 | BG92: Ruang Keluarga | BH92: 0 | BI92: Hidup | BJ92: J2 | BK92: J1
A93: =DP_SILVI!A106 -> 7 | B93: =DP_SILVI!B106 -> M5A | C93: =DP_SILVI!C106 -> Membersihkan Ruang Tidur Anak 1 | F93: Ya | G93: 100 | H93: 40 | I93: S1 | M93: L3 | N93: Tidak | O93: 0 | P93: 0 | Q93: 0 | U93: 0 | V93: Tidak | W93: 0 | X93: 0 | Y93: 0 | AC93: 0 | AD93: Tidak | AE93: 0 | AF93: 0 | AG93: 0 | AK93: 0 | AL93: Ya | AM93: Pintu | AN93: Mati | AO93: G2 | AS93: P4 | AT93: Ya | AU93: Alat Kebersihan | AV93: Mati | AW93: O8 | BA93: 0 | BB93: O8 | BF93: 0 | BG93: RT Utama | BH93: 0 | BI93: Hidup | BJ93: J2 | BK93: J1
A94: =DP_SILVI!A107 -> 8 | B94: =DP_SILVI!B107 -> M5B | C94: =DP_SILVI!C107 -> Membersihkan Ruang Tidur Anak 2 | F94: Ya | G94: 100 | H94: 40 | I94: S1 | M94: L7 | N94: Tidak | O94: 0 | P94: 0 | Q94: 0 | U94: 0 | V94: Tidak | W94: 0 | X94: 0 | Y94: 0 | AC94: 0 | AD94: Tidak | AE94: 0 | AF94: 0 | AG94: 0 | AK94: 0 | AL94: Ya | AM94: Pintu | AN94: Mati | AO94: G2 | AS94: P5 | AT94: Ya | AU94: Alat Kebersihan | AV94: Mati | AW94: O8 | BA94: 0 | BB94: O8 | BF94: 0 | BG94: RT Anak | BH94: 0 | BI94: Hidup | BJ94: J2 | BK94: J1
A95: =DP_SILVI!A108 -> 9 | B95: =DP_SILVI!B108 -> M5C | C95: =DP_SILVI!C108 -> Membersihkan Ruang Tidur Anak 3 | F95: Ya | G95: 100 | H95: 40 | I95: S1 | M95: L8 | N95: Tidak | O95: 0 | P95: 0 | Q95: 0 | U95: 0 | V95: Tidak | W95: 0 | X95: 0 | Y95: 0 | AC95: 0 | AD95: Tidak | AE95: 0 | AF95: 0 | AG95: 0 | AK95: 0 | AL95: Ya | AM95: Pintu | AN95: Mati | AO95: G2 | AS95: P6 | AT95: Ya | AU95: Alat Kebersihan | AV95: Mati | AW95: O8 | BA95: 0 | BB95: O8 | BF95: 0 | BG95: RT Nenek | BH95: 0 | BI95: Hidup | BJ95: J2 | BK95: J1
A96: =DP_SILVI!A109 -> 10 | B96: =DP_SILVI!B109 -> M6 | C96: =DP_SILVI!C109 -> Membersihkan Ruang Tidur Tamu | F96: Ya | G96: 100 | H96: 40 | I96: S1 | M96: L12/ L14 | N96: Tidak | O96: 0 | P96: 0 | Q96: 0 | U96: 0 | V96: Tidak | W96: 0 | X96: 0 | Y96: 0 | AC96: 0 | AD96: Tidak | AE96: 0 | AF96: 0 | AG96: 0 | AK96: 0 | AL96: Ya | AM96: Alat Kebersihan | AN96: Mati | AO96: O8 | AS96: 0 | AT96: Tidak | AU96: 0 | AV96: 0 | AW96: 0 | BA96: 0 | BB96: 0 | BF96: 0 | BG96: Dapur | BH96: 0 | BI96: Hidup | BJ96: J2 | BK96: J1
A97: =DP_SILVI!A110 -> 11 | B97: =DP_SILVI!B110 -> M7 | C97: =DP_SILVI!C110 -> Membersihkan dapur | F97: Ya | G97: 100 | H97: 40 | I97: S1 | M97: L11 | N97: Tidak | O97: 0 | P97: 0 | Q97: 0 | U97: 0 | V97: Tidak | W97: 0 | X97: 0 | Y97: 0 | AC97: 0 | AD97: Tidak | AE97: 0 | AF97: 0 | AG97: 0 | AK97: 0 | AL97: Ya | AM97: Alat Kebersihan | AN97: Mati | AO97: O8 | AS97: 0 | AT97: Tidak | AU97: 0 | AV97: 0 | AW97: 0 | BA97: 0 | BB97: 0 | BF97: 0 | BG97: Ruang Makan | BH97: 0 | BI97: Hidup | BJ97: J2 | BK97: J1
A98: =DP_SILVI!A111 -> 12 | B98: =DP_SILVI!B111 -> M11A | C98: =DP_SILVI!C111 -> Membersihkan Kamar Mandi Kamar Utama | F98: Ya | G98: 100 | H98: 40 | I98: S1 | M98: L9 | N98: Tidak | O98: 0 | P98: 0 | Q98: 0 | U98: 0 | V98: Tidak | W98: 0 | X98: 0 | Y98: 0 | AC98: 0 | AD98: Tidak | AE98: 0 | AF98: 0 | AG98: 0 | AK98: 0 | AL98: Ya | AM98: Pintu | AN98: Mati | AO98: G2 | AS98: P12 | AT98: Ya | AU98: Alat Kebersihan | AV98: Mati | AW98: O8 | BA98: 0 | BB98: O8 | BF98: 0 | BG98: Gudang | BH98: 0 | BI98: Hidup | BJ98: J2 | BK98: J1
A99: =DP_SILVI!A112 -> 13 | B99: =DP_SILVI!B112 -> M11B | C99: =DP_SILVI!C112 -> Membersihkan Kamar Mandi Luar | F99: Ya | G99: 100 | H99: 40 | I99: S1 | M99: L13/ L15 | N99: Tidak | O99: 0 | P99: 0 | Q99: 0 | U99: 0 | V99: Ya | W99: Air | X99: Hidup | Y99: O1 | AC99: WT02 | AD99: Tidak | AE99: 0 | AF99: 0 | AG99: 0 | AK99: 0 | AL99: Ya | AM99: Pintu | AN99: Mati | AO99: G2 | AS99: P11 | AT99: Ya | AU99: Alat Kebersihan | AV99: Mati | AW99: O8 | BA99: 0 | BB99: O8 | BF99: 0 | BG99: Ruang Belakang | BH99: 0 | BI99: Hidup | BJ99: J2 | BK99: J1
A100: =DP_SILVI!A113 -> 14 | B100: =DP_SILVI!B113 -> M11C | C100: =DP_SILVI!C113 -> Membersihkan Kamar Mandi Kamar Anak 3 | F100: Ya | G100: 100 | H100: 40 | I100: S1 | M100: L10 | N100: Tidak | O100: 0 | P100: 0 | Q100: 0 | U100: 0 | V100: Ya | W100: Air | X100: Hidup | Y100: O1 | AC100: WT02 | AD100: Tidak | AE100: 0 | AF100: 0 | AG100: 0 | AK100: 0 | AL100: Ya | AM100: Pintu | AN100: Mati | AO100: G2 | AS100: P8 | AT100: Ya | AU100: Alat Kebersihan | AV100: Mati | AW100: O8 | BA100: 0 | BB100: O8 | BF100: 0 | BG100: KM | BH100: 0 | BI100: Hidup | BJ100: J2 | BK100: J1
A101: =DP_SILVI!A114 -> 15 | B101: =DP_SILVI!B114 -> M11D | C101: =DP_SILVI!C114 -> Membersihkan Kamar Mandi Kamar Tamu | F101: Ya | G101: 100 | H101: 40 | I101: S1 | M101: L10 | N101: Tidak | O101: 0 | P101: 0 | Q101: 0 | U101: 0 | V101: Ya | W101: Air | X101: Hidup | Y101: O1 | AC101: WT03 | AD101: Tidak | AE101: 0 | AF101: 0 | AG101: 0 | AK101: 0 | AL101: Ya | AM101: Pintu | AN101: Mati | AO101: G3 | AS101: P8 | AT101: Tidak | AU101: 0 | AV101: 0 | AW101: 0 | BA101: 0 | BB101: 0 | BF101: 0 | BG101: KM | BH101: 0 | BI101: Hidup | BJ101: J2 | BK101: J1
A102: =DP_SILVI!A115 -> 16 | B102: =DP_SILVI!B115 -> MD1 | C102: =DP_SILVI!C115 -> Mandi di pagi hari | F102: Ya | G102: 100 | H102: 40 | I102: S1 | M102: L10 | N102: Tidak | O102: 0 | P102: 0 | Q102: 0 | U102: 0 | V102: Ya | W102: Air | X102: Hidup | Y102: O1 | AC102: WT03 | AD102: Tidak | AE102: 0 | AF102: 0 | AG102: 0 | AK102: 0 | AL102: Ya | AM102: Pintu | AN102: Mati | AO102: G4 | AS102: P8 | AT102: Tidak | AU102: 0 | AV102: 0 | AW102: 0 | BA102: 0 | BB102: 0 | BF102: 0 | BG102: KM | BH102: 0 | BI102: Hidup | BJ102: J2 | BK102: J1
...

Sheet PENDUKUNG_ALL
A1: PENDUKUNG SEBELUM | H1: PENDUKUNG SETELAH
A2: No | B2: Kode | C2: Aktivitas | D2: Durasi | F2: Status Operasional | H2: No | I2: Kode | J2: Aktivitas | K2: Durasi | M2: Status Operasional
D3: Nilai | E3: Satuan | K3: Nilai | L3: Satuan
A4: 1 | B4: S1 | C4: Menghidupkan lampu | D4: 1 | E4: menit | F4: Hidup / Mati | H4: 1 | I4: S8 | J4: Mematikan lampu | K4: 1 | L4: menit | M4: Hidup / Mati
A5: 2 | B5: S2 | C5: Menghidupkan AC/kipas | D5: 5 | E5: menit | H5: 2 | I5: S9 | J5: Mematikan AC/kipas | K5: 5 | L5: menit
A6: 3 | B6: S3 | C6: Menghidupkan setrika | D6: 1 | E6: menit | H6: 3 | I6: S10 | J6: Mematikan setrika | K6: 1 | L6: menit
A7: 4 | B7: S4 | C7: Menghidupkan TV | D7: 1 | E7: menit | H7: 4 | I7: S11 | J7: Mematikan TV | K7: 1 | L7: menit
A8: 5 | B8: S5 | C8: Menghidupkan radio | D8: 1 | E8: menit | H8: 5 | I8: S12 | J8: Mematikan radio | K8: 1 | L8: menit
A9: 6 | B9: S6 | C9: Menghidupkan komputer/laptop | D9: 1 | E9: menit | H9: 6 | I9: S13 | J9: Mematikan komputer/laptop | K9: 1 | L9: menit
A10: 7 | B10: S7 | C10: Menghidupkan mesin cuci | D10: 30 | E10: menit | H10: 7 | I10: J3 | J10: Keluar dari ruang | K10: 1 | L10: menit
A11: 8 | B11: J1 | C11: Berjalan ke ruang | D11: 1 | E11: menit | H11: 8 | I11: O9 | J11: Mematikan kran air | K11: 1 | L11: menit
A12: 9 | B12: J2 | C12: Masuk ke ruang | D12: 1 | E12: menit | H12: 9 | I12: O10 | J12: Mematikan pompa air | K12: 1 | L12: menit
A13: 10 | B13: I1 | C13: Mengisi bahan bakar | D13: 5 | E13: menit | H13: 10 | I13: O11 | J13: Menyimpan peralatan berkebun | K13: 1 | L13: menit
A14: 11 | B14: O1 | C14: Menghidupkan kran air | D14: 1 | E14: menit | H14: 11 | I14: O12 | J14: Menyimpan peralatan kerja | K14: 1 | L14: menit
A15: 12 | B15: O2 | C15: Menghidupkan pompa air | D15: 1 | E15: menit | H15: 12 | I15: O13 | J15: Menyimpan peralatan les | K15: 1 | L15: menit
A16: 13 | B16: O3 | C16: Mengambil peralatan berkebun | D16: 1 | E16: menit | H16: 13 | I16: O14 | J16: Meletakkan pakaian kotor | K16: 1 | L16: menit
... A32: 29 | B32: Kr1 | C32: Duduk di karpet | D32: 1 | E32: menit | H32: 31 | I32: B4 | J32: Mematikan blender | K32: 1 | L32: menit
A33: 30 | B33: Kk1 | C33: Membuka kulkas | D33: 1 | E33: menit
A34: 31 | B34: T1 | C34: Membereskan Tempat Tidur | D34: 2 | E34: menit
A35: 32 | B35: T2 | C35: Berbaring di Tempat Tidur | D35: 3 | E35: menit
A36: 33 | B36: B1 | C36: Berangkat belanja | D36: 10 | E36: menit
A37: 34 | B37: B3 | C37: Menghidupkan blender | D37: 1 | E37: menit
A38: 35 | B38: L1 | C38: Mematikan peralatan listrik | D38: 3 | E38: menit
A39: 36 | B39: L2 | C39: Menghidupkan peralatan listrik | D39: 3 | E39: menit
A40: 37 | B40: A1 | C40: Mengambil air masak/minum | D40: 3 | E40: menit
A41: 38 | B41: B1 | C41: Mengambil bahan bacaan | D41: 1 | E41: menit
